drug1,drug2,cell,label
Amifostine,Anastrozole,HS 578T,0
Amifostine,Anastrozole,HT29,0
Amifostine,Anastrozole,IGROV1,0
Amifostine,Anastrozole,MCF7,0
Amifostine,Anastrozole,NCI-H460,0
Amifostine,Anastrozole,PC-3,1
Amifostine,Anastrozole,RPMI-8226,1
Amifostine,Anastrozole,SK-MEL-2,1
Amifostine,Anastrozole,T-47D,0
Amifostine,Anastrozole,UO-31,0
Amifostine,Busulfan,HS 578T,0
Amifostine,Busulfan,HT29,1
Amifostine,Busulfan,IGROV1,0
Amifostine,Busulfan,MCF7,0
Amifostine,Busulfan,NCI-H460,0
Amifostine,Busulfan,PC-3,0
Amifostine,Busulfan,RPMI-8226,0
Amifostine,Busulfan,SK-MEL-2,0
Amifostine,Busulfan,T-47D,0
Amifostine,Busulfan,UO-31,0
Amifostine,Celecoxib,HS 578T,1
Amifostine,Celecoxib,HT29,1
Amifostine,Celecoxib,IGROV1,0
Amifostine,Celecoxib,MCF7,0
Amifostine,Celecoxib,NCI-H460,0
Amifostine,Celecoxib,PC-3,0
Amifostine,Celecoxib,RPMI-8226,0
Amifostine,Celecoxib,SK-MEL-2,1
Amifostine,Celecoxib,T-47D,0
Amifostine,Celecoxib,UO-31,0
Amifostine,Chlorambucil,HS 578T,0
Amifostine,Chlorambucil,HT29,0
Amifostine,Chlorambucil,IGROV1,0
Amifostine,Chlorambucil,LOX IMVI,0
Amifostine,Chlorambucil,MCF7,0
Amifostine,Chlorambucil,NCI-H460,0
Amifostine,Chlorambucil,PC-3,0
Amifostine,Chlorambucil,RPMI-8226,1
Amifostine,Chlorambucil,SK-MEL-2,0
Amifostine,Chlorambucil,T-47D,0
Amifostine,Chlorambucil,UO-31,0
Amifostine,Cyclophosphamide,HS 578T,1
Amifostine,Cyclophosphamide,HT29,0
Amifostine,Cyclophosphamide,IGROV1,0
Amifostine,Cyclophosphamide,LOX IMVI,1
Amifostine,Cyclophosphamide,MCF7,0
Amifostine,Cyclophosphamide,NCI-H460,1
Amifostine,Cyclophosphamide,PC-3,1
Amifostine,Cyclophosphamide,RPMI-8226,0
Amifostine,Cyclophosphamide,SK-MEL-2,1
Amifostine,Cyclophosphamide,T-47D,1
Amifostine,Cyclophosphamide,UO-31,0
Amifostine,5-Fluorouracil,HS 578T,0
Amifostine,5-Fluorouracil,HT29,0
Amifostine,5-Fluorouracil,IGROV1,0
Amifostine,5-Fluorouracil,LOX IMVI,0
Amifostine,5-Fluorouracil,MCF7,0
Amifostine,5-Fluorouracil,NCI-H460,0
Amifostine,5-Fluorouracil,PC-3,0
Amifostine,5-Fluorouracil,RPMI-8226,0
Amifostine,5-Fluorouracil,SK-MEL-2,0
Amifostine,5-Fluorouracil,T-47D,0
Amifostine,5-Fluorouracil,UO-31,0
Amifostine,Ifosfamide,HS 578T,1
Amifostine,Ifosfamide,HT29,0
Amifostine,Ifosfamide,IGROV1,0
Amifostine,Ifosfamide,LOX IMVI,0
Amifostine,Ifosfamide,MCF7,1
Amifostine,Ifosfamide,NCI-H460,0
Amifostine,Ifosfamide,PC-3,0
Amifostine,Ifosfamide,RPMI-8226,0
Amifostine,Ifosfamide,SK-MEL-2,0
Amifostine,Ifosfamide,T-47D,1
Amifostine,Ifosfamide,UO-31,0
Amifostine,Letrozole,HS 578T,0
Amifostine,Letrozole,HT29,0
Amifostine,Letrozole,IGROV1,0
Amifostine,Letrozole,MCF7,0
Amifostine,Letrozole,NCI-H460,0
Amifostine,Letrozole,PC-3,1
Amifostine,Letrozole,RPMI-8226,1
Amifostine,Letrozole,SK-MEL-2,1
Amifostine,Letrozole,T-47D,1
Amifostine,Letrozole,UO-31,0
Amifostine,Methoxsalen,HS 578T,0
Amifostine,Methoxsalen,HT29,0
Amifostine,Methoxsalen,IGROV1,0
Amifostine,Methoxsalen,LOX IMVI,0
Amifostine,Methoxsalen,MCF7,1
Amifostine,Methoxsalen,NCI-H460,0
Amifostine,Methoxsalen,PC-3,1
Amifostine,Methoxsalen,RPMI-8226,0
Amifostine,Methoxsalen,SK-MEL-2,0
Amifostine,Methoxsalen,T-47D,1
Amifostine,Methoxsalen,UO-31,0
Amifostine,Mitotane,HS 578T,1
Amifostine,Mitotane,HT29,1
Amifostine,Mitotane,IGROV1,1
Amifostine,Mitotane,LOX IMVI,1
Amifostine,Mitotane,MCF7,1
Amifostine,Mitotane,NCI-H460,1
Amifostine,Mitotane,PC-3,1
Amifostine,Mitotane,RPMI-8226,0
Amifostine,Mitotane,T-47D,1
Amifostine,Mitotane,UO-31,1
Amifostine,Mitoxantrone,HS 578T,0
Amifostine,Mitoxantrone,HT29,0
Amifostine,Mitoxantrone,IGROV1,0
Amifostine,Mitoxantrone,LOX IMVI,0
Amifostine,Mitoxantrone,MCF7,0
Amifostine,Mitoxantrone,NCI-H460,0
Amifostine,Mitoxantrone,PC-3,0
Amifostine,Mitoxantrone,RPMI-8226,1
Amifostine,Mitoxantrone,SK-MEL-2,0
Amifostine,Mitoxantrone,T-47D,0
Amifostine,Mitoxantrone,UO-31,0
Amifostine,Raloxifene,HS 578T,0
Amifostine,Raloxifene,HT29,1
Amifostine,Raloxifene,IGROV1,1
Amifostine,Raloxifene,LOX IMVI,0
Amifostine,Raloxifene,MCF7,0
Amifostine,Raloxifene,NCI-H460,0
Amifostine,Raloxifene,PC-3,0
Amifostine,Raloxifene,RPMI-8226,1
Amifostine,Raloxifene,SK-MEL-2,1
Amifostine,Raloxifene,T-47D,1
Amifostine,Raloxifene,UO-31,1
Amifostine,Imatinib,HS 578T,1
Amifostine,Imatinib,HT29,0
Amifostine,Imatinib,IGROV1,0
Amifostine,Imatinib,MCF7,0
Amifostine,Imatinib,NCI-H460,0
Amifostine,Imatinib,PC-3,1
Amifostine,Imatinib,RPMI-8226,0
Amifostine,Imatinib,T-47D,0
Amifostine,Imatinib,UO-31,0
Amifostine,Vorinostat,HS 578T,0
Amifostine,Vorinostat,HT29,0
Amifostine,Vorinostat,IGROV1,0
Amifostine,Vorinostat,MCF7,0
Amifostine,Vorinostat,NCI-H460,0
Amifostine,Vorinostat,PC-3,0
Amifostine,Vorinostat,RPMI-8226,0
Amifostine,Vorinostat,T-47D,1
Amifostine,Vorinostat,UO-31,0
Amifostine,Thalidomide,HS 578T,0
Amifostine,Thalidomide,HT29,1
Amifostine,Thalidomide,IGROV1,0
Amifostine,Thalidomide,LOX IMVI,1
Amifostine,Thalidomide,MCF7,0
Amifostine,Thalidomide,NCI-H460,0
Amifostine,Thalidomide,PC-3,0
Amifostine,Thalidomide,RPMI-8226,0
Amifostine,Thalidomide,SK-MEL-2,1
Amifostine,Thalidomide,T-47D,1
Amifostine,Thalidomide,UO-31,0
Amifostine,Thiotepa,HS 578T,0
Amifostine,Thiotepa,HT29,0
Amifostine,Thiotepa,IGROV1,0
Amifostine,Thiotepa,LOX IMVI,0
Amifostine,Thiotepa,MCF7,0
Amifostine,Thiotepa,NCI-H460,0
Amifostine,Thiotepa,PC-3,0
Amifostine,Thiotepa,RPMI-8226,0
Amifostine,Thiotepa,T-47D,0
Amifostine,Thiotepa,UO-31,0
Amifostine,Mitomycin C,HS 578T,0
Amifostine,Mitomycin C,HT29,0
Amifostine,Mitomycin C,IGROV1,0
Amifostine,Mitomycin C,LOX IMVI,0
Amifostine,Mitomycin C,MCF7,0
Amifostine,Mitomycin C,NCI-H460,0
Amifostine,Mitomycin C,PC-3,0
Amifostine,Mitomycin C,RPMI-8226,0
Amifostine,Mitomycin C,SK-MEL-2,0
Amifostine,Mitomycin C,T-47D,0
Amifostine,Mitomycin C,UO-31,0
Amifostine,Floxuridine,HS 578T,0
Amifostine,Floxuridine,HT29,0
Amifostine,Floxuridine,IGROV1,0
Amifostine,Floxuridine,LOX IMVI,0
Amifostine,Floxuridine,MCF7,0
Amifostine,Floxuridine,NCI-H460,0
Amifostine,Floxuridine,PC-3,0
Amifostine,Floxuridine,RPMI-8226,0
Amifostine,Floxuridine,T-47D,1
Amifostine,Floxuridine,UO-31,1
Amifostine,Azacitidine,HS 578T,0
Amifostine,Azacitidine,HT29,0
Amifostine,Azacitidine,IGROV1,0
Amifostine,Azacitidine,LOX IMVI,0
Amifostine,Azacitidine,MCF7,0
Amifostine,Azacitidine,NCI-H460,0
Amifostine,Azacitidine,PC-3,0
Amifostine,Azacitidine,RPMI-8226,0
Amifostine,Azacitidine,T-47D,0
Amifostine,Azacitidine,UO-31,0
Amifostine,Megestrol,HS 578T,1
Amifostine,Megestrol,HT29,1
Amifostine,Megestrol,IGROV1,0
Amifostine,Megestrol,LOX IMVI,0
Amifostine,Megestrol,MCF7,0
Amifostine,Megestrol,NCI-H460,0
Amifostine,Megestrol,PC-3,0
Amifostine,Megestrol,SK-MEL-2,0
Amifostine,Megestrol,T-47D,1
Amifostine,Megestrol,UO-31,0
Amifostine,Cladribine,HS 578T,1
Amifostine,Cladribine,HT29,0
Amifostine,Cladribine,IGROV1,1
Amifostine,Cladribine,LOX IMVI,0
Amifostine,Cladribine,MCF7,0
Amifostine,Cladribine,NCI-H460,1
Amifostine,Cladribine,PC-3,0
Amifostine,Cladribine,RPMI-8226,0
Amifostine,Cladribine,T-47D,0
Amifostine,Cladribine,UO-31,0
Amifostine,Paclitaxel,HS 578T,0
Amifostine,Paclitaxel,HT29,0
Amifostine,Paclitaxel,IGROV1,0
Amifostine,Paclitaxel,LOX IMVI,0
Amifostine,Paclitaxel,MCF7,0
Amifostine,Paclitaxel,NCI-H460,0
Amifostine,Paclitaxel,PC-3,0
Amifostine,Paclitaxel,RPMI-8226,0
Amifostine,Paclitaxel,SK-MEL-2,0
Amifostine,Paclitaxel,T-47D,0
Amifostine,Paclitaxel,UO-31,0
Amifostine,Etoposide,HS 578T,0
Amifostine,Etoposide,HT29,0
Amifostine,Etoposide,IGROV1,0
Amifostine,Etoposide,LOX IMVI,0
Amifostine,Etoposide,MCF7,0
Amifostine,Etoposide,NCI-H460,0
Amifostine,Etoposide,PC-3,0
Amifostine,Etoposide,RPMI-8226,0
Amifostine,Etoposide,SK-MEL-2,0
Amifostine,Etoposide,T-47D,0
Amifostine,Etoposide,UO-31,0
Amifostine,Imiquimod,HS 578T,0
Amifostine,Imiquimod,HT29,0
Amifostine,Imiquimod,IGROV1,0
Amifostine,Imiquimod,LOX IMVI,0
Amifostine,Imiquimod,MCF7,1
Amifostine,Imiquimod,NCI-H460,0
Amifostine,Imiquimod,PC-3,1
Amifostine,Imiquimod,RPMI-8226,0
Amifostine,Imiquimod,SK-MEL-2,0
Amifostine,Imiquimod,T-47D,0
Amifostine,Imiquimod,UO-31,0
Amifostine,Exemestane,HS 578T,0
Amifostine,Exemestane,HT29,0
Amifostine,Exemestane,IGROV1,0
Amifostine,Exemestane,LOX IMVI,0
Amifostine,Exemestane,MCF7,0
Amifostine,Exemestane,NCI-H460,0
Amifostine,Exemestane,PC-3,0
Amifostine,Exemestane,RPMI-8226,0
Amifostine,Exemestane,SK-MEL-2,0
Amifostine,Exemestane,T-47D,0
Amifostine,Exemestane,UO-31,0
Amifostine,Dexrazoxane,HS 578T,1
Amifostine,Dexrazoxane,HT29,0
Amifostine,Dexrazoxane,IGROV1,0
Amifostine,Dexrazoxane,LOX IMVI,0
Amifostine,Dexrazoxane,MCF7,0
Amifostine,Dexrazoxane,NCI-H460,0
Amifostine,Dexrazoxane,PC-3,0
Amifostine,Dexrazoxane,RPMI-8226,1
Amifostine,Dexrazoxane,SK-MEL-2,0
Amifostine,Dexrazoxane,T-47D,1
Amifostine,Dexrazoxane,UO-31,0
Amifostine,Fulvestrant,HS 578T,1
Amifostine,Fulvestrant,HT29,1
Amifostine,Fulvestrant,IGROV1,0
Amifostine,Fulvestrant,NCI-H460,0
Amifostine,Fulvestrant,PC-3,0
Amifostine,Fulvestrant,RPMI-8226,0
Amifostine,Fulvestrant,SK-MEL-2,1
Amifostine,Fulvestrant,T-47D,0
Amifostine,Fulvestrant,UO-31,0
Amifostine,Clofarabine,HS 578T,1
Amifostine,Clofarabine,HT29,0
Amifostine,Clofarabine,IGROV1,1
Amifostine,Clofarabine,LOX IMVI,0
Amifostine,Clofarabine,MCF7,0
Amifostine,Clofarabine,NCI-H460,1
Amifostine,Clofarabine,PC-3,0
Amifostine,Clofarabine,RPMI-8226,1
Amifostine,Clofarabine,T-47D,0
Amifostine,Clofarabine,UO-31,1
Amifostine,Gefitinib,HS 578T,0
Amifostine,Gefitinib,HT29,0
Amifostine,Gefitinib,IGROV1,0
Amifostine,Gefitinib,LOX IMVI,0
Amifostine,Gefitinib,MCF7,0
Amifostine,Gefitinib,NCI-H460,0
Amifostine,Gefitinib,PC-3,0
Amifostine,Gefitinib,SK-MEL-2,0
Amifostine,Gefitinib,T-47D,0
Amifostine,Gefitinib,UO-31,0
Amifostine,Methotrexate,HS 578T,0
Amifostine,Methotrexate,HT29,0
Amifostine,Methotrexate,IGROV1,0
Amifostine,Methotrexate,LOX IMVI,0
Amifostine,Methotrexate,MCF7,0
Amifostine,Methotrexate,NCI-H460,0
Amifostine,Methotrexate,PC-3,0
Amifostine,Methotrexate,RPMI-8226,0
Amifostine,Methotrexate,T-47D,0
Amifostine,Methotrexate,UO-31,0
Amifostine,Abiraterone,HS 578T,0
Amifostine,Abiraterone,HT29,0
Amifostine,Abiraterone,IGROV1,0
Amifostine,Abiraterone,LOX IMVI,0
Amifostine,Abiraterone,MCF7,0
Amifostine,Abiraterone,NCI-H460,1
Amifostine,Abiraterone,PC-3,0
Amifostine,Abiraterone,RPMI-8226,1
Amifostine,Abiraterone,SK-MEL-2,1
Amifostine,Abiraterone,T-47D,0
Amifostine,Abiraterone,UO-31,0
Amifostine,Docetaxel,HS 578T,0
Amifostine,Docetaxel,HT29,0
Amifostine,Docetaxel,IGROV1,1
Amifostine,Docetaxel,LOX IMVI,0
Amifostine,Docetaxel,MCF7,0
Amifostine,Docetaxel,NCI-H460,1
Amifostine,Docetaxel,PC-3,1
Amifostine,Docetaxel,RPMI-8226,0
Amifostine,Docetaxel,T-47D,1
Amifostine,Docetaxel,UO-31,0
Amifostine,Erlotinib,HS 578T,1
Amifostine,Erlotinib,HT29,0
Amifostine,Erlotinib,LOX IMVI,1
Amifostine,Erlotinib,MCF7,0
Amifostine,Erlotinib,NCI-H460,0
Amifostine,Erlotinib,PC-3,0
Amifostine,Erlotinib,RPMI-8226,0
Amifostine,Erlotinib,SK-MEL-2,1
Amifostine,Erlotinib,T-47D,1
Amifostine,Erlotinib,UO-31,0
Amifostine,Lapatinib,HS 578T,1
Amifostine,Lapatinib,HT29,1
Amifostine,Lapatinib,IGROV1,0
Amifostine,Lapatinib,MCF7,0
Amifostine,Lapatinib,NCI-H460,0
Amifostine,Lapatinib,PC-3,1
Amifostine,Lapatinib,RPMI-8226,0
Amifostine,Lapatinib,UO-31,0
Amifostine,Sorafenib,HS 578T,1
Amifostine,Sorafenib,HT29,1
Amifostine,Sorafenib,IGROV1,0
Amifostine,Sorafenib,MCF7,0
Amifostine,Sorafenib,NCI-H460,0
Amifostine,Sorafenib,PC-3,1
Amifostine,Sorafenib,RPMI-8226,1
Amifostine,Sorafenib,SK-MEL-2,1
Amifostine,Sorafenib,T-47D,1
Amifostine,Sorafenib,UO-31,0
Amifostine,Lenalidomide,HS 578T,1
Amifostine,Lenalidomide,HT29,1
Amifostine,Lenalidomide,IGROV1,0
Amifostine,Lenalidomide,LOX IMVI,0
Amifostine,Lenalidomide,MCF7,0
Amifostine,Lenalidomide,NCI-H460,0
Amifostine,Lenalidomide,PC-3,0
Amifostine,Lenalidomide,RPMI-8226,1
Amifostine,Lenalidomide,SK-MEL-2,1
Amifostine,Lenalidomide,T-47D,0
Amifostine,Lenalidomide,UO-31,1
Amifostine,Capecitabine,HS 578T,0
Amifostine,Capecitabine,HT29,0
Amifostine,Capecitabine,IGROV1,0
Amifostine,Capecitabine,MCF7,0
Amifostine,Capecitabine,NCI-H460,0
Amifostine,Capecitabine,PC-3,1
Amifostine,Capecitabine,RPMI-8226,1
Amifostine,Capecitabine,SK-MEL-2,1
Amifostine,Capecitabine,T-47D,0
Amifostine,Capecitabine,UO-31,0
Amifostine,Tretinoin,HS 578T,0
Amifostine,Tretinoin,HT29,1
Amifostine,Tretinoin,IGROV1,0
Amifostine,Tretinoin,LOX IMVI,0
Amifostine,Tretinoin,MCF7,0
Amifostine,Tretinoin,NCI-H460,1
Amifostine,Tretinoin,PC-3,1
Amifostine,Tretinoin,RPMI-8226,0
Amifostine,Tretinoin,T-47D,0
Amifostine,Tretinoin,UO-31,1
Amifostine,Decitabine,HS 578T,0
Amifostine,Decitabine,HT29,0
Amifostine,Decitabine,IGROV1,0
Amifostine,Decitabine,LOX IMVI,1
Amifostine,Decitabine,MCF7,0
Amifostine,Decitabine,NCI-H460,0
Amifostine,Decitabine,PC-3,0
Amifostine,Decitabine,RPMI-8226,0
Amifostine,Decitabine,SK-MEL-2,0
Amifostine,Decitabine,T-47D,0
Amifostine,Decitabine,UO-31,0
Amifostine,Teniposide,HS 578T,0
Amifostine,Teniposide,HT29,0
Amifostine,Teniposide,IGROV1,0
Amifostine,Teniposide,LOX IMVI,0
Amifostine,Teniposide,MCF7,0
Amifostine,Teniposide,NCI-H460,0
Amifostine,Teniposide,PC-3,0
Amifostine,Teniposide,RPMI-8226,0
Amifostine,Teniposide,SK-MEL-2,0
Amifostine,Teniposide,T-47D,0
Amifostine,Teniposide,UO-31,0
Amifostine,Dactinomycin,HS 578T,0
Amifostine,Dactinomycin,HT29,0
Amifostine,Dactinomycin,IGROV1,1
Amifostine,Dactinomycin,LOX IMVI,0
Amifostine,Dactinomycin,MCF7,0
Amifostine,Dactinomycin,NCI-H460,0
Amifostine,Dactinomycin,PC-3,0
Amifostine,Dactinomycin,UO-31,0
Amifostine,Nilotinib,HS 578T,0
Amifostine,Nilotinib,HT29,1
Amifostine,Nilotinib,IGROV1,0
Amifostine,Nilotinib,MCF7,0
Amifostine,Nilotinib,NCI-H460,0
Amifostine,Nilotinib,PC-3,1
Amifostine,Nilotinib,RPMI-8226,1
Amifostine,Nilotinib,SK-MEL-2,1
Amifostine,Nilotinib,T-47D,1
Amifostine,Nilotinib,UO-31,0
Amifostine,2-fluoroAraA (fludarabine),HS 578T,1
Amifostine,2-fluoroAraA (fludarabine),HT29,0
Amifostine,2-fluoroAraA (fludarabine),IGROV1,0
Amifostine,2-fluoroAraA (fludarabine),LOX IMVI,0
Amifostine,2-fluoroAraA (fludarabine),MCF7,0
Amifostine,2-fluoroAraA (fludarabine),NCI-H460,1
Amifostine,2-fluoroAraA (fludarabine),PC-3,0
Amifostine,2-fluoroAraA (fludarabine),RPMI-8226,1
Amifostine,2-fluoroAraA (fludarabine),T-47D,1
Amifostine,2-fluoroAraA (fludarabine),UO-31,1
Amifostine,Mercaptopurine,HS 578T,0
Amifostine,Mercaptopurine,HT29,0
Amifostine,Mercaptopurine,IGROV1,1
Amifostine,Mercaptopurine,LOX IMVI,0
Amifostine,Mercaptopurine,MCF7,0
Amifostine,Mercaptopurine,NCI-H460,0
Amifostine,Mercaptopurine,PC-3,0
Amifostine,Mercaptopurine,RPMI-8226,0
Amifostine,Mercaptopurine,T-47D,0
Amifostine,Mercaptopurine,UO-31,1
Amifostine,Dasatinib,HS 578T,0
Amifostine,Dasatinib,HT29,0
Amifostine,Dasatinib,IGROV1,0
Amifostine,Dasatinib,MCF7,0
Amifostine,Dasatinib,NCI-H460,0
Amifostine,Dasatinib,PC-3,0
Amifostine,Dasatinib,RPMI-8226,0
Amifostine,Dasatinib,T-47D,1
Amifostine,Dasatinib,UO-31,0
Amifostine,Sirolimus (rapamycin),HS 578T,0
Amifostine,Sirolimus (rapamycin),HT29,0
Amifostine,Sirolimus (rapamycin),IGROV1,0
Amifostine,Sirolimus (rapamycin),LOX IMVI,0
Amifostine,Sirolimus (rapamycin),MCF7,0
Amifostine,Sirolimus (rapamycin),NCI-H460,0
Amifostine,Sirolimus (rapamycin),PC-3,0
Amifostine,Sirolimus (rapamycin),RPMI-8226,0
Amifostine,Sirolimus (rapamycin),T-47D,0
Amifostine,Sirolimus (rapamycin),UO-31,0
Amifostine,Sunitinib,HS 578T,0
Amifostine,Sunitinib,HT29,1
Amifostine,Sunitinib,IGROV1,0
Amifostine,Sunitinib,MCF7,0
Amifostine,Sunitinib,NCI-H460,0
Amifostine,Sunitinib,PC-3,1
Amifostine,Sunitinib,RPMI-8226,0
Amifostine,Sunitinib,T-47D,0
Amifostine,Sunitinib,UO-31,0
Amifostine,Axitinib,HS 578T,1
Amifostine,Axitinib,HT29,0
Amifostine,Axitinib,IGROV1,0
Amifostine,Axitinib,LOX IMVI,1
Amifostine,Axitinib,MCF7,0
Amifostine,Axitinib,NCI-H460,1
Amifostine,Axitinib,PC-3,0
Amifostine,Axitinib,RPMI-8226,1
Amifostine,Axitinib,SK-MEL-2,1
Amifostine,Axitinib,T-47D,0
Amifostine,Axitinib,UO-31,0
Amifostine,Crizotinib,HS 578T,0
Amifostine,Crizotinib,HT29,0
Amifostine,Crizotinib,IGROV1,0
Amifostine,Crizotinib,LOX IMVI,0
Amifostine,Crizotinib,MCF7,0
Amifostine,Crizotinib,NCI-H460,1
Amifostine,Crizotinib,PC-3,0
Amifostine,Crizotinib,RPMI-8226,1
Amifostine,Crizotinib,SK-MEL-2,0
Amifostine,Crizotinib,T-47D,1
Amifostine,Crizotinib,UO-31,0
Amifostine,Ruxolitinib,HS 578T,1
Amifostine,Ruxolitinib,HT29,0
Amifostine,Ruxolitinib,IGROV1,0
Amifostine,Ruxolitinib,LOX IMVI,0
Amifostine,Ruxolitinib,MCF7,0
Amifostine,Ruxolitinib,NCI-H460,1
Amifostine,Ruxolitinib,PC-3,0
Amifostine,Ruxolitinib,RPMI-8226,1
Amifostine,Ruxolitinib,SK-MEL-2,0
Amifostine,Ruxolitinib,T-47D,0
Amifostine,Ruxolitinib,UO-31,0
Amifostine,Vemurafenib,HS 578T,0
Amifostine,Vemurafenib,HT29,0
Amifostine,Vemurafenib,IGROV1,0
Amifostine,Vemurafenib,LOX IMVI,0
Amifostine,Vemurafenib,MCF7,0
Amifostine,Vemurafenib,NCI-H460,1
Amifostine,Vemurafenib,PC-3,0
Amifostine,Vemurafenib,RPMI-8226,1
Amifostine,Vemurafenib,SK-MEL-2,0
Amifostine,Vemurafenib,T-47D,0
Amifostine,Vemurafenib,UO-31,0
Amifostine,Everolimus,HS 578T,0
Amifostine,Everolimus,HT29,0
Amifostine,Everolimus,IGROV1,1
Amifostine,Everolimus,MCF7,0
Amifostine,Everolimus,NCI-H460,1
Amifostine,Everolimus,PC-3,1
Amifostine,Everolimus,RPMI-8226,0
Amifostine,Everolimus,SK-MEL-2,1
Amifostine,Everolimus,T-47D,1
Amifostine,Everolimus,UO-31,1
Amifostine,Dacarbazine,HS 578T,1
Amifostine,Dacarbazine,HT29,1
Amifostine,Dacarbazine,IGROV1,0
Amifostine,Dacarbazine,LOX IMVI,0
Amifostine,Dacarbazine,MCF7,1
Amifostine,Dacarbazine,NCI-H460,0
Amifostine,Dacarbazine,PC-3,0
Amifostine,Dacarbazine,RPMI-8226,1
Amifostine,Dacarbazine,SK-MEL-2,1
Amifostine,Dacarbazine,T-47D,1
Amifostine,Dacarbazine,UO-31,0
Amifostine,Allopurinol,HS 578T,0
Amifostine,Allopurinol,HT29,0
Amifostine,Allopurinol,IGROV1,0
Amifostine,Allopurinol,MCF7,0
Amifostine,Allopurinol,NCI-H460,0
Amifostine,Allopurinol,PC-3,0
Amifostine,Allopurinol,RPMI-8226,0
Amifostine,Allopurinol,SK-MEL-2,0
Amifostine,Allopurinol,T-47D,0
Amifostine,Allopurinol,UO-31,0
Anastrozole,Busulfan,HS 578T,0
Anastrozole,Busulfan,HT29,0
Anastrozole,Busulfan,IGROV1,0
Anastrozole,Busulfan,LOX IMVI,1
Anastrozole,Busulfan,MCF7,0
Anastrozole,Busulfan,NCI-H460,1
Anastrozole,Busulfan,PC-3,0
Anastrozole,Busulfan,RPMI-8226,1
Anastrozole,Busulfan,SK-MEL-2,1
Anastrozole,Busulfan,T-47D,0
Anastrozole,Busulfan,UO-31,1
Anastrozole,Celecoxib,HS 578T,0
Anastrozole,Celecoxib,HT29,1
Anastrozole,Celecoxib,IGROV1,0
Anastrozole,Celecoxib,LOX IMVI,0
Anastrozole,Celecoxib,MCF7,0
Anastrozole,Celecoxib,NCI-H460,0
Anastrozole,Celecoxib,PC-3,0
Anastrozole,Celecoxib,RPMI-8226,0
Anastrozole,Celecoxib,T-47D,0
Anastrozole,Celecoxib,UO-31,0
Anastrozole,Chlorambucil,HS 578T,0
Anastrozole,Chlorambucil,HT29,0
Anastrozole,Chlorambucil,IGROV1,0
Anastrozole,Chlorambucil,LOX IMVI,0
Anastrozole,Chlorambucil,MCF7,0
Anastrozole,Chlorambucil,NCI-H460,0
Anastrozole,Chlorambucil,PC-3,0
Anastrozole,Chlorambucil,RPMI-8226,0
Anastrozole,Chlorambucil,SK-MEL-2,0
Anastrozole,Chlorambucil,T-47D,0
Anastrozole,Chlorambucil,UO-31,0
Anastrozole,Cyclophosphamide,HS 578T,1
Anastrozole,Cyclophosphamide,HT29,0
Anastrozole,Cyclophosphamide,IGROV1,0
Anastrozole,Cyclophosphamide,LOX IMVI,0
Anastrozole,Cyclophosphamide,MCF7,0
Anastrozole,Cyclophosphamide,NCI-H460,0
Anastrozole,Cyclophosphamide,PC-3,0
Anastrozole,Cyclophosphamide,RPMI-8226,0
Anastrozole,Cyclophosphamide,T-47D,0
Anastrozole,Cyclophosphamide,UO-31,0
Anastrozole,5-Fluorouracil,HS 578T,0
Anastrozole,5-Fluorouracil,HT29,0
Anastrozole,5-Fluorouracil,IGROV1,1
Anastrozole,5-Fluorouracil,LOX IMVI,0
Anastrozole,5-Fluorouracil,MCF7,1
Anastrozole,5-Fluorouracil,NCI-H460,0
Anastrozole,5-Fluorouracil,PC-3,1
Anastrozole,5-Fluorouracil,RPMI-8226,0
Anastrozole,5-Fluorouracil,SK-MEL-2,0
Anastrozole,5-Fluorouracil,T-47D,0
Anastrozole,5-Fluorouracil,UO-31,0
Anastrozole,Ifosfamide,HS 578T,0
Anastrozole,Ifosfamide,HT29,0
Anastrozole,Ifosfamide,IGROV1,0
Anastrozole,Ifosfamide,LOX IMVI,0
Anastrozole,Ifosfamide,MCF7,0
Anastrozole,Ifosfamide,NCI-H460,0
Anastrozole,Ifosfamide,PC-3,0
Anastrozole,Ifosfamide,RPMI-8226,1
Anastrozole,Ifosfamide,T-47D,0
Anastrozole,Ifosfamide,UO-31,0
Anastrozole,Letrozole,HS 578T,0
Anastrozole,Letrozole,HT29,1
Anastrozole,Letrozole,IGROV1,0
Anastrozole,Letrozole,LOX IMVI,0
Anastrozole,Letrozole,MCF7,0
Anastrozole,Letrozole,NCI-H460,1
Anastrozole,Letrozole,PC-3,0
Anastrozole,Letrozole,RPMI-8226,1
Anastrozole,Letrozole,T-47D,0
Anastrozole,Letrozole,UO-31,0
Anastrozole,Methoxsalen,HS 578T,1
Anastrozole,Methoxsalen,HT29,0
Anastrozole,Methoxsalen,IGROV1,0
Anastrozole,Methoxsalen,LOX IMVI,0
Anastrozole,Methoxsalen,MCF7,0
Anastrozole,Methoxsalen,NCI-H460,0
Anastrozole,Methoxsalen,PC-3,0
Anastrozole,Methoxsalen,RPMI-8226,1
Anastrozole,Methoxsalen,T-47D,0
Anastrozole,Methoxsalen,UO-31,1
Anastrozole,Mitotane,HS 578T,0
Anastrozole,Mitotane,HT29,1
Anastrozole,Mitotane,IGROV1,1
Anastrozole,Mitotane,LOX IMVI,1
Anastrozole,Mitotane,MCF7,0
Anastrozole,Mitotane,NCI-H460,0
Anastrozole,Mitotane,PC-3,1
Anastrozole,Mitotane,RPMI-8226,1
Anastrozole,Mitotane,SK-MEL-2,0
Anastrozole,Mitotane,T-47D,1
Anastrozole,Mitotane,UO-31,1
Anastrozole,Mitoxantrone,HS 578T,0
Anastrozole,Mitoxantrone,HT29,0
Anastrozole,Mitoxantrone,IGROV1,0
Anastrozole,Mitoxantrone,LOX IMVI,0
Anastrozole,Mitoxantrone,MCF7,0
Anastrozole,Mitoxantrone,NCI-H460,0
Anastrozole,Mitoxantrone,PC-3,0
Anastrozole,Mitoxantrone,RPMI-8226,0
Anastrozole,Mitoxantrone,SK-MEL-2,0
Anastrozole,Mitoxantrone,T-47D,0
Anastrozole,Mitoxantrone,UO-31,0
Anastrozole,Raloxifene,HS 578T,0
Anastrozole,Raloxifene,HT29,0
Anastrozole,Raloxifene,IGROV1,0
Anastrozole,Raloxifene,LOX IMVI,0
Anastrozole,Raloxifene,MCF7,1
Anastrozole,Raloxifene,NCI-H460,0
Anastrozole,Raloxifene,PC-3,1
Anastrozole,Raloxifene,RPMI-8226,1
Anastrozole,Raloxifene,SK-MEL-2,1
Anastrozole,Raloxifene,T-47D,1
Anastrozole,Raloxifene,UO-31,1
Anastrozole,Imatinib,HS 578T,0
Anastrozole,Imatinib,HT29,0
Anastrozole,Imatinib,IGROV1,0
Anastrozole,Imatinib,MCF7,0
Anastrozole,Imatinib,NCI-H460,0
Anastrozole,Imatinib,PC-3,0
Anastrozole,Imatinib,RPMI-8226,0
Anastrozole,Imatinib,T-47D,1
Anastrozole,Imatinib,UO-31,0
Anastrozole,Vorinostat,HS 578T,1
Anastrozole,Vorinostat,HT29,0
Anastrozole,Vorinostat,IGROV1,0
Anastrozole,Vorinostat,LOX IMVI,0
Anastrozole,Vorinostat,MCF7,0
Anastrozole,Vorinostat,NCI-H460,0
Anastrozole,Vorinostat,PC-3,0
Anastrozole,Vorinostat,RPMI-8226,0
Anastrozole,Vorinostat,T-47D,0
Anastrozole,Vorinostat,UO-31,0
Anastrozole,Thalidomide,HS 578T,1
Anastrozole,Thalidomide,HT29,1
Anastrozole,Thalidomide,IGROV1,0
Anastrozole,Thalidomide,LOX IMVI,0
Anastrozole,Thalidomide,MCF7,0
Anastrozole,Thalidomide,NCI-H460,0
Anastrozole,Thalidomide,PC-3,0
Anastrozole,Thalidomide,RPMI-8226,1
Anastrozole,Thalidomide,T-47D,0
Anastrozole,Thalidomide,UO-31,0
Anastrozole,Thiotepa,HS 578T,0
Anastrozole,Thiotepa,HT29,1
Anastrozole,Thiotepa,IGROV1,0
Anastrozole,Thiotepa,LOX IMVI,0
Anastrozole,Thiotepa,MCF7,1
Anastrozole,Thiotepa,NCI-H460,0
Anastrozole,Thiotepa,PC-3,0
Anastrozole,Thiotepa,RPMI-8226,0
Anastrozole,Thiotepa,T-47D,0
Anastrozole,Thiotepa,UO-31,0
Anastrozole,Mitomycin C,HS 578T,0
Anastrozole,Mitomycin C,HT29,0
Anastrozole,Mitomycin C,IGROV1,0
Anastrozole,Mitomycin C,LOX IMVI,0
Anastrozole,Mitomycin C,MCF7,0
Anastrozole,Mitomycin C,NCI-H460,0
Anastrozole,Mitomycin C,PC-3,0
Anastrozole,Mitomycin C,RPMI-8226,0
Anastrozole,Mitomycin C,T-47D,0
Anastrozole,Mitomycin C,UO-31,0
Anastrozole,Floxuridine,HS 578T,0
Anastrozole,Floxuridine,HT29,0
Anastrozole,Floxuridine,IGROV1,0
Anastrozole,Floxuridine,LOX IMVI,0
Anastrozole,Floxuridine,MCF7,0
Anastrozole,Floxuridine,NCI-H460,0
Anastrozole,Floxuridine,PC-3,1
Anastrozole,Floxuridine,RPMI-8226,0
Anastrozole,Floxuridine,T-47D,1
Anastrozole,Floxuridine,UO-31,0
Anastrozole,Azacitidine,HS 578T,0
Anastrozole,Azacitidine,HT29,1
Anastrozole,Azacitidine,IGROV1,0
Anastrozole,Azacitidine,LOX IMVI,0
Anastrozole,Azacitidine,MCF7,0
Anastrozole,Azacitidine,NCI-H460,0
Anastrozole,Azacitidine,PC-3,0
Anastrozole,Azacitidine,RPMI-8226,0
Anastrozole,Azacitidine,T-47D,0
Anastrozole,Azacitidine,UO-31,0
Anastrozole,Megestrol,HS 578T,0
Anastrozole,Megestrol,HT29,0
Anastrozole,Megestrol,IGROV1,0
Anastrozole,Megestrol,LOX IMVI,0
Anastrozole,Megestrol,MCF7,0
Anastrozole,Megestrol,NCI-H460,1
Anastrozole,Megestrol,PC-3,1
Anastrozole,Megestrol,RPMI-8226,1
Anastrozole,Megestrol,SK-MEL-2,0
Anastrozole,Megestrol,T-47D,1
Anastrozole,Megestrol,UO-31,0
Anastrozole,Cladribine,HS 578T,0
Anastrozole,Cladribine,HT29,1
Anastrozole,Cladribine,IGROV1,0
Anastrozole,Cladribine,LOX IMVI,0
Anastrozole,Cladribine,MCF7,0
Anastrozole,Cladribine,NCI-H460,0
Anastrozole,Cladribine,PC-3,0
Anastrozole,Cladribine,RPMI-8226,0
Anastrozole,Cladribine,T-47D,1
Anastrozole,Cladribine,UO-31,0
Anastrozole,Paclitaxel,HS 578T,1
Anastrozole,Paclitaxel,HT29,0
Anastrozole,Paclitaxel,IGROV1,0
Anastrozole,Paclitaxel,LOX IMVI,1
Anastrozole,Paclitaxel,MCF7,1
Anastrozole,Paclitaxel,NCI-H460,1
Anastrozole,Paclitaxel,PC-3,0
Anastrozole,Paclitaxel,RPMI-8226,1
Anastrozole,Paclitaxel,T-47D,1
Anastrozole,Paclitaxel,UO-31,0
Anastrozole,Etoposide,HS 578T,0
Anastrozole,Etoposide,HT29,0
Anastrozole,Etoposide,IGROV1,0
Anastrozole,Etoposide,LOX IMVI,0
Anastrozole,Etoposide,MCF7,1
Anastrozole,Etoposide,NCI-H460,0
Anastrozole,Etoposide,PC-3,0
Anastrozole,Etoposide,RPMI-8226,0
Anastrozole,Etoposide,SK-MEL-2,0
Anastrozole,Etoposide,T-47D,0
Anastrozole,Etoposide,UO-31,0
Anastrozole,Imiquimod,HS 578T,0
Anastrozole,Imiquimod,HT29,0
Anastrozole,Imiquimod,IGROV1,0
Anastrozole,Imiquimod,MCF7,0
Anastrozole,Imiquimod,NCI-H460,0
Anastrozole,Imiquimod,PC-3,0
Anastrozole,Imiquimod,RPMI-8226,1
Anastrozole,Imiquimod,T-47D,0
Anastrozole,Imiquimod,UO-31,0
Anastrozole,Exemestane,HS 578T,0
Anastrozole,Exemestane,HT29,1
Anastrozole,Exemestane,IGROV1,0
Anastrozole,Exemestane,LOX IMVI,0
Anastrozole,Exemestane,MCF7,0
Anastrozole,Exemestane,NCI-H460,1
Anastrozole,Exemestane,PC-3,1
Anastrozole,Exemestane,RPMI-8226,1
Anastrozole,Exemestane,SK-MEL-2,0
Anastrozole,Exemestane,T-47D,1
Anastrozole,Exemestane,UO-31,0
Anastrozole,Dexrazoxane,HS 578T,0
Anastrozole,Dexrazoxane,HT29,0
Anastrozole,Dexrazoxane,IGROV1,0
Anastrozole,Dexrazoxane,LOX IMVI,0
Anastrozole,Dexrazoxane,MCF7,0
Anastrozole,Dexrazoxane,NCI-H460,0
Anastrozole,Dexrazoxane,PC-3,1
Anastrozole,Dexrazoxane,RPMI-8226,1
Anastrozole,Dexrazoxane,SK-MEL-2,0
Anastrozole,Dexrazoxane,T-47D,1
Anastrozole,Dexrazoxane,UO-31,0
Anastrozole,Fulvestrant,HS 578T,0
Anastrozole,Fulvestrant,HT29,0
Anastrozole,Fulvestrant,IGROV1,0
Anastrozole,Fulvestrant,LOX IMVI,1
Anastrozole,Fulvestrant,MCF7,0
Anastrozole,Fulvestrant,NCI-H460,0
Anastrozole,Fulvestrant,PC-3,0
Anastrozole,Fulvestrant,RPMI-8226,0
Anastrozole,Fulvestrant,SK-MEL-2,0
Anastrozole,Fulvestrant,T-47D,0
Anastrozole,Fulvestrant,UO-31,1
Anastrozole,Clofarabine,HS 578T,0
Anastrozole,Clofarabine,HT29,0
Anastrozole,Clofarabine,IGROV1,0
Anastrozole,Clofarabine,LOX IMVI,0
Anastrozole,Clofarabine,MCF7,0
Anastrozole,Clofarabine,NCI-H460,0
Anastrozole,Clofarabine,PC-3,0
Anastrozole,Clofarabine,RPMI-8226,0
Anastrozole,Clofarabine,T-47D,0
Anastrozole,Clofarabine,UO-31,0
Anastrozole,Gefitinib,HS 578T,0
Anastrozole,Gefitinib,HT29,1
Anastrozole,Gefitinib,IGROV1,0
Anastrozole,Gefitinib,LOX IMVI,0
Anastrozole,Gefitinib,MCF7,1
Anastrozole,Gefitinib,NCI-H460,1
Anastrozole,Gefitinib,PC-3,1
Anastrozole,Gefitinib,RPMI-8226,0
Anastrozole,Gefitinib,SK-MEL-2,0
Anastrozole,Gefitinib,T-47D,1
Anastrozole,Gefitinib,UO-31,0
Anastrozole,Methotrexate,HS 578T,0
Anastrozole,Methotrexate,HT29,0
Anastrozole,Methotrexate,IGROV1,0
Anastrozole,Methotrexate,LOX IMVI,0
Anastrozole,Methotrexate,MCF7,0
Anastrozole,Methotrexate,NCI-H460,0
Anastrozole,Methotrexate,PC-3,0
Anastrozole,Methotrexate,RPMI-8226,0
Anastrozole,Methotrexate,SK-MEL-2,0
Anastrozole,Methotrexate,T-47D,0
Anastrozole,Methotrexate,UO-31,0
Anastrozole,Abiraterone,HS 578T,1
Anastrozole,Abiraterone,HT29,1
Anastrozole,Abiraterone,IGROV1,1
Anastrozole,Abiraterone,LOX IMVI,1
Anastrozole,Abiraterone,MCF7,1
Anastrozole,Abiraterone,NCI-H460,0
Anastrozole,Abiraterone,PC-3,0
Anastrozole,Abiraterone,RPMI-8226,0
Anastrozole,Abiraterone,SK-MEL-2,1
Anastrozole,Abiraterone,T-47D,1
Anastrozole,Abiraterone,UO-31,0
Anastrozole,Docetaxel,HS 578T,0
Anastrozole,Docetaxel,HT29,0
Anastrozole,Docetaxel,IGROV1,0
Anastrozole,Docetaxel,LOX IMVI,0
Anastrozole,Docetaxel,MCF7,0
Anastrozole,Docetaxel,NCI-H460,0
Anastrozole,Docetaxel,PC-3,0
Anastrozole,Docetaxel,RPMI-8226,1
Anastrozole,Docetaxel,T-47D,0
Anastrozole,Docetaxel,UO-31,0
Anastrozole,Erlotinib,HS 578T,0
Anastrozole,Erlotinib,HT29,0
Anastrozole,Erlotinib,LOX IMVI,0
Anastrozole,Erlotinib,MCF7,0
Anastrozole,Erlotinib,NCI-H460,1
Anastrozole,Erlotinib,PC-3,1
Anastrozole,Erlotinib,RPMI-8226,0
Anastrozole,Erlotinib,T-47D,0
Anastrozole,Lapatinib,HS 578T,0
Anastrozole,Lapatinib,HT29,0
Anastrozole,Lapatinib,IGROV1,1
Anastrozole,Lapatinib,LOX IMVI,0
Anastrozole,Lapatinib,MCF7,0
Anastrozole,Lapatinib,NCI-H460,1
Anastrozole,Lapatinib,PC-3,1
Anastrozole,Lapatinib,RPMI-8226,1
Anastrozole,Lapatinib,T-47D,1
Anastrozole,Lapatinib,UO-31,0
Anastrozole,Sorafenib,HS 578T,0
Anastrozole,Sorafenib,HT29,0
Anastrozole,Sorafenib,IGROV1,0
Anastrozole,Sorafenib,LOX IMVI,0
Anastrozole,Sorafenib,MCF7,0
Anastrozole,Sorafenib,NCI-H460,0
Anastrozole,Sorafenib,PC-3,0
Anastrozole,Sorafenib,RPMI-8226,0
Anastrozole,Sorafenib,SK-MEL-2,0
Anastrozole,Sorafenib,T-47D,0
Anastrozole,Sorafenib,UO-31,1
Anastrozole,Lenalidomide,HS 578T,0
Anastrozole,Lenalidomide,HT29,1
Anastrozole,Lenalidomide,IGROV1,0
Anastrozole,Lenalidomide,LOX IMVI,0
Anastrozole,Lenalidomide,MCF7,0
Anastrozole,Lenalidomide,NCI-H460,1
Anastrozole,Lenalidomide,PC-3,1
Anastrozole,Lenalidomide,RPMI-8226,0
Anastrozole,Lenalidomide,SK-MEL-2,0
Anastrozole,Lenalidomide,T-47D,0
Anastrozole,Lenalidomide,UO-31,0
Anastrozole,Capecitabine,HS 578T,0
Anastrozole,Capecitabine,HT29,0
Anastrozole,Capecitabine,IGROV1,0
Anastrozole,Capecitabine,LOX IMVI,1
Anastrozole,Capecitabine,MCF7,0
Anastrozole,Capecitabine,NCI-H460,0
Anastrozole,Capecitabine,PC-3,0
Anastrozole,Capecitabine,RPMI-8226,0
Anastrozole,Capecitabine,T-47D,0
Anastrozole,Capecitabine,UO-31,0
Anastrozole,Tretinoin,HS 578T,1
Anastrozole,Tretinoin,HT29,1
Anastrozole,Tretinoin,IGROV1,1
Anastrozole,Tretinoin,LOX IMVI,0
Anastrozole,Tretinoin,MCF7,1
Anastrozole,Tretinoin,NCI-H460,0
Anastrozole,Tretinoin,PC-3,1
Anastrozole,Tretinoin,RPMI-8226,0
Anastrozole,Tretinoin,T-47D,0
Anastrozole,Tretinoin,UO-31,0
Anastrozole,Decitabine,HS 578T,1
Anastrozole,Decitabine,HT29,1
Anastrozole,Decitabine,IGROV1,0
Anastrozole,Decitabine,LOX IMVI,0
Anastrozole,Decitabine,MCF7,1
Anastrozole,Decitabine,NCI-H460,0
Anastrozole,Decitabine,PC-3,1
Anastrozole,Decitabine,RPMI-8226,0
Anastrozole,Decitabine,T-47D,0
Anastrozole,Decitabine,UO-31,0
Anastrozole,Teniposide,HS 578T,0
Anastrozole,Teniposide,HT29,0
Anastrozole,Teniposide,IGROV1,0
Anastrozole,Teniposide,LOX IMVI,0
Anastrozole,Teniposide,MCF7,0
Anastrozole,Teniposide,NCI-H460,0
Anastrozole,Teniposide,PC-3,0
Anastrozole,Teniposide,RPMI-8226,0
Anastrozole,Teniposide,SK-MEL-2,0
Anastrozole,Teniposide,T-47D,0
Anastrozole,Teniposide,UO-31,0
Anastrozole,Dactinomycin,HS 578T,0
Anastrozole,Dactinomycin,IGROV1,0
Anastrozole,Dactinomycin,LOX IMVI,0
Anastrozole,Dactinomycin,PC-3,0
Anastrozole,Dactinomycin,RPMI-8226,0
Anastrozole,Dactinomycin,T-47D,0
Anastrozole,Dactinomycin,UO-31,0
Anastrozole,Nilotinib,HS 578T,0
Anastrozole,Nilotinib,HT29,1
Anastrozole,Nilotinib,IGROV1,0
Anastrozole,Nilotinib,LOX IMVI,0
Anastrozole,Nilotinib,MCF7,0
Anastrozole,Nilotinib,NCI-H460,1
Anastrozole,Nilotinib,PC-3,0
Anastrozole,Nilotinib,RPMI-8226,0
Anastrozole,Nilotinib,T-47D,0
Anastrozole,Nilotinib,UO-31,0
Anastrozole,2-fluoroAraA (fludarabine),HS 578T,0
Anastrozole,2-fluoroAraA (fludarabine),HT29,0
Anastrozole,2-fluoroAraA (fludarabine),IGROV1,0
Anastrozole,2-fluoroAraA (fludarabine),LOX IMVI,0
Anastrozole,2-fluoroAraA (fludarabine),MCF7,1
Anastrozole,2-fluoroAraA (fludarabine),NCI-H460,0
Anastrozole,2-fluoroAraA (fludarabine),PC-3,0
Anastrozole,2-fluoroAraA (fludarabine),RPMI-8226,0
Anastrozole,2-fluoroAraA (fludarabine),T-47D,0
Anastrozole,2-fluoroAraA (fludarabine),UO-31,0
Anastrozole,Mercaptopurine,HS 578T,0
Anastrozole,Mercaptopurine,HT29,0
Anastrozole,Mercaptopurine,IGROV1,0
Anastrozole,Mercaptopurine,LOX IMVI,0
Anastrozole,Mercaptopurine,MCF7,0
Anastrozole,Mercaptopurine,NCI-H460,0
Anastrozole,Mercaptopurine,PC-3,0
Anastrozole,Mercaptopurine,RPMI-8226,0
Anastrozole,Mercaptopurine,SK-MEL-2,1
Anastrozole,Mercaptopurine,T-47D,1
Anastrozole,Mercaptopurine,UO-31,0
Anastrozole,Dasatinib,HS 578T,0
Anastrozole,Dasatinib,HT29,1
Anastrozole,Dasatinib,IGROV1,1
Anastrozole,Dasatinib,LOX IMVI,1
Anastrozole,Dasatinib,MCF7,0
Anastrozole,Dasatinib,NCI-H460,0
Anastrozole,Dasatinib,PC-3,0
Anastrozole,Dasatinib,RPMI-8226,0
Anastrozole,Dasatinib,T-47D,0
Anastrozole,Dasatinib,UO-31,0
Anastrozole,Sirolimus (rapamycin),HS 578T,0
Anastrozole,Sirolimus (rapamycin),HT29,0
Anastrozole,Sirolimus (rapamycin),IGROV1,0
Anastrozole,Sirolimus (rapamycin),LOX IMVI,0
Anastrozole,Sirolimus (rapamycin),MCF7,0
Anastrozole,Sirolimus (rapamycin),NCI-H460,0
Anastrozole,Sirolimus (rapamycin),PC-3,0
Anastrozole,Sirolimus (rapamycin),RPMI-8226,0
Anastrozole,Sirolimus (rapamycin),T-47D,0
Anastrozole,Sirolimus (rapamycin),UO-31,0
Anastrozole,Sunitinib,HS 578T,1
Anastrozole,Sunitinib,HT29,0
Anastrozole,Sunitinib,IGROV1,1
Anastrozole,Sunitinib,LOX IMVI,0
Anastrozole,Sunitinib,MCF7,0
Anastrozole,Sunitinib,NCI-H460,1
Anastrozole,Sunitinib,PC-3,1
Anastrozole,Sunitinib,RPMI-8226,0
Anastrozole,Sunitinib,T-47D,1
Anastrozole,Sunitinib,UO-31,0
Anastrozole,Axitinib,HS 578T,1
Anastrozole,Axitinib,HT29,0
Anastrozole,Axitinib,IGROV1,1
Anastrozole,Axitinib,LOX IMVI,0
Anastrozole,Axitinib,MCF7,1
Anastrozole,Axitinib,NCI-H460,0
Anastrozole,Axitinib,PC-3,0
Anastrozole,Axitinib,RPMI-8226,0
Anastrozole,Axitinib,SK-MEL-2,0
Anastrozole,Axitinib,T-47D,1
Anastrozole,Axitinib,UO-31,0
Anastrozole,Crizotinib,HS 578T,0
Anastrozole,Crizotinib,HT29,1
Anastrozole,Crizotinib,IGROV1,1
Anastrozole,Crizotinib,LOX IMVI,1
Anastrozole,Crizotinib,MCF7,1
Anastrozole,Crizotinib,NCI-H460,0
Anastrozole,Crizotinib,PC-3,0
Anastrozole,Crizotinib,RPMI-8226,0
Anastrozole,Crizotinib,SK-MEL-2,0
Anastrozole,Crizotinib,T-47D,1
Anastrozole,Crizotinib,UO-31,1
Anastrozole,Ruxolitinib,HS 578T,0
Anastrozole,Ruxolitinib,HT29,0
Anastrozole,Ruxolitinib,IGROV1,1
Anastrozole,Ruxolitinib,LOX IMVI,0
Anastrozole,Ruxolitinib,MCF7,1
Anastrozole,Ruxolitinib,NCI-H460,0
Anastrozole,Ruxolitinib,PC-3,1
Anastrozole,Ruxolitinib,RPMI-8226,1
Anastrozole,Ruxolitinib,SK-MEL-2,1
Anastrozole,Ruxolitinib,T-47D,0
Anastrozole,Ruxolitinib,UO-31,1
Anastrozole,Vemurafenib,HS 578T,1
Anastrozole,Vemurafenib,HT29,1
Anastrozole,Vemurafenib,IGROV1,1
Anastrozole,Vemurafenib,LOX IMVI,0
Anastrozole,Vemurafenib,MCF7,0
Anastrozole,Vemurafenib,NCI-H460,0
Anastrozole,Vemurafenib,PC-3,1
Anastrozole,Vemurafenib,RPMI-8226,1
Anastrozole,Vemurafenib,SK-MEL-2,0
Anastrozole,Vemurafenib,T-47D,1
Anastrozole,Vemurafenib,UO-31,0
Anastrozole,Everolimus,HS 578T,0
Anastrozole,Everolimus,HT29,0
Anastrozole,Everolimus,IGROV1,1
Anastrozole,Everolimus,LOX IMVI,1
Anastrozole,Everolimus,MCF7,0
Anastrozole,Everolimus,NCI-H460,1
Anastrozole,Everolimus,PC-3,0
Anastrozole,Everolimus,T-47D,1
Anastrozole,Everolimus,UO-31,1
Anastrozole,Dacarbazine,HS 578T,0
Anastrozole,Dacarbazine,HT29,0
Anastrozole,Dacarbazine,IGROV1,0
Anastrozole,Dacarbazine,LOX IMVI,0
Anastrozole,Dacarbazine,MCF7,0
Anastrozole,Dacarbazine,NCI-H460,1
Anastrozole,Dacarbazine,PC-3,0
Anastrozole,Dacarbazine,RPMI-8226,1
Anastrozole,Dacarbazine,SK-MEL-2,0
Anastrozole,Dacarbazine,T-47D,0
Anastrozole,Dacarbazine,UO-31,0
Anastrozole,Allopurinol,HS 578T,0
Anastrozole,Allopurinol,HT29,0
Anastrozole,Allopurinol,IGROV1,1
Anastrozole,Allopurinol,LOX IMVI,1
Anastrozole,Allopurinol,MCF7,0
Anastrozole,Allopurinol,NCI-H460,0
Anastrozole,Allopurinol,PC-3,0
Anastrozole,Allopurinol,RPMI-8226,0
Anastrozole,Allopurinol,SK-MEL-2,1
Anastrozole,Allopurinol,T-47D,0
Anastrozole,Allopurinol,UO-31,0
Busulfan,Celecoxib,HS 578T,0
Busulfan,Celecoxib,HT29,0
Busulfan,Celecoxib,IGROV1,1
Busulfan,Celecoxib,LOX IMVI,1
Busulfan,Celecoxib,MCF7,1
Busulfan,Celecoxib,NCI-H460,0
Busulfan,Celecoxib,PC-3,0
Busulfan,Celecoxib,RPMI-8226,1
Busulfan,Celecoxib,SK-MEL-2,1
Busulfan,Celecoxib,T-47D,1
Busulfan,Celecoxib,UO-31,1
Busulfan,Chlorambucil,HS 578T,0
Busulfan,Chlorambucil,HT29,0
Busulfan,Chlorambucil,IGROV1,1
Busulfan,Chlorambucil,LOX IMVI,1
Busulfan,Chlorambucil,MCF7,0
Busulfan,Chlorambucil,NCI-H460,0
Busulfan,Chlorambucil,PC-3,0
Busulfan,Chlorambucil,RPMI-8226,0
Busulfan,Chlorambucil,SK-MEL-2,0
Busulfan,Chlorambucil,T-47D,0
Busulfan,Chlorambucil,UO-31,0
Busulfan,Cyclophosphamide,HS 578T,0
Busulfan,Cyclophosphamide,HT29,1
Busulfan,Cyclophosphamide,IGROV1,0
Busulfan,Cyclophosphamide,LOX IMVI,0
Busulfan,Cyclophosphamide,MCF7,0
Busulfan,Cyclophosphamide,NCI-H460,0
Busulfan,Cyclophosphamide,PC-3,0
Busulfan,Cyclophosphamide,RPMI-8226,0
Busulfan,Cyclophosphamide,T-47D,0
Busulfan,Cyclophosphamide,UO-31,0
Busulfan,5-Fluorouracil,HS 578T,0
Busulfan,5-Fluorouracil,HT29,0
Busulfan,5-Fluorouracil,IGROV1,1
Busulfan,5-Fluorouracil,LOX IMVI,1
Busulfan,5-Fluorouracil,MCF7,0
Busulfan,5-Fluorouracil,NCI-H460,0
Busulfan,5-Fluorouracil,PC-3,0
Busulfan,5-Fluorouracil,RPMI-8226,0
Busulfan,5-Fluorouracil,SK-MEL-2,0
Busulfan,5-Fluorouracil,T-47D,0
Busulfan,5-Fluorouracil,UO-31,0
Busulfan,Ifosfamide,HS 578T,1
Busulfan,Ifosfamide,HT29,0
Busulfan,Ifosfamide,IGROV1,1
Busulfan,Ifosfamide,LOX IMVI,0
Busulfan,Ifosfamide,MCF7,0
Busulfan,Ifosfamide,NCI-H460,0
Busulfan,Ifosfamide,PC-3,0
Busulfan,Ifosfamide,RPMI-8226,0
Busulfan,Ifosfamide,T-47D,0
Busulfan,Ifosfamide,UO-31,0
Busulfan,Letrozole,HS 578T,1
Busulfan,Letrozole,HT29,0
Busulfan,Letrozole,IGROV1,1
Busulfan,Letrozole,LOX IMVI,1
Busulfan,Letrozole,MCF7,1
Busulfan,Letrozole,NCI-H460,0
Busulfan,Letrozole,PC-3,0
Busulfan,Letrozole,RPMI-8226,1
Busulfan,Letrozole,SK-MEL-2,1
Busulfan,Letrozole,T-47D,0
Busulfan,Letrozole,UO-31,0
Busulfan,Methoxsalen,HS 578T,0
Busulfan,Methoxsalen,HT29,0
Busulfan,Methoxsalen,IGROV1,1
Busulfan,Methoxsalen,LOX IMVI,1
Busulfan,Methoxsalen,MCF7,1
Busulfan,Methoxsalen,NCI-H460,0
Busulfan,Methoxsalen,PC-3,1
Busulfan,Methoxsalen,RPMI-8226,0
Busulfan,Methoxsalen,T-47D,0
Busulfan,Methoxsalen,UO-31,0
Busulfan,Mitotane,HS 578T,1
Busulfan,Mitotane,HT29,0
Busulfan,Mitotane,IGROV1,0
Busulfan,Mitotane,LOX IMVI,1
Busulfan,Mitotane,MCF7,1
Busulfan,Mitotane,NCI-H460,0
Busulfan,Mitotane,PC-3,0
Busulfan,Mitotane,RPMI-8226,0
Busulfan,Mitotane,T-47D,0
Busulfan,Mitotane,UO-31,1
Busulfan,Mitoxantrone,HS 578T,0
Busulfan,Mitoxantrone,HT29,0
Busulfan,Mitoxantrone,IGROV1,0
Busulfan,Mitoxantrone,LOX IMVI,1
Busulfan,Mitoxantrone,MCF7,0
Busulfan,Mitoxantrone,NCI-H460,0
Busulfan,Mitoxantrone,PC-3,0
Busulfan,Mitoxantrone,RPMI-8226,0
Busulfan,Mitoxantrone,SK-MEL-2,0
Busulfan,Mitoxantrone,T-47D,0
Busulfan,Mitoxantrone,UO-31,0
Busulfan,Raloxifene,HS 578T,0
Busulfan,Raloxifene,HT29,0
Busulfan,Raloxifene,IGROV1,0
Busulfan,Raloxifene,LOX IMVI,0
Busulfan,Raloxifene,MCF7,0
Busulfan,Raloxifene,NCI-H460,0
Busulfan,Raloxifene,PC-3,1
Busulfan,Raloxifene,RPMI-8226,0
Busulfan,Raloxifene,SK-MEL-2,0
Busulfan,Raloxifene,T-47D,0
Busulfan,Raloxifene,UO-31,0
Busulfan,Imatinib,HS 578T,0
Busulfan,Imatinib,HT29,0
Busulfan,Imatinib,IGROV1,0
Busulfan,Imatinib,LOX IMVI,1
Busulfan,Imatinib,MCF7,0
Busulfan,Imatinib,NCI-H460,0
Busulfan,Imatinib,PC-3,0
Busulfan,Imatinib,RPMI-8226,0
Busulfan,Imatinib,SK-MEL-2,1
Busulfan,Imatinib,T-47D,0
Busulfan,Imatinib,UO-31,0
Busulfan,Vorinostat,HS 578T,0
Busulfan,Vorinostat,HT29,0
Busulfan,Vorinostat,IGROV1,0
Busulfan,Vorinostat,LOX IMVI,1
Busulfan,Vorinostat,MCF7,1
Busulfan,Vorinostat,NCI-H460,1
Busulfan,Vorinostat,PC-3,0
Busulfan,Vorinostat,RPMI-8226,0
Busulfan,Vorinostat,SK-MEL-2,0
Busulfan,Vorinostat,T-47D,0
Busulfan,Vorinostat,UO-31,0
Busulfan,Thalidomide,HS 578T,1
Busulfan,Thalidomide,HT29,1
Busulfan,Thalidomide,IGROV1,0
Busulfan,Thalidomide,LOX IMVI,0
Busulfan,Thalidomide,MCF7,1
Busulfan,Thalidomide,NCI-H460,0
Busulfan,Thalidomide,PC-3,0
Busulfan,Thalidomide,RPMI-8226,0
Busulfan,Thalidomide,T-47D,0
Busulfan,Thalidomide,UO-31,0
Busulfan,Thiotepa,HS 578T,0
Busulfan,Thiotepa,HT29,1
Busulfan,Thiotepa,IGROV1,0
Busulfan,Thiotepa,LOX IMVI,0
Busulfan,Thiotepa,MCF7,0
Busulfan,Thiotepa,NCI-H460,0
Busulfan,Thiotepa,PC-3,1
Busulfan,Thiotepa,RPMI-8226,0
Busulfan,Thiotepa,T-47D,0
Busulfan,Thiotepa,UO-31,0
Busulfan,Mitomycin C,HS 578T,1
Busulfan,Mitomycin C,HT29,0
Busulfan,Mitomycin C,IGROV1,0
Busulfan,Mitomycin C,LOX IMVI,0
Busulfan,Mitomycin C,MCF7,0
Busulfan,Mitomycin C,NCI-H460,0
Busulfan,Mitomycin C,PC-3,0
Busulfan,Mitomycin C,RPMI-8226,1
Busulfan,Mitomycin C,T-47D,0
Busulfan,Mitomycin C,UO-31,0
Busulfan,Floxuridine,HS 578T,0
Busulfan,Floxuridine,HT29,0
Busulfan,Floxuridine,IGROV1,0
Busulfan,Floxuridine,LOX IMVI,0
Busulfan,Floxuridine,MCF7,0
Busulfan,Floxuridine,NCI-H460,0
Busulfan,Floxuridine,PC-3,0
Busulfan,Floxuridine,RPMI-8226,0
Busulfan,Floxuridine,T-47D,0
Busulfan,Floxuridine,UO-31,0
Busulfan,Azacitidine,HS 578T,0
Busulfan,Azacitidine,HT29,0
Busulfan,Azacitidine,IGROV1,0
Busulfan,Azacitidine,LOX IMVI,0
Busulfan,Azacitidine,MCF7,0
Busulfan,Azacitidine,NCI-H460,0
Busulfan,Azacitidine,PC-3,0
Busulfan,Azacitidine,RPMI-8226,0
Busulfan,Azacitidine,T-47D,0
Busulfan,Azacitidine,UO-31,0
Busulfan,Megestrol,HS 578T,0
Busulfan,Megestrol,HT29,0
Busulfan,Megestrol,IGROV1,0
Busulfan,Megestrol,LOX IMVI,0
Busulfan,Megestrol,MCF7,0
Busulfan,Megestrol,NCI-H460,0
Busulfan,Megestrol,PC-3,0
Busulfan,Megestrol,RPMI-8226,0
Busulfan,Megestrol,SK-MEL-2,0
Busulfan,Megestrol,T-47D,0
Busulfan,Megestrol,UO-31,0
Busulfan,Cladribine,HS 578T,1
Busulfan,Cladribine,HT29,0
Busulfan,Cladribine,IGROV1,0
Busulfan,Cladribine,LOX IMVI,0
Busulfan,Cladribine,MCF7,0
Busulfan,Cladribine,NCI-H460,0
Busulfan,Cladribine,PC-3,0
Busulfan,Cladribine,RPMI-8226,0
Busulfan,Cladribine,T-47D,0
Busulfan,Cladribine,UO-31,0
Busulfan,Paclitaxel,HS 578T,0
Busulfan,Paclitaxel,HT29,0
Busulfan,Paclitaxel,IGROV1,0
Busulfan,Paclitaxel,LOX IMVI,0
Busulfan,Paclitaxel,MCF7,0
Busulfan,Paclitaxel,NCI-H460,0
Busulfan,Paclitaxel,PC-3,0
Busulfan,Paclitaxel,RPMI-8226,0
Busulfan,Paclitaxel,UO-31,0
Busulfan,Etoposide,HS 578T,0
Busulfan,Etoposide,HT29,0
Busulfan,Etoposide,IGROV1,0
Busulfan,Etoposide,LOX IMVI,1
Busulfan,Etoposide,MCF7,0
Busulfan,Etoposide,NCI-H460,0
Busulfan,Etoposide,PC-3,0
Busulfan,Etoposide,RPMI-8226,0
Busulfan,Etoposide,SK-MEL-2,0
Busulfan,Etoposide,T-47D,0
Busulfan,Etoposide,UO-31,0
Busulfan,Imiquimod,HS 578T,0
Busulfan,Imiquimod,HT29,0
Busulfan,Imiquimod,IGROV1,1
Busulfan,Imiquimod,MCF7,0
Busulfan,Imiquimod,NCI-H460,0
Busulfan,Imiquimod,PC-3,0
Busulfan,Imiquimod,RPMI-8226,0
Busulfan,Imiquimod,SK-MEL-2,1
Busulfan,Imiquimod,T-47D,1
Busulfan,Imiquimod,UO-31,1
Busulfan,Exemestane,HS 578T,0
Busulfan,Exemestane,HT29,0
Busulfan,Exemestane,IGROV1,0
Busulfan,Exemestane,LOX IMVI,1
Busulfan,Exemestane,MCF7,0
Busulfan,Exemestane,NCI-H460,0
Busulfan,Exemestane,PC-3,0
Busulfan,Exemestane,RPMI-8226,0
Busulfan,Exemestane,SK-MEL-2,0
Busulfan,Exemestane,T-47D,0
Busulfan,Exemestane,UO-31,0
Busulfan,Dexrazoxane,HS 578T,1
Busulfan,Dexrazoxane,HT29,0
Busulfan,Dexrazoxane,IGROV1,1
Busulfan,Dexrazoxane,LOX IMVI,1
Busulfan,Dexrazoxane,MCF7,0
Busulfan,Dexrazoxane,NCI-H460,0
Busulfan,Dexrazoxane,PC-3,0
Busulfan,Dexrazoxane,RPMI-8226,0
Busulfan,Dexrazoxane,SK-MEL-2,0
Busulfan,Dexrazoxane,T-47D,0
Busulfan,Dexrazoxane,UO-31,0
Busulfan,Fulvestrant,HS 578T,0
Busulfan,Fulvestrant,HT29,0
Busulfan,Fulvestrant,IGROV1,1
Busulfan,Fulvestrant,LOX IMVI,1
Busulfan,Fulvestrant,NCI-H460,1
Busulfan,Fulvestrant,PC-3,1
Busulfan,Fulvestrant,RPMI-8226,0
Busulfan,Fulvestrant,SK-MEL-2,1
Busulfan,Fulvestrant,T-47D,0
Busulfan,Fulvestrant,UO-31,1
Busulfan,Clofarabine,HS 578T,0
Busulfan,Clofarabine,HT29,1
Busulfan,Clofarabine,IGROV1,0
Busulfan,Clofarabine,LOX IMVI,0
Busulfan,Clofarabine,MCF7,0
Busulfan,Clofarabine,NCI-H460,0
Busulfan,Clofarabine,PC-3,0
Busulfan,Clofarabine,RPMI-8226,1
Busulfan,Clofarabine,T-47D,0
Busulfan,Clofarabine,UO-31,0
Busulfan,Gefitinib,HS 578T,1
Busulfan,Gefitinib,HT29,0
Busulfan,Gefitinib,IGROV1,0
Busulfan,Gefitinib,LOX IMVI,1
Busulfan,Gefitinib,MCF7,0
Busulfan,Gefitinib,NCI-H460,0
Busulfan,Gefitinib,PC-3,0
Busulfan,Gefitinib,RPMI-8226,0
Busulfan,Gefitinib,SK-MEL-2,0
Busulfan,Gefitinib,T-47D,0
Busulfan,Gefitinib,UO-31,0
Busulfan,Methotrexate,HS 578T,0
Busulfan,Methotrexate,HT29,0
Busulfan,Methotrexate,IGROV1,0
Busulfan,Methotrexate,LOX IMVI,0
Busulfan,Methotrexate,MCF7,0
Busulfan,Methotrexate,NCI-H460,0
Busulfan,Methotrexate,PC-3,0
Busulfan,Methotrexate,RPMI-8226,0
Busulfan,Methotrexate,T-47D,0
Busulfan,Methotrexate,UO-31,0
Busulfan,Abiraterone,HS 578T,0
Busulfan,Abiraterone,HT29,0
Busulfan,Abiraterone,IGROV1,0
Busulfan,Abiraterone,LOX IMVI,0
Busulfan,Abiraterone,MCF7,1
Busulfan,Abiraterone,NCI-H460,0
Busulfan,Abiraterone,PC-3,0
Busulfan,Abiraterone,RPMI-8226,0
Busulfan,Abiraterone,SK-MEL-2,0
Busulfan,Abiraterone,T-47D,0
Busulfan,Abiraterone,UO-31,1
Busulfan,Docetaxel,HS 578T,0
Busulfan,Docetaxel,IGROV1,0
Busulfan,Docetaxel,LOX IMVI,0
Busulfan,Docetaxel,MCF7,0
Busulfan,Docetaxel,NCI-H460,0
Busulfan,Docetaxel,PC-3,0
Busulfan,Docetaxel,RPMI-8226,1
Busulfan,Docetaxel,T-47D,0
Busulfan,Docetaxel,UO-31,0
Busulfan,Erlotinib,HS 578T,0
Busulfan,Erlotinib,HT29,1
Busulfan,Erlotinib,IGROV1,1
Busulfan,Erlotinib,LOX IMVI,0
Busulfan,Erlotinib,MCF7,1
Busulfan,Erlotinib,NCI-H460,1
Busulfan,Erlotinib,PC-3,1
Busulfan,Erlotinib,RPMI-8226,1
Busulfan,Erlotinib,T-47D,1
Busulfan,Erlotinib,UO-31,0
Busulfan,Lapatinib,HS 578T,1
Busulfan,Lapatinib,HT29,0
Busulfan,Lapatinib,IGROV1,0
Busulfan,Lapatinib,LOX IMVI,1
Busulfan,Lapatinib,MCF7,1
Busulfan,Lapatinib,NCI-H460,1
Busulfan,Lapatinib,PC-3,0
Busulfan,Lapatinib,RPMI-8226,1
Busulfan,Lapatinib,SK-MEL-2,1
Busulfan,Lapatinib,T-47D,0
Busulfan,Lapatinib,UO-31,1
Busulfan,Sorafenib,HS 578T,0
Busulfan,Sorafenib,HT29,0
Busulfan,Sorafenib,IGROV1,0
Busulfan,Sorafenib,LOX IMVI,0
Busulfan,Sorafenib,MCF7,0
Busulfan,Sorafenib,NCI-H460,0
Busulfan,Sorafenib,PC-3,0
Busulfan,Sorafenib,RPMI-8226,0
Busulfan,Sorafenib,SK-MEL-2,0
Busulfan,Sorafenib,T-47D,0
Busulfan,Sorafenib,UO-31,1
Busulfan,Lenalidomide,HS 578T,1
Busulfan,Lenalidomide,HT29,1
Busulfan,Lenalidomide,IGROV1,1
Busulfan,Lenalidomide,LOX IMVI,0
Busulfan,Lenalidomide,MCF7,1
Busulfan,Lenalidomide,NCI-H460,1
Busulfan,Lenalidomide,PC-3,1
Busulfan,Lenalidomide,RPMI-8226,1
Busulfan,Lenalidomide,SK-MEL-2,1
Busulfan,Lenalidomide,T-47D,1
Busulfan,Lenalidomide,UO-31,1
Busulfan,Capecitabine,HS 578T,0
Busulfan,Capecitabine,HT29,0
Busulfan,Capecitabine,IGROV1,0
Busulfan,Capecitabine,LOX IMVI,1
Busulfan,Capecitabine,MCF7,1
Busulfan,Capecitabine,NCI-H460,0
Busulfan,Capecitabine,PC-3,1
Busulfan,Capecitabine,RPMI-8226,1
Busulfan,Capecitabine,SK-MEL-2,1
Busulfan,Capecitabine,T-47D,1
Busulfan,Capecitabine,UO-31,0
Busulfan,Tretinoin,HS 578T,0
Busulfan,Tretinoin,HT29,1
Busulfan,Tretinoin,IGROV1,0
Busulfan,Tretinoin,LOX IMVI,0
Busulfan,Tretinoin,MCF7,0
Busulfan,Tretinoin,NCI-H460,1
Busulfan,Tretinoin,PC-3,0
Busulfan,Tretinoin,RPMI-8226,0
Busulfan,Tretinoin,T-47D,0
Busulfan,Tretinoin,UO-31,0
Busulfan,Decitabine,HS 578T,1
Busulfan,Decitabine,HT29,1
Busulfan,Decitabine,IGROV1,0
Busulfan,Decitabine,LOX IMVI,1
Busulfan,Decitabine,MCF7,0
Busulfan,Decitabine,NCI-H460,1
Busulfan,Decitabine,PC-3,1
Busulfan,Decitabine,RPMI-8226,1
Busulfan,Decitabine,SK-MEL-2,1
Busulfan,Decitabine,T-47D,0
Busulfan,Decitabine,UO-31,0
Busulfan,Teniposide,HS 578T,0
Busulfan,Teniposide,HT29,0
Busulfan,Teniposide,IGROV1,0
Busulfan,Teniposide,LOX IMVI,1
Busulfan,Teniposide,MCF7,0
Busulfan,Teniposide,NCI-H460,0
Busulfan,Teniposide,PC-3,0
Busulfan,Teniposide,RPMI-8226,0
Busulfan,Teniposide,SK-MEL-2,0
Busulfan,Teniposide,T-47D,0
Busulfan,Teniposide,UO-31,0
Busulfan,Dactinomycin,HS 578T,1
Busulfan,Dactinomycin,HT29,0
Busulfan,Dactinomycin,IGROV1,0
Busulfan,Dactinomycin,LOX IMVI,0
Busulfan,Dactinomycin,MCF7,0
Busulfan,Dactinomycin,PC-3,0
Busulfan,Dactinomycin,RPMI-8226,1
Busulfan,Dactinomycin,UO-31,0
Busulfan,Nilotinib,HS 578T,0
Busulfan,Nilotinib,HT29,0
Busulfan,Nilotinib,IGROV1,1
Busulfan,Nilotinib,LOX IMVI,1
Busulfan,Nilotinib,MCF7,1
Busulfan,Nilotinib,NCI-H460,0
Busulfan,Nilotinib,PC-3,1
Busulfan,Nilotinib,RPMI-8226,1
Busulfan,Nilotinib,SK-MEL-2,0
Busulfan,Nilotinib,T-47D,1
Busulfan,Nilotinib,UO-31,0
Busulfan,2-fluoroAraA (fludarabine),HS 578T,0
Busulfan,2-fluoroAraA (fludarabine),HT29,1
Busulfan,2-fluoroAraA (fludarabine),IGROV1,0
Busulfan,2-fluoroAraA (fludarabine),LOX IMVI,0
Busulfan,2-fluoroAraA (fludarabine),MCF7,0
Busulfan,2-fluoroAraA (fludarabine),NCI-H460,1
Busulfan,2-fluoroAraA (fludarabine),PC-3,0
Busulfan,2-fluoroAraA (fludarabine),RPMI-8226,1
Busulfan,2-fluoroAraA (fludarabine),T-47D,0
Busulfan,2-fluoroAraA (fludarabine),UO-31,0
Busulfan,Mercaptopurine,HS 578T,0
Busulfan,Mercaptopurine,HT29,0
Busulfan,Mercaptopurine,IGROV1,0
Busulfan,Mercaptopurine,LOX IMVI,0
Busulfan,Mercaptopurine,MCF7,0
Busulfan,Mercaptopurine,NCI-H460,1
Busulfan,Mercaptopurine,PC-3,0
Busulfan,Mercaptopurine,RPMI-8226,0
Busulfan,Mercaptopurine,T-47D,0
Busulfan,Mercaptopurine,UO-31,0
Busulfan,Dasatinib,HS 578T,0
Busulfan,Dasatinib,HT29,0
Busulfan,Dasatinib,IGROV1,0
Busulfan,Dasatinib,LOX IMVI,0
Busulfan,Dasatinib,MCF7,1
Busulfan,Dasatinib,NCI-H460,1
Busulfan,Dasatinib,PC-3,0
Busulfan,Dasatinib,RPMI-8226,1
Busulfan,Dasatinib,SK-MEL-2,0
Busulfan,Dasatinib,T-47D,0
Busulfan,Dasatinib,UO-31,0
Busulfan,Sirolimus (rapamycin),HS 578T,0
Busulfan,Sirolimus (rapamycin),HT29,0
Busulfan,Sirolimus (rapamycin),IGROV1,0
Busulfan,Sirolimus (rapamycin),LOX IMVI,0
Busulfan,Sirolimus (rapamycin),MCF7,0
Busulfan,Sirolimus (rapamycin),NCI-H460,0
Busulfan,Sirolimus (rapamycin),PC-3,0
Busulfan,Sirolimus (rapamycin),RPMI-8226,0
Busulfan,Sirolimus (rapamycin),T-47D,0
Busulfan,Sirolimus (rapamycin),UO-31,0
Busulfan,Sunitinib,HS 578T,0
Busulfan,Sunitinib,HT29,0
Busulfan,Sunitinib,IGROV1,0
Busulfan,Sunitinib,LOX IMVI,0
Busulfan,Sunitinib,MCF7,0
Busulfan,Sunitinib,NCI-H460,0
Busulfan,Sunitinib,PC-3,0
Busulfan,Sunitinib,RPMI-8226,0
Busulfan,Sunitinib,SK-MEL-2,0
Busulfan,Sunitinib,T-47D,0
Busulfan,Sunitinib,UO-31,0
Busulfan,Axitinib,HS 578T,0
Busulfan,Axitinib,HT29,0
Busulfan,Axitinib,IGROV1,0
Busulfan,Axitinib,LOX IMVI,0
Busulfan,Axitinib,MCF7,0
Busulfan,Axitinib,NCI-H460,0
Busulfan,Axitinib,PC-3,0
Busulfan,Axitinib,RPMI-8226,0
Busulfan,Axitinib,SK-MEL-2,0
Busulfan,Axitinib,T-47D,0
Busulfan,Axitinib,UO-31,0
Busulfan,Crizotinib,HS 578T,0
Busulfan,Crizotinib,HT29,0
Busulfan,Crizotinib,IGROV1,0
Busulfan,Crizotinib,LOX IMVI,0
Busulfan,Crizotinib,MCF7,0
Busulfan,Crizotinib,NCI-H460,0
Busulfan,Crizotinib,PC-3,0
Busulfan,Crizotinib,RPMI-8226,0
Busulfan,Crizotinib,SK-MEL-2,0
Busulfan,Crizotinib,T-47D,0
Busulfan,Crizotinib,UO-31,0
Busulfan,Ruxolitinib,HS 578T,0
Busulfan,Ruxolitinib,HT29,0
Busulfan,Ruxolitinib,IGROV1,0
Busulfan,Ruxolitinib,LOX IMVI,0
Busulfan,Ruxolitinib,MCF7,0
Busulfan,Ruxolitinib,NCI-H460,0
Busulfan,Ruxolitinib,PC-3,0
Busulfan,Ruxolitinib,RPMI-8226,0
Busulfan,Ruxolitinib,SK-MEL-2,0
Busulfan,Ruxolitinib,T-47D,0
Busulfan,Ruxolitinib,UO-31,0
Busulfan,Vemurafenib,HS 578T,0
Busulfan,Vemurafenib,HT29,0
Busulfan,Vemurafenib,IGROV1,0
Busulfan,Vemurafenib,LOX IMVI,1
Busulfan,Vemurafenib,MCF7,0
Busulfan,Vemurafenib,NCI-H460,0
Busulfan,Vemurafenib,PC-3,0
Busulfan,Vemurafenib,RPMI-8226,0
Busulfan,Vemurafenib,SK-MEL-2,0
Busulfan,Vemurafenib,T-47D,0
Busulfan,Vemurafenib,UO-31,0
Busulfan,Everolimus,HS 578T,0
Busulfan,Everolimus,HT29,0
Busulfan,Everolimus,IGROV1,0
Busulfan,Everolimus,LOX IMVI,0
Busulfan,Everolimus,MCF7,0
Busulfan,Everolimus,NCI-H460,1
Busulfan,Everolimus,PC-3,0
Busulfan,Everolimus,RPMI-8226,0
Busulfan,Everolimus,SK-MEL-2,0
Busulfan,Everolimus,T-47D,0
Busulfan,Everolimus,UO-31,0
Busulfan,Dacarbazine,HS 578T,1
Busulfan,Dacarbazine,HT29,0
Busulfan,Dacarbazine,IGROV1,0
Busulfan,Dacarbazine,LOX IMVI,0
Busulfan,Dacarbazine,MCF7,0
Busulfan,Dacarbazine,NCI-H460,0
Busulfan,Dacarbazine,PC-3,0
Busulfan,Dacarbazine,RPMI-8226,0
Busulfan,Dacarbazine,SK-MEL-2,0
Busulfan,Dacarbazine,T-47D,0
Busulfan,Dacarbazine,UO-31,0
Busulfan,Allopurinol,HS 578T,1
Busulfan,Allopurinol,HT29,0
Busulfan,Allopurinol,IGROV1,1
Busulfan,Allopurinol,LOX IMVI,0
Busulfan,Allopurinol,MCF7,1
Busulfan,Allopurinol,NCI-H460,0
Busulfan,Allopurinol,PC-3,0
Busulfan,Allopurinol,RPMI-8226,0
Busulfan,Allopurinol,SK-MEL-2,0
Busulfan,Allopurinol,T-47D,0
Busulfan,Allopurinol,UO-31,1
Celecoxib,Chlorambucil,HS 578T,0
Celecoxib,Chlorambucil,HT29,0
Celecoxib,Chlorambucil,IGROV1,0
Celecoxib,Chlorambucil,LOX IMVI,0
Celecoxib,Chlorambucil,MCF7,0
Celecoxib,Chlorambucil,NCI-H460,0
Celecoxib,Chlorambucil,PC-3,1
Celecoxib,Chlorambucil,RPMI-8226,0
Celecoxib,Chlorambucil,SK-MEL-2,0
Celecoxib,Chlorambucil,T-47D,0
Celecoxib,Chlorambucil,UO-31,0
Celecoxib,Cyclophosphamide,HS 578T,0
Celecoxib,Cyclophosphamide,HT29,0
Celecoxib,Cyclophosphamide,LOX IMVI,0
Celecoxib,Cyclophosphamide,MCF7,0
Celecoxib,Cyclophosphamide,NCI-H460,0
Celecoxib,Cyclophosphamide,PC-3,0
Celecoxib,Cyclophosphamide,RPMI-8226,1
Celecoxib,Cyclophosphamide,T-47D,0
Celecoxib,Cyclophosphamide,UO-31,0
Celecoxib,5-Fluorouracil,HS 578T,0
Celecoxib,5-Fluorouracil,HT29,0
Celecoxib,5-Fluorouracil,IGROV1,1
Celecoxib,5-Fluorouracil,LOX IMVI,0
Celecoxib,5-Fluorouracil,MCF7,1
Celecoxib,5-Fluorouracil,NCI-H460,0
Celecoxib,5-Fluorouracil,PC-3,1
Celecoxib,5-Fluorouracil,RPMI-8226,0
Celecoxib,5-Fluorouracil,SK-MEL-2,0
Celecoxib,5-Fluorouracil,T-47D,0
Celecoxib,5-Fluorouracil,UO-31,0
Celecoxib,Ifosfamide,HS 578T,0
Celecoxib,Ifosfamide,HT29,1
Celecoxib,Ifosfamide,IGROV1,1
Celecoxib,Ifosfamide,LOX IMVI,0
Celecoxib,Ifosfamide,MCF7,0
Celecoxib,Ifosfamide,NCI-H460,0
Celecoxib,Ifosfamide,PC-3,0
Celecoxib,Ifosfamide,RPMI-8226,0
Celecoxib,Ifosfamide,T-47D,0
Celecoxib,Ifosfamide,UO-31,0
Celecoxib,Letrozole,HS 578T,0
Celecoxib,Letrozole,HT29,0
Celecoxib,Letrozole,IGROV1,0
Celecoxib,Letrozole,LOX IMVI,0
Celecoxib,Letrozole,MCF7,0
Celecoxib,Letrozole,NCI-H460,0
Celecoxib,Letrozole,PC-3,0
Celecoxib,Letrozole,RPMI-8226,0
Celecoxib,Letrozole,T-47D,1
Celecoxib,Letrozole,UO-31,0
Celecoxib,Methoxsalen,HS 578T,1
Celecoxib,Methoxsalen,HT29,1
Celecoxib,Methoxsalen,IGROV1,0
Celecoxib,Methoxsalen,LOX IMVI,0
Celecoxib,Methoxsalen,MCF7,0
Celecoxib,Methoxsalen,NCI-H460,0
Celecoxib,Methoxsalen,PC-3,0
Celecoxib,Methoxsalen,RPMI-8226,0
Celecoxib,Methoxsalen,T-47D,0
Celecoxib,Methoxsalen,UO-31,0
Celecoxib,Mitotane,HS 578T,0
Celecoxib,Mitotane,HT29,0
Celecoxib,Mitotane,IGROV1,0
Celecoxib,Mitotane,LOX IMVI,0
Celecoxib,Mitotane,MCF7,0
Celecoxib,Mitotane,NCI-H460,0
Celecoxib,Mitotane,PC-3,0
Celecoxib,Mitotane,RPMI-8226,0
Celecoxib,Mitotane,T-47D,0
Celecoxib,Mitotane,UO-31,0
Celecoxib,Mitoxantrone,HS 578T,0
Celecoxib,Mitoxantrone,HT29,0
Celecoxib,Mitoxantrone,IGROV1,0
Celecoxib,Mitoxantrone,LOX IMVI,0
Celecoxib,Mitoxantrone,MCF7,0
Celecoxib,Mitoxantrone,NCI-H460,0
Celecoxib,Mitoxantrone,PC-3,1
Celecoxib,Mitoxantrone,RPMI-8226,0
Celecoxib,Mitoxantrone,SK-MEL-2,0
Celecoxib,Mitoxantrone,T-47D,1
Celecoxib,Mitoxantrone,UO-31,0
Celecoxib,Raloxifene,HS 578T,1
Celecoxib,Raloxifene,HT29,0
Celecoxib,Raloxifene,IGROV1,0
Celecoxib,Raloxifene,LOX IMVI,0
Celecoxib,Raloxifene,MCF7,1
Celecoxib,Raloxifene,NCI-H460,0
Celecoxib,Raloxifene,PC-3,1
Celecoxib,Raloxifene,RPMI-8226,0
Celecoxib,Raloxifene,SK-MEL-2,0
Celecoxib,Raloxifene,T-47D,0
Celecoxib,Raloxifene,UO-31,1
Celecoxib,Imatinib,HS 578T,1
Celecoxib,Imatinib,HT29,1
Celecoxib,Imatinib,IGROV1,0
Celecoxib,Imatinib,MCF7,0
Celecoxib,Imatinib,NCI-H460,0
Celecoxib,Imatinib,PC-3,0
Celecoxib,Imatinib,RPMI-8226,0
Celecoxib,Imatinib,T-47D,0
Celecoxib,Imatinib,UO-31,0
Celecoxib,Vorinostat,HS 578T,0
Celecoxib,Vorinostat,HT29,0
Celecoxib,Vorinostat,IGROV1,0
Celecoxib,Vorinostat,LOX IMVI,0
Celecoxib,Vorinostat,MCF7,0
Celecoxib,Vorinostat,NCI-H460,0
Celecoxib,Vorinostat,PC-3,0
Celecoxib,Vorinostat,RPMI-8226,0
Celecoxib,Vorinostat,T-47D,0
Celecoxib,Vorinostat,UO-31,0
Celecoxib,Thalidomide,HS 578T,0
Celecoxib,Thalidomide,HT29,0
Celecoxib,Thalidomide,IGROV1,0
Celecoxib,Thalidomide,LOX IMVI,0
Celecoxib,Thalidomide,MCF7,0
Celecoxib,Thalidomide,NCI-H460,0
Celecoxib,Thalidomide,PC-3,0
Celecoxib,Thalidomide,RPMI-8226,0
Celecoxib,Thalidomide,T-47D,0
Celecoxib,Thalidomide,UO-31,0
Celecoxib,Thiotepa,HS 578T,0
Celecoxib,Thiotepa,HT29,0
Celecoxib,Thiotepa,IGROV1,0
Celecoxib,Thiotepa,LOX IMVI,0
Celecoxib,Thiotepa,MCF7,1
Celecoxib,Thiotepa,NCI-H460,0
Celecoxib,Thiotepa,PC-3,0
Celecoxib,Thiotepa,RPMI-8226,0
Celecoxib,Thiotepa,T-47D,0
Celecoxib,Thiotepa,UO-31,0
Celecoxib,Mitomycin C,HS 578T,0
Celecoxib,Mitomycin C,HT29,0
Celecoxib,Mitomycin C,IGROV1,0
Celecoxib,Mitomycin C,LOX IMVI,0
Celecoxib,Mitomycin C,MCF7,0
Celecoxib,Mitomycin C,NCI-H460,0
Celecoxib,Mitomycin C,PC-3,0
Celecoxib,Mitomycin C,RPMI-8226,0
Celecoxib,Mitomycin C,T-47D,0
Celecoxib,Mitomycin C,UO-31,0
Celecoxib,Floxuridine,HS 578T,0
Celecoxib,Floxuridine,HT29,0
Celecoxib,Floxuridine,LOX IMVI,0
Celecoxib,Floxuridine,MCF7,0
Celecoxib,Floxuridine,NCI-H460,0
Celecoxib,Floxuridine,PC-3,0
Celecoxib,Floxuridine,RPMI-8226,0
Celecoxib,Floxuridine,T-47D,0
Celecoxib,Floxuridine,UO-31,0
Celecoxib,Azacitidine,HS 578T,0
Celecoxib,Azacitidine,HT29,0
Celecoxib,Azacitidine,IGROV1,0
Celecoxib,Azacitidine,LOX IMVI,0
Celecoxib,Azacitidine,MCF7,1
Celecoxib,Azacitidine,NCI-H460,0
Celecoxib,Azacitidine,PC-3,0
Celecoxib,Azacitidine,RPMI-8226,0
Celecoxib,Azacitidine,T-47D,1
Celecoxib,Azacitidine,UO-31,0
Celecoxib,Megestrol,HS 578T,0
Celecoxib,Megestrol,HT29,0
Celecoxib,Megestrol,IGROV1,0
Celecoxib,Megestrol,LOX IMVI,1
Celecoxib,Megestrol,MCF7,0
Celecoxib,Megestrol,NCI-H460,1
Celecoxib,Megestrol,PC-3,1
Celecoxib,Megestrol,RPMI-8226,1
Celecoxib,Megestrol,SK-MEL-2,0
Celecoxib,Megestrol,T-47D,1
Celecoxib,Megestrol,UO-31,0
Celecoxib,Cladribine,HS 578T,1
Celecoxib,Cladribine,HT29,0
Celecoxib,Cladribine,IGROV1,0
Celecoxib,Cladribine,LOX IMVI,0
Celecoxib,Cladribine,MCF7,0
Celecoxib,Cladribine,NCI-H460,0
Celecoxib,Cladribine,PC-3,0
Celecoxib,Cladribine,RPMI-8226,0
Celecoxib,Cladribine,T-47D,0
Celecoxib,Cladribine,UO-31,0
Celecoxib,Paclitaxel,HS 578T,1
Celecoxib,Paclitaxel,HT29,1
Celecoxib,Paclitaxel,IGROV1,1
Celecoxib,Paclitaxel,LOX IMVI,0
Celecoxib,Paclitaxel,MCF7,0
Celecoxib,Paclitaxel,NCI-H460,1
Celecoxib,Paclitaxel,PC-3,1
Celecoxib,Paclitaxel,RPMI-8226,0
Celecoxib,Paclitaxel,T-47D,0
Celecoxib,Paclitaxel,UO-31,0
Celecoxib,Etoposide,HS 578T,0
Celecoxib,Etoposide,HT29,1
Celecoxib,Etoposide,IGROV1,0
Celecoxib,Etoposide,LOX IMVI,0
Celecoxib,Etoposide,MCF7,0
Celecoxib,Etoposide,NCI-H460,0
Celecoxib,Etoposide,PC-3,1
Celecoxib,Etoposide,RPMI-8226,0
Celecoxib,Etoposide,SK-MEL-2,0
Celecoxib,Etoposide,T-47D,0
Celecoxib,Etoposide,UO-31,0
Celecoxib,Imiquimod,HS 578T,0
Celecoxib,Imiquimod,HT29,0
Celecoxib,Imiquimod,IGROV1,0
Celecoxib,Imiquimod,MCF7,0
Celecoxib,Imiquimod,NCI-H460,0
Celecoxib,Imiquimod,PC-3,0
Celecoxib,Imiquimod,RPMI-8226,0
Celecoxib,Imiquimod,T-47D,0
Celecoxib,Imiquimod,UO-31,0
Celecoxib,Exemestane,HS 578T,1
Celecoxib,Exemestane,HT29,1
Celecoxib,Exemestane,IGROV1,0
Celecoxib,Exemestane,LOX IMVI,0
Celecoxib,Exemestane,MCF7,0
Celecoxib,Exemestane,NCI-H460,0
Celecoxib,Exemestane,PC-3,0
Celecoxib,Exemestane,RPMI-8226,0
Celecoxib,Exemestane,SK-MEL-2,0
Celecoxib,Exemestane,T-47D,0
Celecoxib,Exemestane,UO-31,0
Celecoxib,Dexrazoxane,HS 578T,0
Celecoxib,Dexrazoxane,HT29,0
Celecoxib,Dexrazoxane,IGROV1,0
Celecoxib,Dexrazoxane,LOX IMVI,0
Celecoxib,Dexrazoxane,MCF7,0
Celecoxib,Dexrazoxane,NCI-H460,0
Celecoxib,Dexrazoxane,PC-3,1
Celecoxib,Dexrazoxane,RPMI-8226,0
Celecoxib,Dexrazoxane,SK-MEL-2,0
Celecoxib,Dexrazoxane,T-47D,0
Celecoxib,Dexrazoxane,UO-31,0
Celecoxib,Fulvestrant,HS 578T,0
Celecoxib,Fulvestrant,HT29,0
Celecoxib,Fulvestrant,IGROV1,0
Celecoxib,Fulvestrant,LOX IMVI,1
Celecoxib,Fulvestrant,MCF7,0
Celecoxib,Fulvestrant,NCI-H460,0
Celecoxib,Fulvestrant,PC-3,0
Celecoxib,Fulvestrant,RPMI-8226,0
Celecoxib,Fulvestrant,T-47D,0
Celecoxib,Fulvestrant,UO-31,0
Celecoxib,Clofarabine,HS 578T,0
Celecoxib,Clofarabine,HT29,1
Celecoxib,Clofarabine,IGROV1,0
Celecoxib,Clofarabine,LOX IMVI,0
Celecoxib,Clofarabine,MCF7,0
Celecoxib,Clofarabine,NCI-H460,0
Celecoxib,Clofarabine,PC-3,0
Celecoxib,Clofarabine,RPMI-8226,1
Celecoxib,Clofarabine,T-47D,0
Celecoxib,Clofarabine,UO-31,0
Celecoxib,Gefitinib,HS 578T,0
Celecoxib,Gefitinib,HT29,1
Celecoxib,Gefitinib,IGROV1,0
Celecoxib,Gefitinib,LOX IMVI,0
Celecoxib,Gefitinib,MCF7,0
Celecoxib,Gefitinib,NCI-H460,0
Celecoxib,Gefitinib,PC-3,0
Celecoxib,Gefitinib,RPMI-8226,0
Celecoxib,Gefitinib,SK-MEL-2,0
Celecoxib,Gefitinib,T-47D,1
Celecoxib,Gefitinib,UO-31,0
Celecoxib,Methotrexate,HS 578T,0
Celecoxib,Methotrexate,HT29,0
Celecoxib,Methotrexate,IGROV1,0
Celecoxib,Methotrexate,LOX IMVI,0
Celecoxib,Methotrexate,MCF7,0
Celecoxib,Methotrexate,NCI-H460,0
Celecoxib,Methotrexate,PC-3,0
Celecoxib,Methotrexate,RPMI-8226,0
Celecoxib,Methotrexate,T-47D,0
Celecoxib,Methotrexate,UO-31,0
Celecoxib,Abiraterone,HS 578T,1
Celecoxib,Abiraterone,HT29,1
Celecoxib,Abiraterone,IGROV1,1
Celecoxib,Abiraterone,LOX IMVI,0
Celecoxib,Abiraterone,MCF7,1
Celecoxib,Abiraterone,NCI-H460,0
Celecoxib,Abiraterone,PC-3,0
Celecoxib,Abiraterone,RPMI-8226,0
Celecoxib,Abiraterone,SK-MEL-2,0
Celecoxib,Abiraterone,T-47D,1
Celecoxib,Abiraterone,UO-31,0
Celecoxib,Docetaxel,HS 578T,1
Celecoxib,Docetaxel,HT29,1
Celecoxib,Docetaxel,IGROV1,1
Celecoxib,Docetaxel,LOX IMVI,1
Celecoxib,Docetaxel,MCF7,1
Celecoxib,Docetaxel,NCI-H460,1
Celecoxib,Docetaxel,PC-3,1
Celecoxib,Docetaxel,RPMI-8226,1
Celecoxib,Docetaxel,T-47D,1
Celecoxib,Docetaxel,UO-31,1
Celecoxib,Erlotinib,HS 578T,0
Celecoxib,Erlotinib,HT29,1
Celecoxib,Erlotinib,IGROV1,0
Celecoxib,Erlotinib,LOX IMVI,0
Celecoxib,Erlotinib,MCF7,0
Celecoxib,Erlotinib,NCI-H460,0
Celecoxib,Erlotinib,PC-3,0
Celecoxib,Erlotinib,RPMI-8226,0
Celecoxib,Erlotinib,T-47D,0
Celecoxib,Erlotinib,UO-31,0
Celecoxib,Lapatinib,HS 578T,0
Celecoxib,Lapatinib,HT29,0
Celecoxib,Lapatinib,IGROV1,0
Celecoxib,Lapatinib,LOX IMVI,1
Celecoxib,Lapatinib,MCF7,0
Celecoxib,Lapatinib,NCI-H460,0
Celecoxib,Lapatinib,PC-3,0
Celecoxib,Lapatinib,RPMI-8226,1
Celecoxib,Lapatinib,T-47D,0
Celecoxib,Lapatinib,UO-31,0
Celecoxib,Sorafenib,HS 578T,0
Celecoxib,Sorafenib,HT29,0
Celecoxib,Sorafenib,IGROV1,0
Celecoxib,Sorafenib,LOX IMVI,0
Celecoxib,Sorafenib,MCF7,0
Celecoxib,Sorafenib,NCI-H460,0
Celecoxib,Sorafenib,PC-3,0
Celecoxib,Sorafenib,RPMI-8226,0
Celecoxib,Sorafenib,SK-MEL-2,0
Celecoxib,Sorafenib,T-47D,1
Celecoxib,Sorafenib,UO-31,0
Celecoxib,Lenalidomide,HS 578T,0
Celecoxib,Lenalidomide,HT29,0
Celecoxib,Lenalidomide,IGROV1,0
Celecoxib,Lenalidomide,LOX IMVI,0
Celecoxib,Lenalidomide,MCF7,0
Celecoxib,Lenalidomide,NCI-H460,1
Celecoxib,Lenalidomide,PC-3,1
Celecoxib,Lenalidomide,RPMI-8226,1
Celecoxib,Lenalidomide,SK-MEL-2,0
Celecoxib,Lenalidomide,T-47D,0
Celecoxib,Lenalidomide,UO-31,0
Celecoxib,Capecitabine,HS 578T,1
Celecoxib,Capecitabine,HT29,1
Celecoxib,Capecitabine,IGROV1,0
Celecoxib,Capecitabine,LOX IMVI,0
Celecoxib,Capecitabine,MCF7,0
Celecoxib,Capecitabine,NCI-H460,0
Celecoxib,Capecitabine,PC-3,0
Celecoxib,Capecitabine,RPMI-8226,1
Celecoxib,Capecitabine,T-47D,0
Celecoxib,Capecitabine,UO-31,0
Celecoxib,Tretinoin,HS 578T,1
Celecoxib,Tretinoin,HT29,1
Celecoxib,Tretinoin,IGROV1,0
Celecoxib,Tretinoin,LOX IMVI,0
Celecoxib,Tretinoin,MCF7,1
Celecoxib,Tretinoin,NCI-H460,0
Celecoxib,Tretinoin,PC-3,0
Celecoxib,Tretinoin,RPMI-8226,0
Celecoxib,Tretinoin,T-47D,0
Celecoxib,Tretinoin,UO-31,1
Celecoxib,Decitabine,HS 578T,0
Celecoxib,Decitabine,HT29,0
Celecoxib,Decitabine,IGROV1,0
Celecoxib,Decitabine,LOX IMVI,1
Celecoxib,Decitabine,MCF7,0
Celecoxib,Decitabine,NCI-H460,0
Celecoxib,Decitabine,PC-3,0
Celecoxib,Decitabine,RPMI-8226,0
Celecoxib,Decitabine,SK-MEL-2,0
Celecoxib,Decitabine,T-47D,0
Celecoxib,Decitabine,UO-31,0
Celecoxib,Teniposide,HS 578T,0
Celecoxib,Teniposide,HT29,0
Celecoxib,Teniposide,IGROV1,0
Celecoxib,Teniposide,LOX IMVI,0
Celecoxib,Teniposide,MCF7,0
Celecoxib,Teniposide,NCI-H460,0
Celecoxib,Teniposide,PC-3,1
Celecoxib,Teniposide,RPMI-8226,0
Celecoxib,Teniposide,SK-MEL-2,0
Celecoxib,Teniposide,T-47D,0
Celecoxib,Teniposide,UO-31,1
Celecoxib,Dactinomycin,HS 578T,0
Celecoxib,Dactinomycin,HT29,0
Celecoxib,Dactinomycin,IGROV1,0
Celecoxib,Dactinomycin,LOX IMVI,1
Celecoxib,Dactinomycin,MCF7,0
Celecoxib,Dactinomycin,NCI-H460,1
Celecoxib,Dactinomycin,PC-3,0
Celecoxib,Dactinomycin,RPMI-8226,0
Celecoxib,Dactinomycin,T-47D,0
Celecoxib,Dactinomycin,UO-31,1
Celecoxib,Nilotinib,HS 578T,0
Celecoxib,Nilotinib,HT29,1
Celecoxib,Nilotinib,IGROV1,0
Celecoxib,Nilotinib,LOX IMVI,0
Celecoxib,Nilotinib,MCF7,0
Celecoxib,Nilotinib,NCI-H460,1
Celecoxib,Nilotinib,PC-3,0
Celecoxib,Nilotinib,RPMI-8226,1
Celecoxib,Nilotinib,T-47D,0
Celecoxib,Nilotinib,UO-31,0
Celecoxib,2-fluoroAraA (fludarabine),HS 578T,1
Celecoxib,2-fluoroAraA (fludarabine),HT29,0
Celecoxib,2-fluoroAraA (fludarabine),IGROV1,0
Celecoxib,2-fluoroAraA (fludarabine),LOX IMVI,1
Celecoxib,2-fluoroAraA (fludarabine),MCF7,1
Celecoxib,2-fluoroAraA (fludarabine),NCI-H460,0
Celecoxib,2-fluoroAraA (fludarabine),PC-3,0
Celecoxib,2-fluoroAraA (fludarabine),RPMI-8226,0
Celecoxib,2-fluoroAraA (fludarabine),T-47D,0
Celecoxib,2-fluoroAraA (fludarabine),UO-31,0
Celecoxib,Mercaptopurine,HS 578T,0
Celecoxib,Mercaptopurine,HT29,0
Celecoxib,Mercaptopurine,IGROV1,0
Celecoxib,Mercaptopurine,LOX IMVI,0
Celecoxib,Mercaptopurine,MCF7,0
Celecoxib,Mercaptopurine,NCI-H460,0
Celecoxib,Mercaptopurine,PC-3,0
Celecoxib,Mercaptopurine,RPMI-8226,0
Celecoxib,Mercaptopurine,SK-MEL-2,0
Celecoxib,Mercaptopurine,T-47D,0
Celecoxib,Dasatinib,HS 578T,1
Celecoxib,Dasatinib,HT29,0
Celecoxib,Dasatinib,IGROV1,0
Celecoxib,Dasatinib,LOX IMVI,0
Celecoxib,Dasatinib,MCF7,1
Celecoxib,Dasatinib,NCI-H460,0
Celecoxib,Dasatinib,PC-3,0
Celecoxib,Dasatinib,RPMI-8226,1
Celecoxib,Dasatinib,T-47D,1
Celecoxib,Dasatinib,UO-31,1
Celecoxib,Sirolimus (rapamycin),HS 578T,1
Celecoxib,Sirolimus (rapamycin),HT29,0
Celecoxib,Sirolimus (rapamycin),IGROV1,1
Celecoxib,Sirolimus (rapamycin),LOX IMVI,1
Celecoxib,Sirolimus (rapamycin),MCF7,1
Celecoxib,Sirolimus (rapamycin),NCI-H460,0
Celecoxib,Sirolimus (rapamycin),PC-3,1
Celecoxib,Sirolimus (rapamycin),RPMI-8226,1
Celecoxib,Sirolimus (rapamycin),T-47D,1
Celecoxib,Sirolimus (rapamycin),UO-31,0
Celecoxib,Sunitinib,HS 578T,0
Celecoxib,Sunitinib,HT29,0
Celecoxib,Sunitinib,IGROV1,0
Celecoxib,Sunitinib,LOX IMVI,0
Celecoxib,Sunitinib,MCF7,1
Celecoxib,Sunitinib,NCI-H460,0
Celecoxib,Sunitinib,PC-3,0
Celecoxib,Sunitinib,RPMI-8226,1
Celecoxib,Sunitinib,T-47D,1
Celecoxib,Sunitinib,UO-31,0
Celecoxib,Axitinib,HS 578T,1
Celecoxib,Axitinib,HT29,1
Celecoxib,Axitinib,IGROV1,1
Celecoxib,Axitinib,LOX IMVI,0
Celecoxib,Axitinib,MCF7,1
Celecoxib,Axitinib,NCI-H460,0
Celecoxib,Axitinib,PC-3,0
Celecoxib,Axitinib,RPMI-8226,0
Celecoxib,Axitinib,SK-MEL-2,0
Celecoxib,Axitinib,T-47D,1
Celecoxib,Axitinib,UO-31,1
Celecoxib,Crizotinib,HS 578T,1
Celecoxib,Crizotinib,HT29,1
Celecoxib,Crizotinib,IGROV1,1
Celecoxib,Crizotinib,LOX IMVI,0
Celecoxib,Crizotinib,MCF7,1
Celecoxib,Crizotinib,NCI-H460,0
Celecoxib,Crizotinib,PC-3,1
Celecoxib,Crizotinib,RPMI-8226,0
Celecoxib,Crizotinib,SK-MEL-2,0
Celecoxib,Crizotinib,T-47D,1
Celecoxib,Crizotinib,UO-31,1
Celecoxib,Ruxolitinib,HS 578T,1
Celecoxib,Ruxolitinib,HT29,0
Celecoxib,Ruxolitinib,IGROV1,1
Celecoxib,Ruxolitinib,LOX IMVI,0
Celecoxib,Ruxolitinib,MCF7,1
Celecoxib,Ruxolitinib,NCI-H460,0
Celecoxib,Ruxolitinib,PC-3,0
Celecoxib,Ruxolitinib,RPMI-8226,1
Celecoxib,Ruxolitinib,SK-MEL-2,0
Celecoxib,Ruxolitinib,T-47D,0
Celecoxib,Ruxolitinib,UO-31,1
Celecoxib,Vemurafenib,HS 578T,1
Celecoxib,Vemurafenib,HT29,1
Celecoxib,Vemurafenib,IGROV1,1
Celecoxib,Vemurafenib,LOX IMVI,0
Celecoxib,Vemurafenib,MCF7,1
Celecoxib,Vemurafenib,NCI-H460,0
Celecoxib,Vemurafenib,PC-3,0
Celecoxib,Vemurafenib,RPMI-8226,1
Celecoxib,Vemurafenib,SK-MEL-2,0
Celecoxib,Vemurafenib,T-47D,1
Celecoxib,Vemurafenib,UO-31,1
Celecoxib,Everolimus,HS 578T,0
Celecoxib,Everolimus,HT29,0
Celecoxib,Everolimus,IGROV1,0
Celecoxib,Everolimus,LOX IMVI,1
Celecoxib,Everolimus,MCF7,1
Celecoxib,Everolimus,NCI-H460,0
Celecoxib,Everolimus,PC-3,1
Celecoxib,Everolimus,RPMI-8226,1
Celecoxib,Everolimus,T-47D,0
Celecoxib,Everolimus,UO-31,0
Celecoxib,Dacarbazine,HS 578T,0
Celecoxib,Dacarbazine,HT29,0
Celecoxib,Dacarbazine,IGROV1,0
Celecoxib,Dacarbazine,LOX IMVI,0
Celecoxib,Dacarbazine,MCF7,0
Celecoxib,Dacarbazine,NCI-H460,1
Celecoxib,Dacarbazine,PC-3,1
Celecoxib,Dacarbazine,RPMI-8226,1
Celecoxib,Dacarbazine,SK-MEL-2,0
Celecoxib,Dacarbazine,T-47D,0
Celecoxib,Dacarbazine,UO-31,0
Celecoxib,Allopurinol,HS 578T,0
Celecoxib,Allopurinol,HT29,1
Celecoxib,Allopurinol,IGROV1,1
Celecoxib,Allopurinol,LOX IMVI,0
Celecoxib,Allopurinol,MCF7,0
Celecoxib,Allopurinol,NCI-H460,0
Celecoxib,Allopurinol,PC-3,1
Celecoxib,Allopurinol,RPMI-8226,1
Celecoxib,Allopurinol,SK-MEL-2,0
Celecoxib,Allopurinol,T-47D,0
Celecoxib,Allopurinol,UO-31,0
Chlorambucil,Cyclophosphamide,HS 578T,0
Chlorambucil,Cyclophosphamide,HT29,0
Chlorambucil,Cyclophosphamide,IGROV1,0
Chlorambucil,Cyclophosphamide,LOX IMVI,0
Chlorambucil,Cyclophosphamide,MCF7,0
Chlorambucil,Cyclophosphamide,NCI-H460,0
Chlorambucil,Cyclophosphamide,PC-3,0
Chlorambucil,Cyclophosphamide,RPMI-8226,0
Chlorambucil,Cyclophosphamide,SK-MEL-2,0
Chlorambucil,Cyclophosphamide,T-47D,0
Chlorambucil,Cyclophosphamide,UO-31,0
Chlorambucil,5-Fluorouracil,HS 578T,1
Chlorambucil,5-Fluorouracil,HT29,0
Chlorambucil,5-Fluorouracil,IGROV1,1
Chlorambucil,5-Fluorouracil,LOX IMVI,1
Chlorambucil,5-Fluorouracil,MCF7,1
Chlorambucil,5-Fluorouracil,NCI-H460,0
Chlorambucil,5-Fluorouracil,PC-3,1
Chlorambucil,5-Fluorouracil,RPMI-8226,0
Chlorambucil,5-Fluorouracil,SK-MEL-2,0
Chlorambucil,5-Fluorouracil,T-47D,0
Chlorambucil,5-Fluorouracil,UO-31,0
Chlorambucil,Ifosfamide,HS 578T,0
Chlorambucil,Ifosfamide,HT29,0
Chlorambucil,Ifosfamide,IGROV1,0
Chlorambucil,Ifosfamide,LOX IMVI,0
Chlorambucil,Ifosfamide,MCF7,0
Chlorambucil,Ifosfamide,NCI-H460,0
Chlorambucil,Ifosfamide,PC-3,0
Chlorambucil,Ifosfamide,RPMI-8226,0
Chlorambucil,Ifosfamide,SK-MEL-2,0
Chlorambucil,Ifosfamide,T-47D,0
Chlorambucil,Ifosfamide,UO-31,0
Chlorambucil,Letrozole,HS 578T,0
Chlorambucil,Letrozole,HT29,0
Chlorambucil,Letrozole,IGROV1,0
Chlorambucil,Letrozole,LOX IMVI,0
Chlorambucil,Letrozole,MCF7,0
Chlorambucil,Letrozole,NCI-H460,0
Chlorambucil,Letrozole,PC-3,0
Chlorambucil,Letrozole,RPMI-8226,0
Chlorambucil,Letrozole,SK-MEL-2,0
Chlorambucil,Letrozole,T-47D,0
Chlorambucil,Letrozole,UO-31,0
Chlorambucil,Methoxsalen,HS 578T,0
Chlorambucil,Methoxsalen,HT29,0
Chlorambucil,Methoxsalen,IGROV1,0
Chlorambucil,Methoxsalen,LOX IMVI,0
Chlorambucil,Methoxsalen,MCF7,0
Chlorambucil,Methoxsalen,NCI-H460,0
Chlorambucil,Methoxsalen,PC-3,0
Chlorambucil,Methoxsalen,RPMI-8226,0
Chlorambucil,Methoxsalen,SK-MEL-2,0
Chlorambucil,Methoxsalen,T-47D,0
Chlorambucil,Methoxsalen,UO-31,0
Chlorambucil,Mitotane,HS 578T,0
Chlorambucil,Mitotane,HT29,1
Chlorambucil,Mitotane,IGROV1,0
Chlorambucil,Mitotane,LOX IMVI,0
Chlorambucil,Mitotane,MCF7,0
Chlorambucil,Mitotane,NCI-H460,0
Chlorambucil,Mitotane,PC-3,0
Chlorambucil,Mitotane,RPMI-8226,0
Chlorambucil,Mitotane,SK-MEL-2,0
Chlorambucil,Mitotane,T-47D,0
Chlorambucil,Mitotane,UO-31,0
Chlorambucil,Mitoxantrone,HS 578T,0
Chlorambucil,Mitoxantrone,HT29,0
Chlorambucil,Mitoxantrone,IGROV1,1
Chlorambucil,Mitoxantrone,LOX IMVI,1
Chlorambucil,Mitoxantrone,MCF7,0
Chlorambucil,Mitoxantrone,NCI-H460,0
Chlorambucil,Mitoxantrone,PC-3,1
Chlorambucil,Mitoxantrone,RPMI-8226,0
Chlorambucil,Mitoxantrone,SK-MEL-2,0
Chlorambucil,Mitoxantrone,T-47D,0
Chlorambucil,Mitoxantrone,UO-31,0
Chlorambucil,Raloxifene,HS 578T,0
Chlorambucil,Raloxifene,HT29,1
Chlorambucil,Raloxifene,IGROV1,0
Chlorambucil,Raloxifene,LOX IMVI,1
Chlorambucil,Raloxifene,MCF7,1
Chlorambucil,Raloxifene,NCI-H460,0
Chlorambucil,Raloxifene,PC-3,1
Chlorambucil,Raloxifene,RPMI-8226,0
Chlorambucil,Raloxifene,SK-MEL-2,0
Chlorambucil,Raloxifene,T-47D,0
Chlorambucil,Raloxifene,UO-31,0
Chlorambucil,Imatinib,HS 578T,0
Chlorambucil,Imatinib,HT29,0
Chlorambucil,Imatinib,IGROV1,0
Chlorambucil,Imatinib,LOX IMVI,1
Chlorambucil,Imatinib,MCF7,1
Chlorambucil,Imatinib,NCI-H460,0
Chlorambucil,Imatinib,PC-3,0
Chlorambucil,Imatinib,RPMI-8226,0
Chlorambucil,Imatinib,SK-MEL-2,0
Chlorambucil,Imatinib,T-47D,0
Chlorambucil,Imatinib,UO-31,0
Chlorambucil,Vorinostat,HS 578T,0
Chlorambucil,Vorinostat,HT29,0
Chlorambucil,Vorinostat,IGROV1,1
Chlorambucil,Vorinostat,LOX IMVI,0
Chlorambucil,Vorinostat,MCF7,1
Chlorambucil,Vorinostat,NCI-H460,1
Chlorambucil,Vorinostat,PC-3,0
Chlorambucil,Vorinostat,RPMI-8226,0
Chlorambucil,Vorinostat,SK-MEL-2,0
Chlorambucil,Vorinostat,T-47D,1
Chlorambucil,Vorinostat,UO-31,1
Chlorambucil,Thalidomide,HS 578T,0
Chlorambucil,Thalidomide,HT29,0
Chlorambucil,Thalidomide,IGROV1,0
Chlorambucil,Thalidomide,LOX IMVI,0
Chlorambucil,Thalidomide,MCF7,0
Chlorambucil,Thalidomide,NCI-H460,0
Chlorambucil,Thalidomide,PC-3,0
Chlorambucil,Thalidomide,RPMI-8226,0
Chlorambucil,Thalidomide,SK-MEL-2,0
Chlorambucil,Thalidomide,T-47D,0
Chlorambucil,Thalidomide,UO-31,0
Chlorambucil,Thiotepa,HS 578T,0
Chlorambucil,Thiotepa,HT29,0
Chlorambucil,Thiotepa,IGROV1,1
Chlorambucil,Thiotepa,LOX IMVI,0
Chlorambucil,Thiotepa,MCF7,0
Chlorambucil,Thiotepa,NCI-H460,0
Chlorambucil,Thiotepa,PC-3,0
Chlorambucil,Thiotepa,RPMI-8226,0
Chlorambucil,Thiotepa,SK-MEL-2,0
Chlorambucil,Thiotepa,T-47D,0
Chlorambucil,Thiotepa,UO-31,0
Chlorambucil,Mitomycin C,HS 578T,1
Chlorambucil,Mitomycin C,HT29,0
Chlorambucil,Mitomycin C,IGROV1,1
Chlorambucil,Mitomycin C,LOX IMVI,0
Chlorambucil,Mitomycin C,MCF7,1
Chlorambucil,Mitomycin C,NCI-H460,0
Chlorambucil,Mitomycin C,PC-3,0
Chlorambucil,Mitomycin C,RPMI-8226,1
Chlorambucil,Mitomycin C,SK-MEL-2,0
Chlorambucil,Mitomycin C,T-47D,0
Chlorambucil,Mitomycin C,UO-31,0
Chlorambucil,Floxuridine,HS 578T,0
Chlorambucil,Floxuridine,HT29,0
Chlorambucil,Floxuridine,IGROV1,0
Chlorambucil,Floxuridine,LOX IMVI,0
Chlorambucil,Floxuridine,MCF7,1
Chlorambucil,Floxuridine,NCI-H460,0
Chlorambucil,Floxuridine,PC-3,0
Chlorambucil,Floxuridine,RPMI-8226,1
Chlorambucil,Floxuridine,SK-MEL-2,0
Chlorambucil,Floxuridine,T-47D,0
Chlorambucil,Floxuridine,UO-31,0
Chlorambucil,Azacitidine,HS 578T,0
Chlorambucil,Azacitidine,HT29,0
Chlorambucil,Azacitidine,IGROV1,1
Chlorambucil,Azacitidine,LOX IMVI,0
Chlorambucil,Azacitidine,MCF7,0
Chlorambucil,Azacitidine,NCI-H460,0
Chlorambucil,Azacitidine,PC-3,0
Chlorambucil,Azacitidine,RPMI-8226,1
Chlorambucil,Azacitidine,SK-MEL-2,0
Chlorambucil,Azacitidine,T-47D,0
Chlorambucil,Azacitidine,UO-31,0
Chlorambucil,Megestrol,HS 578T,0
Chlorambucil,Megestrol,HT29,0
Chlorambucil,Megestrol,IGROV1,0
Chlorambucil,Megestrol,LOX IMVI,0
Chlorambucil,Megestrol,MCF7,0
Chlorambucil,Megestrol,NCI-H460,0
Chlorambucil,Megestrol,PC-3,0
Chlorambucil,Megestrol,RPMI-8226,0
Chlorambucil,Megestrol,SK-MEL-2,0
Chlorambucil,Megestrol,T-47D,1
Chlorambucil,Megestrol,UO-31,0
Chlorambucil,Cladribine,HS 578T,0
Chlorambucil,Cladribine,HT29,0
Chlorambucil,Cladribine,IGROV1,1
Chlorambucil,Cladribine,LOX IMVI,0
Chlorambucil,Cladribine,MCF7,0
Chlorambucil,Cladribine,NCI-H460,0
Chlorambucil,Cladribine,PC-3,0
Chlorambucil,Cladribine,RPMI-8226,0
Chlorambucil,Cladribine,SK-MEL-2,0
Chlorambucil,Cladribine,T-47D,0
Chlorambucil,Cladribine,UO-31,0
Chlorambucil,Paclitaxel,HS 578T,0
Chlorambucil,Paclitaxel,HT29,0
Chlorambucil,Paclitaxel,IGROV1,0
Chlorambucil,Paclitaxel,LOX IMVI,0
Chlorambucil,Paclitaxel,MCF7,0
Chlorambucil,Paclitaxel,NCI-H460,0
Chlorambucil,Paclitaxel,PC-3,0
Chlorambucil,Paclitaxel,RPMI-8226,0
Chlorambucil,Paclitaxel,SK-MEL-2,0
Chlorambucil,Paclitaxel,T-47D,0
Chlorambucil,Paclitaxel,UO-31,0
Chlorambucil,Etoposide,HS 578T,1
Chlorambucil,Etoposide,HT29,0
Chlorambucil,Etoposide,IGROV1,1
Chlorambucil,Etoposide,LOX IMVI,1
Chlorambucil,Etoposide,MCF7,0
Chlorambucil,Etoposide,NCI-H460,1
Chlorambucil,Etoposide,PC-3,0
Chlorambucil,Etoposide,RPMI-8226,1
Chlorambucil,Etoposide,SK-MEL-2,1
Chlorambucil,Etoposide,T-47D,1
Chlorambucil,Etoposide,UO-31,1
Chlorambucil,Imiquimod,HS 578T,0
Chlorambucil,Imiquimod,HT29,0
Chlorambucil,Imiquimod,IGROV1,0
Chlorambucil,Imiquimod,LOX IMVI,0
Chlorambucil,Imiquimod,MCF7,0
Chlorambucil,Imiquimod,NCI-H460,0
Chlorambucil,Imiquimod,PC-3,0
Chlorambucil,Imiquimod,RPMI-8226,0
Chlorambucil,Imiquimod,SK-MEL-2,0
Chlorambucil,Imiquimod,T-47D,0
Chlorambucil,Imiquimod,UO-31,0
Chlorambucil,Exemestane,HS 578T,0
Chlorambucil,Exemestane,HT29,0
Chlorambucil,Exemestane,IGROV1,1
Chlorambucil,Exemestane,LOX IMVI,1
Chlorambucil,Exemestane,MCF7,0
Chlorambucil,Exemestane,NCI-H460,0
Chlorambucil,Exemestane,PC-3,1
Chlorambucil,Exemestane,RPMI-8226,0
Chlorambucil,Exemestane,SK-MEL-2,0
Chlorambucil,Exemestane,T-47D,0
Chlorambucil,Exemestane,UO-31,1
Chlorambucil,Dexrazoxane,HS 578T,1
Chlorambucil,Dexrazoxane,HT29,0
Chlorambucil,Dexrazoxane,IGROV1,1
Chlorambucil,Dexrazoxane,LOX IMVI,1
Chlorambucil,Dexrazoxane,MCF7,0
Chlorambucil,Dexrazoxane,NCI-H460,1
Chlorambucil,Dexrazoxane,PC-3,1
Chlorambucil,Dexrazoxane,RPMI-8226,0
Chlorambucil,Dexrazoxane,SK-MEL-2,0
Chlorambucil,Dexrazoxane,T-47D,1
Chlorambucil,Dexrazoxane,UO-31,0
Chlorambucil,Fulvestrant,HS 578T,0
Chlorambucil,Fulvestrant,HT29,0
Chlorambucil,Fulvestrant,IGROV1,0
Chlorambucil,Fulvestrant,LOX IMVI,0
Chlorambucil,Fulvestrant,MCF7,1
Chlorambucil,Fulvestrant,NCI-H460,0
Chlorambucil,Fulvestrant,PC-3,0
Chlorambucil,Fulvestrant,RPMI-8226,0
Chlorambucil,Fulvestrant,SK-MEL-2,0
Chlorambucil,Fulvestrant,T-47D,0
Chlorambucil,Fulvestrant,UO-31,0
Chlorambucil,Clofarabine,HS 578T,0
Chlorambucil,Clofarabine,HT29,0
Chlorambucil,Clofarabine,IGROV1,1
Chlorambucil,Clofarabine,LOX IMVI,0
Chlorambucil,Clofarabine,MCF7,0
Chlorambucil,Clofarabine,NCI-H460,0
Chlorambucil,Clofarabine,PC-3,0
Chlorambucil,Clofarabine,RPMI-8226,0
Chlorambucil,Clofarabine,SK-MEL-2,0
Chlorambucil,Clofarabine,T-47D,0
Chlorambucil,Clofarabine,UO-31,0
Chlorambucil,Gefitinib,HS 578T,1
Chlorambucil,Gefitinib,HT29,0
Chlorambucil,Gefitinib,IGROV1,1
Chlorambucil,Gefitinib,LOX IMVI,1
Chlorambucil,Gefitinib,MCF7,0
Chlorambucil,Gefitinib,NCI-H460,0
Chlorambucil,Gefitinib,PC-3,1
Chlorambucil,Gefitinib,RPMI-8226,0
Chlorambucil,Gefitinib,SK-MEL-2,0
Chlorambucil,Gefitinib,T-47D,1
Chlorambucil,Gefitinib,UO-31,1
Chlorambucil,Methotrexate,HS 578T,0
Chlorambucil,Methotrexate,HT29,0
Chlorambucil,Methotrexate,IGROV1,0
Chlorambucil,Methotrexate,LOX IMVI,0
Chlorambucil,Methotrexate,MCF7,0
Chlorambucil,Methotrexate,NCI-H460,0
Chlorambucil,Methotrexate,PC-3,0
Chlorambucil,Methotrexate,RPMI-8226,0
Chlorambucil,Methotrexate,SK-MEL-2,0
Chlorambucil,Methotrexate,T-47D,0
Chlorambucil,Methotrexate,UO-31,0
Chlorambucil,Abiraterone,HS 578T,0
Chlorambucil,Abiraterone,HT29,0
Chlorambucil,Abiraterone,IGROV1,1
Chlorambucil,Abiraterone,LOX IMVI,0
Chlorambucil,Abiraterone,MCF7,1
Chlorambucil,Abiraterone,NCI-H460,0
Chlorambucil,Abiraterone,PC-3,0
Chlorambucil,Abiraterone,RPMI-8226,1
Chlorambucil,Abiraterone,SK-MEL-2,0
Chlorambucil,Abiraterone,T-47D,0
Chlorambucil,Docetaxel,HS 578T,0
Chlorambucil,Docetaxel,HT29,0
Chlorambucil,Docetaxel,IGROV1,0
Chlorambucil,Docetaxel,LOX IMVI,0
Chlorambucil,Docetaxel,MCF7,0
Chlorambucil,Docetaxel,NCI-H460,0
Chlorambucil,Docetaxel,PC-3,0
Chlorambucil,Docetaxel,RPMI-8226,0
Chlorambucil,Docetaxel,SK-MEL-2,0
Chlorambucil,Docetaxel,T-47D,0
Chlorambucil,Docetaxel,UO-31,0
Chlorambucil,Erlotinib,HS 578T,1
Chlorambucil,Erlotinib,HT29,0
Chlorambucil,Erlotinib,IGROV1,1
Chlorambucil,Erlotinib,LOX IMVI,0
Chlorambucil,Erlotinib,MCF7,1
Chlorambucil,Erlotinib,NCI-H460,1
Chlorambucil,Erlotinib,PC-3,0
Chlorambucil,Erlotinib,RPMI-8226,0
Chlorambucil,Erlotinib,SK-MEL-2,0
Chlorambucil,Erlotinib,T-47D,0
Chlorambucil,Erlotinib,UO-31,1
Chlorambucil,Lapatinib,HS 578T,0
Chlorambucil,Lapatinib,HT29,0
Chlorambucil,Lapatinib,IGROV1,0
Chlorambucil,Lapatinib,LOX IMVI,0
Chlorambucil,Lapatinib,MCF7,1
Chlorambucil,Lapatinib,NCI-H460,0
Chlorambucil,Lapatinib,PC-3,0
Chlorambucil,Lapatinib,T-47D,0
Chlorambucil,Lapatinib,UO-31,0
Chlorambucil,Sorafenib,HS 578T,0
Chlorambucil,Sorafenib,HT29,0
Chlorambucil,Sorafenib,IGROV1,0
Chlorambucil,Sorafenib,LOX IMVI,1
Chlorambucil,Sorafenib,MCF7,0
Chlorambucil,Sorafenib,NCI-H460,0
Chlorambucil,Sorafenib,PC-3,0
Chlorambucil,Sorafenib,RPMI-8226,0
Chlorambucil,Sorafenib,T-47D,0
Chlorambucil,Sorafenib,UO-31,0
Chlorambucil,Lenalidomide,HS 578T,0
Chlorambucil,Lenalidomide,HT29,1
Chlorambucil,Lenalidomide,IGROV1,1
Chlorambucil,Lenalidomide,LOX IMVI,1
Chlorambucil,Lenalidomide,MCF7,0
Chlorambucil,Lenalidomide,NCI-H460,0
Chlorambucil,Lenalidomide,PC-3,1
Chlorambucil,Lenalidomide,RPMI-8226,0
Chlorambucil,Lenalidomide,SK-MEL-2,1
Chlorambucil,Lenalidomide,T-47D,0
Chlorambucil,Lenalidomide,UO-31,0
Chlorambucil,Capecitabine,HS 578T,0
Chlorambucil,Capecitabine,HT29,0
Chlorambucil,Capecitabine,IGROV1,0
Chlorambucil,Capecitabine,LOX IMVI,0
Chlorambucil,Capecitabine,MCF7,0
Chlorambucil,Capecitabine,NCI-H460,0
Chlorambucil,Capecitabine,PC-3,0
Chlorambucil,Capecitabine,RPMI-8226,0
Chlorambucil,Capecitabine,SK-MEL-2,0
Chlorambucil,Capecitabine,T-47D,0
Chlorambucil,Capecitabine,UO-31,0
Chlorambucil,Tretinoin,HS 578T,0
Chlorambucil,Tretinoin,HT29,1
Chlorambucil,Tretinoin,IGROV1,1
Chlorambucil,Tretinoin,LOX IMVI,0
Chlorambucil,Tretinoin,MCF7,1
Chlorambucil,Tretinoin,NCI-H460,0
Chlorambucil,Tretinoin,PC-3,0
Chlorambucil,Tretinoin,RPMI-8226,1
Chlorambucil,Tretinoin,SK-MEL-2,0
Chlorambucil,Tretinoin,T-47D,0
Chlorambucil,Tretinoin,UO-31,1
Chlorambucil,Decitabine,HS 578T,1
Chlorambucil,Decitabine,HT29,1
Chlorambucil,Decitabine,IGROV1,1
Chlorambucil,Decitabine,LOX IMVI,0
Chlorambucil,Decitabine,MCF7,1
Chlorambucil,Decitabine,NCI-H460,0
Chlorambucil,Decitabine,PC-3,0
Chlorambucil,Decitabine,RPMI-8226,1
Chlorambucil,Decitabine,SK-MEL-2,0
Chlorambucil,Decitabine,T-47D,0
Chlorambucil,Decitabine,UO-31,0
Chlorambucil,Teniposide,HS 578T,1
Chlorambucil,Teniposide,HT29,0
Chlorambucil,Teniposide,IGROV1,1
Chlorambucil,Teniposide,LOX IMVI,1
Chlorambucil,Teniposide,MCF7,0
Chlorambucil,Teniposide,NCI-H460,0
Chlorambucil,Teniposide,PC-3,0
Chlorambucil,Teniposide,RPMI-8226,0
Chlorambucil,Teniposide,SK-MEL-2,0
Chlorambucil,Teniposide,T-47D,0
Chlorambucil,Teniposide,UO-31,0
Chlorambucil,Dactinomycin,HS 578T,1
Chlorambucil,Dactinomycin,HT29,1
Chlorambucil,Dactinomycin,IGROV1,1
Chlorambucil,Dactinomycin,LOX IMVI,1
Chlorambucil,Dactinomycin,MCF7,1
Chlorambucil,Dactinomycin,NCI-H460,1
Chlorambucil,Dactinomycin,PC-3,0
Chlorambucil,Dactinomycin,RPMI-8226,1
Chlorambucil,Dactinomycin,SK-MEL-2,1
Chlorambucil,Dactinomycin,T-47D,0
Chlorambucil,Dactinomycin,UO-31,0
Chlorambucil,Nilotinib,HS 578T,0
Chlorambucil,Nilotinib,HT29,0
Chlorambucil,Nilotinib,IGROV1,1
Chlorambucil,Nilotinib,LOX IMVI,1
Chlorambucil,Nilotinib,MCF7,1
Chlorambucil,Nilotinib,NCI-H460,0
Chlorambucil,Nilotinib,PC-3,0
Chlorambucil,Nilotinib,RPMI-8226,0
Chlorambucil,Nilotinib,T-47D,0
Chlorambucil,Nilotinib,UO-31,0
Chlorambucil,2-fluoroAraA (fludarabine),HS 578T,0
Chlorambucil,2-fluoroAraA (fludarabine),HT29,0
Chlorambucil,2-fluoroAraA (fludarabine),IGROV1,1
Chlorambucil,2-fluoroAraA (fludarabine),LOX IMVI,0
Chlorambucil,2-fluoroAraA (fludarabine),MCF7,0
Chlorambucil,2-fluoroAraA (fludarabine),NCI-H460,0
Chlorambucil,2-fluoroAraA (fludarabine),PC-3,0
Chlorambucil,2-fluoroAraA (fludarabine),RPMI-8226,0
Chlorambucil,2-fluoroAraA (fludarabine),SK-MEL-2,0
Chlorambucil,2-fluoroAraA (fludarabine),T-47D,0
Chlorambucil,2-fluoroAraA (fludarabine),UO-31,0
Chlorambucil,Mercaptopurine,HS 578T,0
Chlorambucil,Mercaptopurine,HT29,0
Chlorambucil,Mercaptopurine,IGROV1,1
Chlorambucil,Mercaptopurine,LOX IMVI,0
Chlorambucil,Mercaptopurine,MCF7,0
Chlorambucil,Mercaptopurine,NCI-H460,0
Chlorambucil,Mercaptopurine,PC-3,0
Chlorambucil,Mercaptopurine,RPMI-8226,0
Chlorambucil,Mercaptopurine,SK-MEL-2,0
Chlorambucil,Mercaptopurine,T-47D,0
Chlorambucil,Mercaptopurine,UO-31,1
Chlorambucil,Dasatinib,HS 578T,1
Chlorambucil,Dasatinib,HT29,0
Chlorambucil,Dasatinib,IGROV1,0
Chlorambucil,Dasatinib,LOX IMVI,1
Chlorambucil,Dasatinib,MCF7,0
Chlorambucil,Dasatinib,NCI-H460,1
Chlorambucil,Dasatinib,PC-3,0
Chlorambucil,Dasatinib,RPMI-8226,0
Chlorambucil,Dasatinib,T-47D,1
Chlorambucil,Dasatinib,UO-31,1
Chlorambucil,Sirolimus (rapamycin),HS 578T,0
Chlorambucil,Sirolimus (rapamycin),HT29,0
Chlorambucil,Sirolimus (rapamycin),IGROV1,0
Chlorambucil,Sirolimus (rapamycin),LOX IMVI,0
Chlorambucil,Sirolimus (rapamycin),MCF7,0
Chlorambucil,Sirolimus (rapamycin),NCI-H460,0
Chlorambucil,Sirolimus (rapamycin),PC-3,0
Chlorambucil,Sirolimus (rapamycin),RPMI-8226,0
Chlorambucil,Sirolimus (rapamycin),SK-MEL-2,0
Chlorambucil,Sirolimus (rapamycin),T-47D,0
Chlorambucil,Sirolimus (rapamycin),UO-31,0
Chlorambucil,Sunitinib,HS 578T,0
Chlorambucil,Sunitinib,HT29,0
Chlorambucil,Sunitinib,IGROV1,1
Chlorambucil,Sunitinib,LOX IMVI,1
Chlorambucil,Sunitinib,MCF7,0
Chlorambucil,Sunitinib,NCI-H460,0
Chlorambucil,Sunitinib,PC-3,0
Chlorambucil,Sunitinib,RPMI-8226,0
Chlorambucil,Sunitinib,T-47D,0
Chlorambucil,Sunitinib,UO-31,0
Chlorambucil,Axitinib,HS 578T,1
Chlorambucil,Axitinib,HT29,0
Chlorambucil,Axitinib,IGROV1,0
Chlorambucil,Axitinib,LOX IMVI,1
Chlorambucil,Axitinib,MCF7,1
Chlorambucil,Axitinib,NCI-H460,0
Chlorambucil,Axitinib,PC-3,0
Chlorambucil,Axitinib,RPMI-8226,0
Chlorambucil,Axitinib,SK-MEL-2,0
Chlorambucil,Axitinib,T-47D,0
Chlorambucil,Axitinib,UO-31,1
Chlorambucil,Crizotinib,HS 578T,0
Chlorambucil,Crizotinib,HT29,0
Chlorambucil,Crizotinib,IGROV1,1
Chlorambucil,Crizotinib,LOX IMVI,1
Chlorambucil,Crizotinib,MCF7,0
Chlorambucil,Crizotinib,NCI-H460,0
Chlorambucil,Crizotinib,PC-3,0
Chlorambucil,Crizotinib,RPMI-8226,0
Chlorambucil,Crizotinib,SK-MEL-2,0
Chlorambucil,Crizotinib,T-47D,0
Chlorambucil,Crizotinib,UO-31,1
Chlorambucil,Ruxolitinib,HS 578T,0
Chlorambucil,Ruxolitinib,HT29,0
Chlorambucil,Ruxolitinib,IGROV1,1
Chlorambucil,Ruxolitinib,LOX IMVI,1
Chlorambucil,Ruxolitinib,MCF7,0
Chlorambucil,Ruxolitinib,NCI-H460,0
Chlorambucil,Ruxolitinib,PC-3,0
Chlorambucil,Ruxolitinib,RPMI-8226,0
Chlorambucil,Ruxolitinib,SK-MEL-2,0
Chlorambucil,Ruxolitinib,T-47D,0
Chlorambucil,Ruxolitinib,UO-31,1
Chlorambucil,Vemurafenib,HS 578T,0
Chlorambucil,Vemurafenib,HT29,0
Chlorambucil,Vemurafenib,IGROV1,0
Chlorambucil,Vemurafenib,LOX IMVI,1
Chlorambucil,Vemurafenib,MCF7,0
Chlorambucil,Vemurafenib,NCI-H460,0
Chlorambucil,Vemurafenib,PC-3,0
Chlorambucil,Vemurafenib,RPMI-8226,0
Chlorambucil,Vemurafenib,SK-MEL-2,0
Chlorambucil,Vemurafenib,T-47D,0
Chlorambucil,Vemurafenib,UO-31,1
Chlorambucil,Everolimus,HS 578T,0
Chlorambucil,Everolimus,HT29,0
Chlorambucil,Everolimus,IGROV1,1
Chlorambucil,Everolimus,LOX IMVI,1
Chlorambucil,Everolimus,MCF7,1
Chlorambucil,Everolimus,NCI-H460,0
Chlorambucil,Everolimus,PC-3,0
Chlorambucil,Everolimus,RPMI-8226,0
Chlorambucil,Everolimus,SK-MEL-2,0
Chlorambucil,Everolimus,T-47D,1
Chlorambucil,Everolimus,UO-31,1
Chlorambucil,Dacarbazine,HS 578T,1
Chlorambucil,Dacarbazine,HT29,0
Chlorambucil,Dacarbazine,IGROV1,1
Chlorambucil,Dacarbazine,LOX IMVI,1
Chlorambucil,Dacarbazine,MCF7,0
Chlorambucil,Dacarbazine,NCI-H460,0
Chlorambucil,Dacarbazine,PC-3,0
Chlorambucil,Dacarbazine,RPMI-8226,0
Chlorambucil,Dacarbazine,SK-MEL-2,1
Chlorambucil,Dacarbazine,T-47D,0
Chlorambucil,Dacarbazine,UO-31,1
Chlorambucil,Allopurinol,HS 578T,0
Chlorambucil,Allopurinol,HT29,0
Chlorambucil,Allopurinol,IGROV1,0
Chlorambucil,Allopurinol,LOX IMVI,0
Chlorambucil,Allopurinol,MCF7,0
Chlorambucil,Allopurinol,NCI-H460,0
Chlorambucil,Allopurinol,PC-3,0
Chlorambucil,Allopurinol,RPMI-8226,0
Chlorambucil,Allopurinol,SK-MEL-2,0
Chlorambucil,Allopurinol,T-47D,0
Chlorambucil,Allopurinol,UO-31,0
Cyclophosphamide,5-Fluorouracil,HS 578T,0
Cyclophosphamide,5-Fluorouracil,HT29,0
Cyclophosphamide,5-Fluorouracil,IGROV1,0
Cyclophosphamide,5-Fluorouracil,LOX IMVI,0
Cyclophosphamide,5-Fluorouracil,MCF7,0
Cyclophosphamide,5-Fluorouracil,NCI-H460,0
Cyclophosphamide,5-Fluorouracil,PC-3,0
Cyclophosphamide,5-Fluorouracil,RPMI-8226,0
Cyclophosphamide,5-Fluorouracil,SK-MEL-2,0
Cyclophosphamide,5-Fluorouracil,T-47D,0
Cyclophosphamide,5-Fluorouracil,UO-31,0
Cyclophosphamide,Ifosfamide,HS 578T,1
Cyclophosphamide,Ifosfamide,HT29,1
Cyclophosphamide,Ifosfamide,IGROV1,0
Cyclophosphamide,Ifosfamide,LOX IMVI,0
Cyclophosphamide,Ifosfamide,MCF7,0
Cyclophosphamide,Ifosfamide,NCI-H460,1
Cyclophosphamide,Ifosfamide,PC-3,1
Cyclophosphamide,Ifosfamide,RPMI-8226,1
Cyclophosphamide,Ifosfamide,SK-MEL-2,1
Cyclophosphamide,Ifosfamide,T-47D,1
Cyclophosphamide,Ifosfamide,UO-31,0
Cyclophosphamide,Letrozole,HS 578T,0
Cyclophosphamide,Letrozole,HT29,0
Cyclophosphamide,Letrozole,IGROV1,0
Cyclophosphamide,Letrozole,NCI-H460,0
Cyclophosphamide,Letrozole,PC-3,0
Cyclophosphamide,Letrozole,RPMI-8226,1
Cyclophosphamide,Letrozole,T-47D,1
Cyclophosphamide,Letrozole,UO-31,0
Cyclophosphamide,Methoxsalen,HS 578T,0
Cyclophosphamide,Methoxsalen,HT29,0
Cyclophosphamide,Methoxsalen,IGROV1,0
Cyclophosphamide,Methoxsalen,LOX IMVI,0
Cyclophosphamide,Methoxsalen,MCF7,0
Cyclophosphamide,Methoxsalen,NCI-H460,0
Cyclophosphamide,Methoxsalen,PC-3,0
Cyclophosphamide,Methoxsalen,RPMI-8226,0
Cyclophosphamide,Methoxsalen,SK-MEL-2,0
Cyclophosphamide,Methoxsalen,T-47D,0
Cyclophosphamide,Methoxsalen,UO-31,1
Cyclophosphamide,Mitotane,HS 578T,1
Cyclophosphamide,Mitotane,HT29,0
Cyclophosphamide,Mitotane,IGROV1,0
Cyclophosphamide,Mitotane,LOX IMVI,1
Cyclophosphamide,Mitotane,MCF7,1
Cyclophosphamide,Mitotane,NCI-H460,1
Cyclophosphamide,Mitotane,PC-3,0
Cyclophosphamide,Mitotane,RPMI-8226,0
Cyclophosphamide,Mitotane,T-47D,0
Cyclophosphamide,Mitotane,UO-31,1
Cyclophosphamide,Mitoxantrone,HS 578T,0
Cyclophosphamide,Mitoxantrone,HT29,0
Cyclophosphamide,Mitoxantrone,IGROV1,0
Cyclophosphamide,Mitoxantrone,LOX IMVI,0
Cyclophosphamide,Mitoxantrone,MCF7,0
Cyclophosphamide,Mitoxantrone,NCI-H460,0
Cyclophosphamide,Mitoxantrone,PC-3,0
Cyclophosphamide,Mitoxantrone,RPMI-8226,0
Cyclophosphamide,Mitoxantrone,SK-MEL-2,0
Cyclophosphamide,Mitoxantrone,T-47D,0
Cyclophosphamide,Mitoxantrone,UO-31,0
Cyclophosphamide,Raloxifene,HS 578T,0
Cyclophosphamide,Raloxifene,HT29,0
Cyclophosphamide,Raloxifene,IGROV1,0
Cyclophosphamide,Raloxifene,LOX IMVI,1
Cyclophosphamide,Raloxifene,MCF7,0
Cyclophosphamide,Raloxifene,NCI-H460,1
Cyclophosphamide,Raloxifene,PC-3,0
Cyclophosphamide,Raloxifene,RPMI-8226,0
Cyclophosphamide,Raloxifene,SK-MEL-2,0
Cyclophosphamide,Raloxifene,T-47D,0
Cyclophosphamide,Raloxifene,UO-31,1
Cyclophosphamide,Imatinib,HS 578T,1
Cyclophosphamide,Imatinib,HT29,0
Cyclophosphamide,Imatinib,IGROV1,1
Cyclophosphamide,Imatinib,LOX IMVI,1
Cyclophosphamide,Imatinib,MCF7,0
Cyclophosphamide,Imatinib,NCI-H460,0
Cyclophosphamide,Imatinib,PC-3,0
Cyclophosphamide,Imatinib,RPMI-8226,1
Cyclophosphamide,Imatinib,T-47D,1
Cyclophosphamide,Imatinib,UO-31,0
Cyclophosphamide,Vorinostat,HS 578T,0
Cyclophosphamide,Vorinostat,HT29,0
Cyclophosphamide,Vorinostat,IGROV1,0
Cyclophosphamide,Vorinostat,LOX IMVI,0
Cyclophosphamide,Vorinostat,MCF7,0
Cyclophosphamide,Vorinostat,NCI-H460,0
Cyclophosphamide,Vorinostat,PC-3,0
Cyclophosphamide,Vorinostat,RPMI-8226,0
Cyclophosphamide,Vorinostat,T-47D,0
Cyclophosphamide,Vorinostat,UO-31,0
Cyclophosphamide,Thalidomide,HS 578T,0
Cyclophosphamide,Thalidomide,HT29,0
Cyclophosphamide,Thalidomide,IGROV1,0
Cyclophosphamide,Thalidomide,LOX IMVI,0
Cyclophosphamide,Thalidomide,MCF7,0
Cyclophosphamide,Thalidomide,NCI-H460,1
Cyclophosphamide,Thalidomide,PC-3,0
Cyclophosphamide,Thalidomide,RPMI-8226,0
Cyclophosphamide,Thalidomide,SK-MEL-2,0
Cyclophosphamide,Thalidomide,T-47D,0
Cyclophosphamide,Thalidomide,UO-31,1
Cyclophosphamide,Thiotepa,HS 578T,0
Cyclophosphamide,Thiotepa,HT29,0
Cyclophosphamide,Thiotepa,IGROV1,0
Cyclophosphamide,Thiotepa,LOX IMVI,0
Cyclophosphamide,Thiotepa,MCF7,0
Cyclophosphamide,Thiotepa,NCI-H460,0
Cyclophosphamide,Thiotepa,PC-3,0
Cyclophosphamide,Thiotepa,RPMI-8226,0
Cyclophosphamide,Thiotepa,T-47D,0
Cyclophosphamide,Thiotepa,UO-31,0
Cyclophosphamide,Mitomycin C,HS 578T,0
Cyclophosphamide,Mitomycin C,HT29,0
Cyclophosphamide,Mitomycin C,IGROV1,0
Cyclophosphamide,Mitomycin C,LOX IMVI,0
Cyclophosphamide,Mitomycin C,MCF7,0
Cyclophosphamide,Mitomycin C,NCI-H460,0
Cyclophosphamide,Mitomycin C,PC-3,0
Cyclophosphamide,Mitomycin C,RPMI-8226,0
Cyclophosphamide,Mitomycin C,SK-MEL-2,1
Cyclophosphamide,Mitomycin C,T-47D,0
Cyclophosphamide,Mitomycin C,UO-31,0
Cyclophosphamide,Floxuridine,HS 578T,0
Cyclophosphamide,Floxuridine,HT29,0
Cyclophosphamide,Floxuridine,IGROV1,0
Cyclophosphamide,Floxuridine,LOX IMVI,0
Cyclophosphamide,Floxuridine,MCF7,0
Cyclophosphamide,Floxuridine,NCI-H460,0
Cyclophosphamide,Floxuridine,PC-3,0
Cyclophosphamide,Floxuridine,RPMI-8226,0
Cyclophosphamide,Floxuridine,T-47D,0
Cyclophosphamide,Floxuridine,UO-31,0
Cyclophosphamide,Azacitidine,HS 578T,0
Cyclophosphamide,Azacitidine,HT29,0
Cyclophosphamide,Azacitidine,IGROV1,0
Cyclophosphamide,Azacitidine,LOX IMVI,0
Cyclophosphamide,Azacitidine,MCF7,0
Cyclophosphamide,Azacitidine,NCI-H460,0
Cyclophosphamide,Azacitidine,PC-3,0
Cyclophosphamide,Azacitidine,RPMI-8226,0
Cyclophosphamide,Azacitidine,T-47D,0
Cyclophosphamide,Azacitidine,UO-31,0
Cyclophosphamide,Megestrol,HS 578T,0
Cyclophosphamide,Megestrol,HT29,0
Cyclophosphamide,Megestrol,IGROV1,1
Cyclophosphamide,Megestrol,LOX IMVI,1
Cyclophosphamide,Megestrol,MCF7,0
Cyclophosphamide,Megestrol,NCI-H460,0
Cyclophosphamide,Megestrol,PC-3,0
Cyclophosphamide,Megestrol,RPMI-8226,1
Cyclophosphamide,Megestrol,SK-MEL-2,0
Cyclophosphamide,Megestrol,T-47D,1
Cyclophosphamide,Megestrol,UO-31,0
Cyclophosphamide,Cladribine,HS 578T,0
Cyclophosphamide,Cladribine,HT29,0
Cyclophosphamide,Cladribine,IGROV1,0
Cyclophosphamide,Cladribine,LOX IMVI,0
Cyclophosphamide,Cladribine,MCF7,1
Cyclophosphamide,Cladribine,NCI-H460,1
Cyclophosphamide,Cladribine,PC-3,0
Cyclophosphamide,Cladribine,RPMI-8226,0
Cyclophosphamide,Cladribine,T-47D,0
Cyclophosphamide,Cladribine,UO-31,0
Cyclophosphamide,Paclitaxel,HT29,0
Cyclophosphamide,Paclitaxel,IGROV1,0
Cyclophosphamide,Paclitaxel,LOX IMVI,0
Cyclophosphamide,Paclitaxel,MCF7,0
Cyclophosphamide,Paclitaxel,NCI-H460,0
Cyclophosphamide,Paclitaxel,PC-3,0
Cyclophosphamide,Paclitaxel,RPMI-8226,0
Cyclophosphamide,Paclitaxel,T-47D,0
Cyclophosphamide,Paclitaxel,UO-31,1
Cyclophosphamide,Etoposide,HS 578T,0
Cyclophosphamide,Etoposide,HT29,0
Cyclophosphamide,Etoposide,IGROV1,0
Cyclophosphamide,Etoposide,LOX IMVI,0
Cyclophosphamide,Etoposide,MCF7,0
Cyclophosphamide,Etoposide,NCI-H460,0
Cyclophosphamide,Etoposide,PC-3,0
Cyclophosphamide,Etoposide,RPMI-8226,0
Cyclophosphamide,Etoposide,SK-MEL-2,0
Cyclophosphamide,Etoposide,T-47D,0
Cyclophosphamide,Etoposide,UO-31,0
Cyclophosphamide,Imiquimod,HS 578T,1
Cyclophosphamide,Imiquimod,HT29,1
Cyclophosphamide,Imiquimod,IGROV1,0
Cyclophosphamide,Imiquimod,LOX IMVI,0
Cyclophosphamide,Imiquimod,MCF7,0
Cyclophosphamide,Imiquimod,NCI-H460,1
Cyclophosphamide,Imiquimod,PC-3,0
Cyclophosphamide,Imiquimod,RPMI-8226,0
Cyclophosphamide,Imiquimod,SK-MEL-2,1
Cyclophosphamide,Imiquimod,T-47D,1
Cyclophosphamide,Imiquimod,UO-31,0
Cyclophosphamide,Exemestane,HS 578T,0
Cyclophosphamide,Exemestane,HT29,0
Cyclophosphamide,Exemestane,IGROV1,0
Cyclophosphamide,Exemestane,LOX IMVI,0
Cyclophosphamide,Exemestane,MCF7,0
Cyclophosphamide,Exemestane,NCI-H460,0
Cyclophosphamide,Exemestane,PC-3,0
Cyclophosphamide,Exemestane,RPMI-8226,0
Cyclophosphamide,Exemestane,SK-MEL-2,0
Cyclophosphamide,Exemestane,T-47D,0
Cyclophosphamide,Exemestane,UO-31,0
Cyclophosphamide,Dexrazoxane,HS 578T,0
Cyclophosphamide,Dexrazoxane,HT29,0
Cyclophosphamide,Dexrazoxane,IGROV1,0
Cyclophosphamide,Dexrazoxane,LOX IMVI,0
Cyclophosphamide,Dexrazoxane,MCF7,0
Cyclophosphamide,Dexrazoxane,NCI-H460,0
Cyclophosphamide,Dexrazoxane,PC-3,0
Cyclophosphamide,Dexrazoxane,RPMI-8226,0
Cyclophosphamide,Dexrazoxane,SK-MEL-2,0
Cyclophosphamide,Dexrazoxane,T-47D,0
Cyclophosphamide,Dexrazoxane,UO-31,0
Cyclophosphamide,Fulvestrant,HS 578T,1
Cyclophosphamide,Fulvestrant,HT29,0
Cyclophosphamide,Fulvestrant,IGROV1,0
Cyclophosphamide,Fulvestrant,LOX IMVI,0
Cyclophosphamide,Fulvestrant,NCI-H460,0
Cyclophosphamide,Fulvestrant,PC-3,1
Cyclophosphamide,Fulvestrant,RPMI-8226,1
Cyclophosphamide,Fulvestrant,T-47D,0
Cyclophosphamide,Fulvestrant,UO-31,0
Cyclophosphamide,Clofarabine,HS 578T,0
Cyclophosphamide,Clofarabine,HT29,0
Cyclophosphamide,Clofarabine,IGROV1,0
Cyclophosphamide,Clofarabine,LOX IMVI,0
Cyclophosphamide,Clofarabine,MCF7,1
Cyclophosphamide,Clofarabine,NCI-H460,0
Cyclophosphamide,Clofarabine,PC-3,1
Cyclophosphamide,Clofarabine,RPMI-8226,0
Cyclophosphamide,Clofarabine,T-47D,0
Cyclophosphamide,Clofarabine,UO-31,0
Cyclophosphamide,Gefitinib,HS 578T,0
Cyclophosphamide,Gefitinib,HT29,0
Cyclophosphamide,Gefitinib,IGROV1,0
Cyclophosphamide,Gefitinib,LOX IMVI,0
Cyclophosphamide,Gefitinib,MCF7,0
Cyclophosphamide,Gefitinib,NCI-H460,0
Cyclophosphamide,Gefitinib,PC-3,0
Cyclophosphamide,Gefitinib,RPMI-8226,0
Cyclophosphamide,Gefitinib,SK-MEL-2,0
Cyclophosphamide,Gefitinib,T-47D,0
Cyclophosphamide,Gefitinib,UO-31,0
Cyclophosphamide,Methotrexate,HS 578T,0
Cyclophosphamide,Methotrexate,HT29,0
Cyclophosphamide,Methotrexate,IGROV1,0
Cyclophosphamide,Methotrexate,LOX IMVI,0
Cyclophosphamide,Methotrexate,MCF7,0
Cyclophosphamide,Methotrexate,NCI-H460,0
Cyclophosphamide,Methotrexate,PC-3,0
Cyclophosphamide,Methotrexate,RPMI-8226,0
Cyclophosphamide,Methotrexate,T-47D,0
Cyclophosphamide,Methotrexate,UO-31,0
Cyclophosphamide,Abiraterone,HS 578T,0
Cyclophosphamide,Abiraterone,HT29,0
Cyclophosphamide,Abiraterone,IGROV1,0
Cyclophosphamide,Abiraterone,LOX IMVI,0
Cyclophosphamide,Abiraterone,MCF7,0
Cyclophosphamide,Abiraterone,NCI-H460,1
Cyclophosphamide,Abiraterone,PC-3,0
Cyclophosphamide,Abiraterone,RPMI-8226,0
Cyclophosphamide,Abiraterone,SK-MEL-2,0
Cyclophosphamide,Abiraterone,T-47D,0
Cyclophosphamide,Abiraterone,UO-31,0
Cyclophosphamide,Docetaxel,HS 578T,0
Cyclophosphamide,Docetaxel,HT29,0
Cyclophosphamide,Docetaxel,IGROV1,0
Cyclophosphamide,Docetaxel,LOX IMVI,0
Cyclophosphamide,Docetaxel,MCF7,0
Cyclophosphamide,Docetaxel,NCI-H460,0
Cyclophosphamide,Docetaxel,PC-3,0
Cyclophosphamide,Docetaxel,T-47D,0
Cyclophosphamide,Docetaxel,UO-31,0
Cyclophosphamide,Erlotinib,HS 578T,0
Cyclophosphamide,Erlotinib,HT29,1
Cyclophosphamide,Erlotinib,IGROV1,0
Cyclophosphamide,Erlotinib,LOX IMVI,0
Cyclophosphamide,Erlotinib,MCF7,0
Cyclophosphamide,Erlotinib,NCI-H460,1
Cyclophosphamide,Erlotinib,PC-3,0
Cyclophosphamide,Erlotinib,RPMI-8226,0
Cyclophosphamide,Erlotinib,SK-MEL-2,0
Cyclophosphamide,Erlotinib,T-47D,1
Cyclophosphamide,Erlotinib,UO-31,0
Cyclophosphamide,Lapatinib,HS 578T,0
Cyclophosphamide,Lapatinib,HT29,0
Cyclophosphamide,Lapatinib,IGROV1,0
Cyclophosphamide,Lapatinib,LOX IMVI,0
Cyclophosphamide,Lapatinib,MCF7,0
Cyclophosphamide,Lapatinib,NCI-H460,1
Cyclophosphamide,Lapatinib,PC-3,0
Cyclophosphamide,Lapatinib,RPMI-8226,0
Cyclophosphamide,Lapatinib,T-47D,0
Cyclophosphamide,Lapatinib,UO-31,0
Cyclophosphamide,Sorafenib,HS 578T,1
Cyclophosphamide,Sorafenib,HT29,0
Cyclophosphamide,Sorafenib,IGROV1,1
Cyclophosphamide,Sorafenib,LOX IMVI,1
Cyclophosphamide,Sorafenib,MCF7,0
Cyclophosphamide,Sorafenib,NCI-H460,1
Cyclophosphamide,Sorafenib,PC-3,0
Cyclophosphamide,Sorafenib,RPMI-8226,0
Cyclophosphamide,Sorafenib,T-47D,0
Cyclophosphamide,Sorafenib,UO-31,0
Cyclophosphamide,Lenalidomide,HS 578T,0
Cyclophosphamide,Lenalidomide,HT29,0
Cyclophosphamide,Lenalidomide,IGROV1,1
Cyclophosphamide,Lenalidomide,LOX IMVI,0
Cyclophosphamide,Lenalidomide,MCF7,1
Cyclophosphamide,Lenalidomide,NCI-H460,1
Cyclophosphamide,Lenalidomide,PC-3,0
Cyclophosphamide,Lenalidomide,RPMI-8226,1
Cyclophosphamide,Lenalidomide,SK-MEL-2,0
Cyclophosphamide,Lenalidomide,T-47D,1
Cyclophosphamide,Lenalidomide,UO-31,0
Cyclophosphamide,Capecitabine,HS 578T,1
Cyclophosphamide,Capecitabine,HT29,0
Cyclophosphamide,Capecitabine,IGROV1,0
Cyclophosphamide,Capecitabine,LOX IMVI,0
Cyclophosphamide,Capecitabine,MCF7,0
Cyclophosphamide,Capecitabine,NCI-H460,0
Cyclophosphamide,Capecitabine,PC-3,0
Cyclophosphamide,Capecitabine,RPMI-8226,0
Cyclophosphamide,Capecitabine,T-47D,0
Cyclophosphamide,Capecitabine,UO-31,0
Cyclophosphamide,Tretinoin,HS 578T,0
Cyclophosphamide,Tretinoin,HT29,0
Cyclophosphamide,Tretinoin,IGROV1,0
Cyclophosphamide,Tretinoin,LOX IMVI,0
Cyclophosphamide,Tretinoin,MCF7,0
Cyclophosphamide,Tretinoin,NCI-H460,0
Cyclophosphamide,Tretinoin,PC-3,0
Cyclophosphamide,Tretinoin,RPMI-8226,0
Cyclophosphamide,Tretinoin,T-47D,0
Cyclophosphamide,Tretinoin,UO-31,0
Cyclophosphamide,Decitabine,HS 578T,0
Cyclophosphamide,Decitabine,HT29,0
Cyclophosphamide,Decitabine,IGROV1,0
Cyclophosphamide,Decitabine,LOX IMVI,0
Cyclophosphamide,Decitabine,MCF7,0
Cyclophosphamide,Decitabine,NCI-H460,0
Cyclophosphamide,Decitabine,PC-3,0
Cyclophosphamide,Decitabine,RPMI-8226,0
Cyclophosphamide,Decitabine,SK-MEL-2,1
Cyclophosphamide,Decitabine,T-47D,0
Cyclophosphamide,Decitabine,UO-31,0
Cyclophosphamide,Teniposide,HS 578T,0
Cyclophosphamide,Teniposide,HT29,0
Cyclophosphamide,Teniposide,IGROV1,0
Cyclophosphamide,Teniposide,LOX IMVI,0
Cyclophosphamide,Teniposide,MCF7,0
Cyclophosphamide,Teniposide,NCI-H460,0
Cyclophosphamide,Teniposide,PC-3,0
Cyclophosphamide,Teniposide,RPMI-8226,0
Cyclophosphamide,Teniposide,SK-MEL-2,0
Cyclophosphamide,Teniposide,T-47D,0
Cyclophosphamide,Teniposide,UO-31,0
Cyclophosphamide,Dactinomycin,HS 578T,0
Cyclophosphamide,Dactinomycin,HT29,0
Cyclophosphamide,Dactinomycin,IGROV1,0
Cyclophosphamide,Dactinomycin,LOX IMVI,0
Cyclophosphamide,Dactinomycin,MCF7,0
Cyclophosphamide,Dactinomycin,NCI-H460,0
Cyclophosphamide,Dactinomycin,PC-3,0
Cyclophosphamide,Dactinomycin,RPMI-8226,0
Cyclophosphamide,Dactinomycin,T-47D,0
Cyclophosphamide,Dactinomycin,UO-31,0
Cyclophosphamide,Nilotinib,HS 578T,0
Cyclophosphamide,Nilotinib,HT29,1
Cyclophosphamide,Nilotinib,IGROV1,0
Cyclophosphamide,Nilotinib,LOX IMVI,1
Cyclophosphamide,Nilotinib,MCF7,0
Cyclophosphamide,Nilotinib,NCI-H460,0
Cyclophosphamide,Nilotinib,PC-3,0
Cyclophosphamide,Nilotinib,RPMI-8226,1
Cyclophosphamide,Nilotinib,T-47D,0
Cyclophosphamide,Nilotinib,UO-31,0
Cyclophosphamide,2-fluoroAraA (fludarabine),HS 578T,1
Cyclophosphamide,2-fluoroAraA (fludarabine),HT29,0
Cyclophosphamide,2-fluoroAraA (fludarabine),IGROV1,0
Cyclophosphamide,2-fluoroAraA (fludarabine),LOX IMVI,0
Cyclophosphamide,2-fluoroAraA (fludarabine),MCF7,0
Cyclophosphamide,2-fluoroAraA (fludarabine),NCI-H460,1
Cyclophosphamide,2-fluoroAraA (fludarabine),PC-3,0
Cyclophosphamide,2-fluoroAraA (fludarabine),RPMI-8226,1
Cyclophosphamide,2-fluoroAraA (fludarabine),T-47D,0
Cyclophosphamide,2-fluoroAraA (fludarabine),UO-31,0
Cyclophosphamide,Mercaptopurine,HS 578T,0
Cyclophosphamide,Mercaptopurine,HT29,0
Cyclophosphamide,Mercaptopurine,IGROV1,0
Cyclophosphamide,Mercaptopurine,LOX IMVI,0
Cyclophosphamide,Mercaptopurine,MCF7,0
Cyclophosphamide,Mercaptopurine,NCI-H460,0
Cyclophosphamide,Mercaptopurine,PC-3,0
Cyclophosphamide,Mercaptopurine,RPMI-8226,0
Cyclophosphamide,Mercaptopurine,T-47D,0
Cyclophosphamide,Mercaptopurine,UO-31,0
Cyclophosphamide,Dasatinib,HS 578T,1
Cyclophosphamide,Dasatinib,HT29,0
Cyclophosphamide,Dasatinib,IGROV1,0
Cyclophosphamide,Dasatinib,LOX IMVI,0
Cyclophosphamide,Dasatinib,MCF7,0
Cyclophosphamide,Dasatinib,NCI-H460,0
Cyclophosphamide,Dasatinib,PC-3,0
Cyclophosphamide,Dasatinib,RPMI-8226,1
Cyclophosphamide,Dasatinib,T-47D,0
Cyclophosphamide,Dasatinib,UO-31,0
Cyclophosphamide,Sirolimus (rapamycin),HT29,0
Cyclophosphamide,Sirolimus (rapamycin),IGROV1,0
Cyclophosphamide,Sirolimus (rapamycin),LOX IMVI,0
Cyclophosphamide,Sirolimus (rapamycin),MCF7,0
Cyclophosphamide,Sirolimus (rapamycin),NCI-H460,0
Cyclophosphamide,Sirolimus (rapamycin),PC-3,0
Cyclophosphamide,Sirolimus (rapamycin),RPMI-8226,0
Cyclophosphamide,Sirolimus (rapamycin),T-47D,0
Cyclophosphamide,Sirolimus (rapamycin),UO-31,0
Cyclophosphamide,Sunitinib,HS 578T,1
Cyclophosphamide,Sunitinib,HT29,1
Cyclophosphamide,Sunitinib,IGROV1,0
Cyclophosphamide,Sunitinib,LOX IMVI,0
Cyclophosphamide,Sunitinib,MCF7,0
Cyclophosphamide,Sunitinib,NCI-H460,1
Cyclophosphamide,Sunitinib,PC-3,0
Cyclophosphamide,Sunitinib,RPMI-8226,0
Cyclophosphamide,Sunitinib,T-47D,0
Cyclophosphamide,Sunitinib,UO-31,0
Cyclophosphamide,Axitinib,HS 578T,0
Cyclophosphamide,Axitinib,HT29,0
Cyclophosphamide,Axitinib,IGROV1,0
Cyclophosphamide,Axitinib,LOX IMVI,0
Cyclophosphamide,Axitinib,MCF7,0
Cyclophosphamide,Axitinib,NCI-H460,0
Cyclophosphamide,Axitinib,PC-3,0
Cyclophosphamide,Axitinib,RPMI-8226,0
Cyclophosphamide,Axitinib,SK-MEL-2,0
Cyclophosphamide,Axitinib,T-47D,0
Cyclophosphamide,Axitinib,UO-31,1
Cyclophosphamide,Crizotinib,HS 578T,0
Cyclophosphamide,Crizotinib,HT29,0
Cyclophosphamide,Crizotinib,IGROV1,0
Cyclophosphamide,Crizotinib,LOX IMVI,0
Cyclophosphamide,Crizotinib,MCF7,0
Cyclophosphamide,Crizotinib,NCI-H460,0
Cyclophosphamide,Crizotinib,PC-3,0
Cyclophosphamide,Crizotinib,RPMI-8226,0
Cyclophosphamide,Crizotinib,SK-MEL-2,0
Cyclophosphamide,Crizotinib,T-47D,0
Cyclophosphamide,Crizotinib,UO-31,0
Cyclophosphamide,Ruxolitinib,HS 578T,0
Cyclophosphamide,Ruxolitinib,HT29,0
Cyclophosphamide,Ruxolitinib,IGROV1,0
Cyclophosphamide,Ruxolitinib,LOX IMVI,1
Cyclophosphamide,Ruxolitinib,MCF7,0
Cyclophosphamide,Ruxolitinib,NCI-H460,1
Cyclophosphamide,Ruxolitinib,PC-3,0
Cyclophosphamide,Ruxolitinib,RPMI-8226,0
Cyclophosphamide,Ruxolitinib,SK-MEL-2,0
Cyclophosphamide,Ruxolitinib,T-47D,0
Cyclophosphamide,Ruxolitinib,UO-31,0
Cyclophosphamide,Vemurafenib,HS 578T,0
Cyclophosphamide,Vemurafenib,HT29,0
Cyclophosphamide,Vemurafenib,IGROV1,0
Cyclophosphamide,Vemurafenib,LOX IMVI,0
Cyclophosphamide,Vemurafenib,MCF7,1
Cyclophosphamide,Vemurafenib,NCI-H460,1
Cyclophosphamide,Vemurafenib,PC-3,0
Cyclophosphamide,Vemurafenib,RPMI-8226,0
Cyclophosphamide,Vemurafenib,SK-MEL-2,0
Cyclophosphamide,Vemurafenib,T-47D,0
Cyclophosphamide,Vemurafenib,UO-31,0
Cyclophosphamide,Everolimus,HS 578T,0
Cyclophosphamide,Everolimus,HT29,0
Cyclophosphamide,Everolimus,IGROV1,0
Cyclophosphamide,Everolimus,LOX IMVI,0
Cyclophosphamide,Everolimus,MCF7,1
Cyclophosphamide,Everolimus,NCI-H460,0
Cyclophosphamide,Everolimus,PC-3,0
Cyclophosphamide,Everolimus,RPMI-8226,0
Cyclophosphamide,Everolimus,T-47D,0
Cyclophosphamide,Everolimus,UO-31,0
Cyclophosphamide,Dacarbazine,HS 578T,0
Cyclophosphamide,Dacarbazine,HT29,0
Cyclophosphamide,Dacarbazine,IGROV1,0
Cyclophosphamide,Dacarbazine,LOX IMVI,0
Cyclophosphamide,Dacarbazine,MCF7,0
Cyclophosphamide,Dacarbazine,NCI-H460,0
Cyclophosphamide,Dacarbazine,PC-3,0
Cyclophosphamide,Dacarbazine,RPMI-8226,0
Cyclophosphamide,Dacarbazine,SK-MEL-2,0
Cyclophosphamide,Dacarbazine,T-47D,0
Cyclophosphamide,Dacarbazine,UO-31,0
Cyclophosphamide,Allopurinol,HS 578T,0
Cyclophosphamide,Allopurinol,HT29,0
Cyclophosphamide,Allopurinol,IGROV1,1
Cyclophosphamide,Allopurinol,LOX IMVI,1
Cyclophosphamide,Allopurinol,MCF7,0
Cyclophosphamide,Allopurinol,NCI-H460,0
Cyclophosphamide,Allopurinol,PC-3,0
Cyclophosphamide,Allopurinol,RPMI-8226,0
Cyclophosphamide,Allopurinol,T-47D,1
Cyclophosphamide,Allopurinol,UO-31,1
5-Fluorouracil,Ifosfamide,HS 578T,0
5-Fluorouracil,Ifosfamide,HT29,0
5-Fluorouracil,Ifosfamide,IGROV1,1
5-Fluorouracil,Ifosfamide,LOX IMVI,0
5-Fluorouracil,Ifosfamide,MCF7,0
5-Fluorouracil,Ifosfamide,NCI-H460,0
5-Fluorouracil,Ifosfamide,PC-3,0
5-Fluorouracil,Ifosfamide,RPMI-8226,0
5-Fluorouracil,Ifosfamide,SK-MEL-2,0
5-Fluorouracil,Ifosfamide,T-47D,0
5-Fluorouracil,Ifosfamide,UO-31,0
5-Fluorouracil,Letrozole,HS 578T,0
5-Fluorouracil,Letrozole,HT29,0
5-Fluorouracil,Letrozole,IGROV1,1
5-Fluorouracil,Letrozole,LOX IMVI,0
5-Fluorouracil,Letrozole,MCF7,1
5-Fluorouracil,Letrozole,NCI-H460,0
5-Fluorouracil,Letrozole,PC-3,1
5-Fluorouracil,Letrozole,RPMI-8226,0
5-Fluorouracil,Letrozole,SK-MEL-2,0
5-Fluorouracil,Letrozole,T-47D,0
5-Fluorouracil,Letrozole,UO-31,0
5-Fluorouracil,Methoxsalen,HS 578T,0
5-Fluorouracil,Methoxsalen,HT29,0
5-Fluorouracil,Methoxsalen,IGROV1,1
5-Fluorouracil,Methoxsalen,LOX IMVI,0
5-Fluorouracil,Methoxsalen,MCF7,1
5-Fluorouracil,Methoxsalen,NCI-H460,0
5-Fluorouracil,Methoxsalen,PC-3,1
5-Fluorouracil,Methoxsalen,RPMI-8226,0
5-Fluorouracil,Methoxsalen,SK-MEL-2,0
5-Fluorouracil,Methoxsalen,T-47D,0
5-Fluorouracil,Methoxsalen,UO-31,0
5-Fluorouracil,Mitotane,HS 578T,0
5-Fluorouracil,Mitotane,HT29,0
5-Fluorouracil,Mitotane,IGROV1,1
5-Fluorouracil,Mitotane,LOX IMVI,0
5-Fluorouracil,Mitotane,MCF7,1
5-Fluorouracil,Mitotane,NCI-H460,0
5-Fluorouracil,Mitotane,PC-3,0
5-Fluorouracil,Mitotane,RPMI-8226,0
5-Fluorouracil,Mitotane,SK-MEL-2,0
5-Fluorouracil,Mitotane,T-47D,0
5-Fluorouracil,Mitotane,UO-31,0
5-Fluorouracil,Mitoxantrone,HS 578T,1
5-Fluorouracil,Mitoxantrone,HT29,0
5-Fluorouracil,Mitoxantrone,IGROV1,1
5-Fluorouracil,Mitoxantrone,LOX IMVI,1
5-Fluorouracil,Mitoxantrone,MCF7,1
5-Fluorouracil,Mitoxantrone,NCI-H460,0
5-Fluorouracil,Mitoxantrone,PC-3,1
5-Fluorouracil,Mitoxantrone,RPMI-8226,0
5-Fluorouracil,Mitoxantrone,SK-MEL-2,0
5-Fluorouracil,Mitoxantrone,T-47D,0
5-Fluorouracil,Mitoxantrone,UO-31,1
5-Fluorouracil,Raloxifene,HS 578T,0
5-Fluorouracil,Raloxifene,HT29,0
5-Fluorouracil,Raloxifene,IGROV1,0
5-Fluorouracil,Raloxifene,LOX IMVI,0
5-Fluorouracil,Raloxifene,MCF7,1
5-Fluorouracil,Raloxifene,NCI-H460,0
5-Fluorouracil,Raloxifene,PC-3,1
5-Fluorouracil,Raloxifene,RPMI-8226,0
5-Fluorouracil,Raloxifene,SK-MEL-2,1
5-Fluorouracil,Raloxifene,T-47D,0
5-Fluorouracil,Raloxifene,UO-31,0
5-Fluorouracil,Imatinib,HS 578T,0
5-Fluorouracil,Imatinib,HT29,0
5-Fluorouracil,Imatinib,IGROV1,1
5-Fluorouracil,Imatinib,LOX IMVI,0
5-Fluorouracil,Imatinib,MCF7,1
5-Fluorouracil,Imatinib,NCI-H460,0
5-Fluorouracil,Imatinib,PC-3,1
5-Fluorouracil,Imatinib,RPMI-8226,0
5-Fluorouracil,Imatinib,SK-MEL-2,0
5-Fluorouracil,Imatinib,T-47D,0
5-Fluorouracil,Imatinib,UO-31,0
5-Fluorouracil,Vorinostat,HS 578T,0
5-Fluorouracil,Vorinostat,HT29,0
5-Fluorouracil,Vorinostat,IGROV1,1
5-Fluorouracil,Vorinostat,LOX IMVI,0
5-Fluorouracil,Vorinostat,MCF7,1
5-Fluorouracil,Vorinostat,NCI-H460,0
5-Fluorouracil,Vorinostat,PC-3,1
5-Fluorouracil,Vorinostat,RPMI-8226,0
5-Fluorouracil,Vorinostat,SK-MEL-2,0
5-Fluorouracil,Vorinostat,T-47D,0
5-Fluorouracil,Vorinostat,UO-31,0
5-Fluorouracil,Thalidomide,HS 578T,0
5-Fluorouracil,Thalidomide,HT29,0
5-Fluorouracil,Thalidomide,IGROV1,1
5-Fluorouracil,Thalidomide,LOX IMVI,0
5-Fluorouracil,Thalidomide,MCF7,1
5-Fluorouracil,Thalidomide,NCI-H460,0
5-Fluorouracil,Thalidomide,PC-3,1
5-Fluorouracil,Thalidomide,RPMI-8226,0
5-Fluorouracil,Thalidomide,SK-MEL-2,0
5-Fluorouracil,Thalidomide,T-47D,0
5-Fluorouracil,Thalidomide,UO-31,0
5-Fluorouracil,Thiotepa,HS 578T,1
5-Fluorouracil,Thiotepa,HT29,0
5-Fluorouracil,Thiotepa,IGROV1,1
5-Fluorouracil,Thiotepa,LOX IMVI,0
5-Fluorouracil,Thiotepa,MCF7,1
5-Fluorouracil,Thiotepa,NCI-H460,0
5-Fluorouracil,Thiotepa,PC-3,1
5-Fluorouracil,Thiotepa,RPMI-8226,0
5-Fluorouracil,Thiotepa,SK-MEL-2,0
5-Fluorouracil,Thiotepa,T-47D,0
5-Fluorouracil,Thiotepa,UO-31,0
5-Fluorouracil,Mitomycin C,HS 578T,1
5-Fluorouracil,Mitomycin C,HT29,1
5-Fluorouracil,Mitomycin C,IGROV1,1
5-Fluorouracil,Mitomycin C,LOX IMVI,0
5-Fluorouracil,Mitomycin C,MCF7,1
5-Fluorouracil,Mitomycin C,NCI-H460,0
5-Fluorouracil,Mitomycin C,PC-3,1
5-Fluorouracil,Mitomycin C,RPMI-8226,0
5-Fluorouracil,Mitomycin C,SK-MEL-2,0
5-Fluorouracil,Mitomycin C,T-47D,0
5-Fluorouracil,Mitomycin C,UO-31,0
5-Fluorouracil,Floxuridine,HS 578T,0
5-Fluorouracil,Floxuridine,HT29,1
5-Fluorouracil,Floxuridine,IGROV1,1
5-Fluorouracil,Floxuridine,LOX IMVI,0
5-Fluorouracil,Floxuridine,MCF7,1
5-Fluorouracil,Floxuridine,NCI-H460,0
5-Fluorouracil,Floxuridine,PC-3,1
5-Fluorouracil,Floxuridine,RPMI-8226,0
5-Fluorouracil,Floxuridine,SK-MEL-2,0
5-Fluorouracil,Floxuridine,T-47D,0
5-Fluorouracil,Floxuridine,UO-31,0
5-Fluorouracil,Azacitidine,HS 578T,0
5-Fluorouracil,Azacitidine,HT29,0
5-Fluorouracil,Azacitidine,IGROV1,1
5-Fluorouracil,Azacitidine,LOX IMVI,0
5-Fluorouracil,Azacitidine,MCF7,1
5-Fluorouracil,Azacitidine,NCI-H460,0
5-Fluorouracil,Azacitidine,PC-3,0
5-Fluorouracil,Azacitidine,RPMI-8226,0
5-Fluorouracil,Azacitidine,SK-MEL-2,1
5-Fluorouracil,Azacitidine,T-47D,0
5-Fluorouracil,Azacitidine,UO-31,0
5-Fluorouracil,Megestrol,HS 578T,0
5-Fluorouracil,Megestrol,HT29,0
5-Fluorouracil,Megestrol,IGROV1,0
5-Fluorouracil,Megestrol,LOX IMVI,0
5-Fluorouracil,Megestrol,MCF7,0
5-Fluorouracil,Megestrol,NCI-H460,0
5-Fluorouracil,Megestrol,PC-3,0
5-Fluorouracil,Megestrol,RPMI-8226,0
5-Fluorouracil,Megestrol,SK-MEL-2,0
5-Fluorouracil,Megestrol,T-47D,0
5-Fluorouracil,Megestrol,UO-31,0
5-Fluorouracil,Cladribine,HS 578T,0
5-Fluorouracil,Cladribine,HT29,0
5-Fluorouracil,Cladribine,IGROV1,1
5-Fluorouracil,Cladribine,LOX IMVI,0
5-Fluorouracil,Cladribine,MCF7,1
5-Fluorouracil,Cladribine,NCI-H460,0
5-Fluorouracil,Cladribine,PC-3,0
5-Fluorouracil,Cladribine,RPMI-8226,0
5-Fluorouracil,Cladribine,SK-MEL-2,0
5-Fluorouracil,Cladribine,T-47D,0
5-Fluorouracil,Cladribine,UO-31,0
5-Fluorouracil,Paclitaxel,HS 578T,0
5-Fluorouracil,Paclitaxel,HT29,0
5-Fluorouracil,Paclitaxel,IGROV1,1
5-Fluorouracil,Paclitaxel,LOX IMVI,0
5-Fluorouracil,Paclitaxel,MCF7,1
5-Fluorouracil,Paclitaxel,NCI-H460,0
5-Fluorouracil,Paclitaxel,PC-3,0
5-Fluorouracil,Paclitaxel,RPMI-8226,0
5-Fluorouracil,Paclitaxel,SK-MEL-2,0
5-Fluorouracil,Paclitaxel,T-47D,0
5-Fluorouracil,Paclitaxel,UO-31,0
5-Fluorouracil,Etoposide,HS 578T,1
5-Fluorouracil,Etoposide,HT29,0
5-Fluorouracil,Etoposide,IGROV1,1
5-Fluorouracil,Etoposide,LOX IMVI,1
5-Fluorouracil,Etoposide,MCF7,1
5-Fluorouracil,Etoposide,NCI-H460,0
5-Fluorouracil,Etoposide,PC-3,0
5-Fluorouracil,Etoposide,RPMI-8226,0
5-Fluorouracil,Etoposide,SK-MEL-2,1
5-Fluorouracil,Etoposide,T-47D,0
5-Fluorouracil,Etoposide,UO-31,1
5-Fluorouracil,Imiquimod,HS 578T,0
5-Fluorouracil,Imiquimod,HT29,0
5-Fluorouracil,Imiquimod,IGROV1,1
5-Fluorouracil,Imiquimod,LOX IMVI,0
5-Fluorouracil,Imiquimod,MCF7,1
5-Fluorouracil,Imiquimod,NCI-H460,0
5-Fluorouracil,Imiquimod,PC-3,1
5-Fluorouracil,Imiquimod,RPMI-8226,0
5-Fluorouracil,Imiquimod,SK-MEL-2,0
5-Fluorouracil,Imiquimod,T-47D,0
5-Fluorouracil,Imiquimod,UO-31,0
5-Fluorouracil,Exemestane,HS 578T,1
5-Fluorouracil,Exemestane,HT29,0
5-Fluorouracil,Exemestane,IGROV1,1
5-Fluorouracil,Exemestane,LOX IMVI,1
5-Fluorouracil,Exemestane,MCF7,0
5-Fluorouracil,Exemestane,NCI-H460,0
5-Fluorouracil,Exemestane,PC-3,1
5-Fluorouracil,Exemestane,RPMI-8226,0
5-Fluorouracil,Exemestane,SK-MEL-2,0
5-Fluorouracil,Exemestane,T-47D,0
5-Fluorouracil,Exemestane,UO-31,1
5-Fluorouracil,Dexrazoxane,HS 578T,1
5-Fluorouracil,Dexrazoxane,HT29,0
5-Fluorouracil,Dexrazoxane,IGROV1,1
5-Fluorouracil,Dexrazoxane,LOX IMVI,1
5-Fluorouracil,Dexrazoxane,MCF7,1
5-Fluorouracil,Dexrazoxane,NCI-H460,0
5-Fluorouracil,Dexrazoxane,PC-3,1
5-Fluorouracil,Dexrazoxane,RPMI-8226,0
5-Fluorouracil,Dexrazoxane,SK-MEL-2,0
5-Fluorouracil,Dexrazoxane,T-47D,0
5-Fluorouracil,Dexrazoxane,UO-31,1
5-Fluorouracil,Fulvestrant,HS 578T,0
5-Fluorouracil,Fulvestrant,HT29,0
5-Fluorouracil,Fulvestrant,IGROV1,1
5-Fluorouracil,Fulvestrant,LOX IMVI,0
5-Fluorouracil,Fulvestrant,MCF7,1
5-Fluorouracil,Fulvestrant,NCI-H460,0
5-Fluorouracil,Fulvestrant,PC-3,1
5-Fluorouracil,Fulvestrant,RPMI-8226,0
5-Fluorouracil,Fulvestrant,SK-MEL-2,0
5-Fluorouracil,Fulvestrant,T-47D,0
5-Fluorouracil,Fulvestrant,UO-31,0
5-Fluorouracil,Clofarabine,HS 578T,1
5-Fluorouracil,Clofarabine,HT29,0
5-Fluorouracil,Clofarabine,IGROV1,1
5-Fluorouracil,Clofarabine,LOX IMVI,0
5-Fluorouracil,Clofarabine,MCF7,1
5-Fluorouracil,Clofarabine,NCI-H460,0
5-Fluorouracil,Clofarabine,PC-3,0
5-Fluorouracil,Clofarabine,RPMI-8226,0
5-Fluorouracil,Clofarabine,SK-MEL-2,0
5-Fluorouracil,Clofarabine,T-47D,0
5-Fluorouracil,Clofarabine,UO-31,0
5-Fluorouracil,Gefitinib,HS 578T,1
5-Fluorouracil,Gefitinib,HT29,0
5-Fluorouracil,Gefitinib,IGROV1,1
5-Fluorouracil,Gefitinib,LOX IMVI,0
5-Fluorouracil,Gefitinib,MCF7,1
5-Fluorouracil,Gefitinib,NCI-H460,0
5-Fluorouracil,Gefitinib,PC-3,1
5-Fluorouracil,Gefitinib,RPMI-8226,0
5-Fluorouracil,Gefitinib,SK-MEL-2,0
5-Fluorouracil,Gefitinib,T-47D,0
5-Fluorouracil,Gefitinib,UO-31,1
5-Fluorouracil,Methotrexate,HS 578T,0
5-Fluorouracil,Methotrexate,HT29,1
5-Fluorouracil,Methotrexate,IGROV1,0
5-Fluorouracil,Methotrexate,LOX IMVI,0
5-Fluorouracil,Methotrexate,MCF7,0
5-Fluorouracil,Methotrexate,NCI-H460,0
5-Fluorouracil,Methotrexate,PC-3,0
5-Fluorouracil,Methotrexate,RPMI-8226,0
5-Fluorouracil,Methotrexate,SK-MEL-2,0
5-Fluorouracil,Methotrexate,T-47D,0
5-Fluorouracil,Methotrexate,UO-31,0
5-Fluorouracil,Abiraterone,HS 578T,1
5-Fluorouracil,Abiraterone,HT29,0
5-Fluorouracil,Abiraterone,IGROV1,1
5-Fluorouracil,Abiraterone,LOX IMVI,0
5-Fluorouracil,Abiraterone,MCF7,1
5-Fluorouracil,Abiraterone,NCI-H460,0
5-Fluorouracil,Abiraterone,PC-3,1
5-Fluorouracil,Abiraterone,RPMI-8226,0
5-Fluorouracil,Abiraterone,SK-MEL-2,0
5-Fluorouracil,Abiraterone,T-47D,0
5-Fluorouracil,Abiraterone,UO-31,1
5-Fluorouracil,Docetaxel,HS 578T,0
5-Fluorouracil,Docetaxel,HT29,0
5-Fluorouracil,Docetaxel,IGROV1,1
5-Fluorouracil,Docetaxel,LOX IMVI,0
5-Fluorouracil,Docetaxel,MCF7,1
5-Fluorouracil,Docetaxel,NCI-H460,0
5-Fluorouracil,Docetaxel,PC-3,0
5-Fluorouracil,Docetaxel,RPMI-8226,0
5-Fluorouracil,Docetaxel,SK-MEL-2,0
5-Fluorouracil,Docetaxel,T-47D,0
5-Fluorouracil,Docetaxel,UO-31,0
5-Fluorouracil,Erlotinib,HS 578T,0
5-Fluorouracil,Erlotinib,HT29,0
5-Fluorouracil,Erlotinib,IGROV1,1
5-Fluorouracil,Erlotinib,LOX IMVI,0
5-Fluorouracil,Erlotinib,MCF7,1
5-Fluorouracil,Erlotinib,NCI-H460,0
5-Fluorouracil,Erlotinib,PC-3,1
5-Fluorouracil,Erlotinib,RPMI-8226,0
5-Fluorouracil,Erlotinib,SK-MEL-2,0
5-Fluorouracil,Erlotinib,T-47D,0
5-Fluorouracil,Erlotinib,UO-31,1
5-Fluorouracil,Lapatinib,HS 578T,0
5-Fluorouracil,Lapatinib,HT29,0
5-Fluorouracil,Lapatinib,IGROV1,1
5-Fluorouracil,Lapatinib,LOX IMVI,0
5-Fluorouracil,Lapatinib,MCF7,1
5-Fluorouracil,Lapatinib,NCI-H460,0
5-Fluorouracil,Lapatinib,PC-3,1
5-Fluorouracil,Lapatinib,SK-MEL-2,0
5-Fluorouracil,Lapatinib,T-47D,0
5-Fluorouracil,Lapatinib,UO-31,0
5-Fluorouracil,Sorafenib,HS 578T,0
5-Fluorouracil,Sorafenib,HT29,0
5-Fluorouracil,Sorafenib,IGROV1,1
5-Fluorouracil,Sorafenib,LOX IMVI,1
5-Fluorouracil,Sorafenib,MCF7,1
5-Fluorouracil,Sorafenib,NCI-H460,0
5-Fluorouracil,Sorafenib,PC-3,1
5-Fluorouracil,Sorafenib,RPMI-8226,0
5-Fluorouracil,Sorafenib,SK-MEL-2,0
5-Fluorouracil,Sorafenib,T-47D,0
5-Fluorouracil,Sorafenib,UO-31,0
5-Fluorouracil,Lenalidomide,HS 578T,1
5-Fluorouracil,Lenalidomide,HT29,0
5-Fluorouracil,Lenalidomide,IGROV1,1
5-Fluorouracil,Lenalidomide,LOX IMVI,0
5-Fluorouracil,Lenalidomide,MCF7,0
5-Fluorouracil,Lenalidomide,NCI-H460,0
5-Fluorouracil,Lenalidomide,PC-3,0
5-Fluorouracil,Lenalidomide,RPMI-8226,0
5-Fluorouracil,Lenalidomide,SK-MEL-2,0
5-Fluorouracil,Lenalidomide,T-47D,0
5-Fluorouracil,Lenalidomide,UO-31,0
5-Fluorouracil,Capecitabine,HS 578T,0
5-Fluorouracil,Capecitabine,HT29,0
5-Fluorouracil,Capecitabine,IGROV1,1
5-Fluorouracil,Capecitabine,LOX IMVI,0
5-Fluorouracil,Capecitabine,MCF7,0
5-Fluorouracil,Capecitabine,NCI-H460,0
5-Fluorouracil,Capecitabine,PC-3,0
5-Fluorouracil,Capecitabine,RPMI-8226,0
5-Fluorouracil,Capecitabine,SK-MEL-2,0
5-Fluorouracil,Capecitabine,T-47D,0
5-Fluorouracil,Capecitabine,UO-31,0
5-Fluorouracil,Tretinoin,HS 578T,1
5-Fluorouracil,Tretinoin,HT29,1
5-Fluorouracil,Tretinoin,IGROV1,1
5-Fluorouracil,Tretinoin,LOX IMVI,1
5-Fluorouracil,Tretinoin,MCF7,1
5-Fluorouracil,Tretinoin,NCI-H460,0
5-Fluorouracil,Tretinoin,PC-3,1
5-Fluorouracil,Tretinoin,RPMI-8226,0
5-Fluorouracil,Tretinoin,SK-MEL-2,0
5-Fluorouracil,Tretinoin,T-47D,0
5-Fluorouracil,Tretinoin,UO-31,0
5-Fluorouracil,Decitabine,HS 578T,1
5-Fluorouracil,Decitabine,HT29,0
5-Fluorouracil,Decitabine,IGROV1,1
5-Fluorouracil,Decitabine,LOX IMVI,0
5-Fluorouracil,Decitabine,MCF7,1
5-Fluorouracil,Decitabine,NCI-H460,0
5-Fluorouracil,Decitabine,PC-3,1
5-Fluorouracil,Decitabine,RPMI-8226,0
5-Fluorouracil,Decitabine,SK-MEL-2,0
5-Fluorouracil,Decitabine,T-47D,0
5-Fluorouracil,Decitabine,UO-31,0
5-Fluorouracil,Teniposide,HS 578T,1
5-Fluorouracil,Teniposide,HT29,0
5-Fluorouracil,Teniposide,IGROV1,1
5-Fluorouracil,Teniposide,LOX IMVI,1
5-Fluorouracil,Teniposide,MCF7,0
5-Fluorouracil,Teniposide,NCI-H460,0
5-Fluorouracil,Teniposide,PC-3,1
5-Fluorouracil,Teniposide,SK-MEL-2,0
5-Fluorouracil,Teniposide,T-47D,0
5-Fluorouracil,Teniposide,UO-31,1
5-Fluorouracil,Dactinomycin,HS 578T,1
5-Fluorouracil,Dactinomycin,HT29,0
5-Fluorouracil,Dactinomycin,IGROV1,1
5-Fluorouracil,Dactinomycin,LOX IMVI,1
5-Fluorouracil,Dactinomycin,MCF7,1
5-Fluorouracil,Dactinomycin,NCI-H460,0
5-Fluorouracil,Dactinomycin,PC-3,1
5-Fluorouracil,Dactinomycin,RPMI-8226,0
5-Fluorouracil,Dactinomycin,SK-MEL-2,1
5-Fluorouracil,Dactinomycin,T-47D,0
5-Fluorouracil,Dactinomycin,UO-31,0
5-Fluorouracil,Nilotinib,HS 578T,0
5-Fluorouracil,Nilotinib,HT29,0
5-Fluorouracil,Nilotinib,IGROV1,1
5-Fluorouracil,Nilotinib,LOX IMVI,0
5-Fluorouracil,Nilotinib,MCF7,1
5-Fluorouracil,Nilotinib,NCI-H460,0
5-Fluorouracil,Nilotinib,PC-3,1
5-Fluorouracil,Nilotinib,RPMI-8226,0
5-Fluorouracil,Nilotinib,SK-MEL-2,0
5-Fluorouracil,Nilotinib,T-47D,0
5-Fluorouracil,Nilotinib,UO-31,0
5-Fluorouracil,2-fluoroAraA (fludarabine),HS 578T,0
5-Fluorouracil,2-fluoroAraA (fludarabine),HT29,0
5-Fluorouracil,2-fluoroAraA (fludarabine),IGROV1,1
5-Fluorouracil,2-fluoroAraA (fludarabine),LOX IMVI,0
5-Fluorouracil,2-fluoroAraA (fludarabine),MCF7,1
5-Fluorouracil,2-fluoroAraA (fludarabine),NCI-H460,0
5-Fluorouracil,2-fluoroAraA (fludarabine),PC-3,0
5-Fluorouracil,2-fluoroAraA (fludarabine),RPMI-8226,0
5-Fluorouracil,2-fluoroAraA (fludarabine),SK-MEL-2,0
5-Fluorouracil,2-fluoroAraA (fludarabine),T-47D,0
5-Fluorouracil,2-fluoroAraA (fludarabine),UO-31,0
5-Fluorouracil,Mercaptopurine,HS 578T,0
5-Fluorouracil,Mercaptopurine,HT29,0
5-Fluorouracil,Mercaptopurine,IGROV1,1
5-Fluorouracil,Mercaptopurine,LOX IMVI,0
5-Fluorouracil,Mercaptopurine,MCF7,0
5-Fluorouracil,Mercaptopurine,NCI-H460,0
5-Fluorouracil,Mercaptopurine,PC-3,0
5-Fluorouracil,Mercaptopurine,RPMI-8226,0
5-Fluorouracil,Mercaptopurine,SK-MEL-2,0
5-Fluorouracil,Mercaptopurine,T-47D,0
5-Fluorouracil,Mercaptopurine,UO-31,0
5-Fluorouracil,Dasatinib,HS 578T,1
5-Fluorouracil,Dasatinib,HT29,0
5-Fluorouracil,Dasatinib,IGROV1,0
5-Fluorouracil,Dasatinib,LOX IMVI,0
5-Fluorouracil,Dasatinib,MCF7,0
5-Fluorouracil,Dasatinib,NCI-H460,1
5-Fluorouracil,Dasatinib,PC-3,1
5-Fluorouracil,Dasatinib,RPMI-8226,0
5-Fluorouracil,Dasatinib,SK-MEL-2,0
5-Fluorouracil,Dasatinib,T-47D,1
5-Fluorouracil,Dasatinib,UO-31,1
5-Fluorouracil,Sirolimus (rapamycin),HS 578T,1
5-Fluorouracil,Sirolimus (rapamycin),HT29,0
5-Fluorouracil,Sirolimus (rapamycin),IGROV1,1
5-Fluorouracil,Sirolimus (rapamycin),LOX IMVI,0
5-Fluorouracil,Sirolimus (rapamycin),MCF7,1
5-Fluorouracil,Sirolimus (rapamycin),NCI-H460,0
5-Fluorouracil,Sirolimus (rapamycin),PC-3,1
5-Fluorouracil,Sirolimus (rapamycin),RPMI-8226,0
5-Fluorouracil,Sirolimus (rapamycin),SK-MEL-2,1
5-Fluorouracil,Sirolimus (rapamycin),T-47D,0
5-Fluorouracil,Sirolimus (rapamycin),UO-31,0
5-Fluorouracil,Sunitinib,HS 578T,0
5-Fluorouracil,Sunitinib,HT29,0
5-Fluorouracil,Sunitinib,IGROV1,1
5-Fluorouracil,Sunitinib,LOX IMVI,0
5-Fluorouracil,Sunitinib,MCF7,1
5-Fluorouracil,Sunitinib,NCI-H460,0
5-Fluorouracil,Sunitinib,PC-3,1
5-Fluorouracil,Sunitinib,RPMI-8226,0
5-Fluorouracil,Sunitinib,SK-MEL-2,0
5-Fluorouracil,Sunitinib,T-47D,0
5-Fluorouracil,Sunitinib,UO-31,0
5-Fluorouracil,Axitinib,HS 578T,1
5-Fluorouracil,Axitinib,HT29,0
5-Fluorouracil,Axitinib,IGROV1,1
5-Fluorouracil,Axitinib,LOX IMVI,0
5-Fluorouracil,Axitinib,MCF7,1
5-Fluorouracil,Axitinib,NCI-H460,0
5-Fluorouracil,Axitinib,PC-3,1
5-Fluorouracil,Axitinib,RPMI-8226,0
5-Fluorouracil,Axitinib,SK-MEL-2,0
5-Fluorouracil,Axitinib,T-47D,0
5-Fluorouracil,Axitinib,UO-31,0
5-Fluorouracil,Crizotinib,HS 578T,0
5-Fluorouracil,Crizotinib,HT29,0
5-Fluorouracil,Crizotinib,IGROV1,1
5-Fluorouracil,Crizotinib,LOX IMVI,0
5-Fluorouracil,Crizotinib,MCF7,1
5-Fluorouracil,Crizotinib,NCI-H460,0
5-Fluorouracil,Crizotinib,PC-3,1
5-Fluorouracil,Crizotinib,RPMI-8226,0
5-Fluorouracil,Crizotinib,SK-MEL-2,0
5-Fluorouracil,Crizotinib,T-47D,0
5-Fluorouracil,Crizotinib,UO-31,0
5-Fluorouracil,Ruxolitinib,HS 578T,1
5-Fluorouracil,Ruxolitinib,HT29,0
5-Fluorouracil,Ruxolitinib,IGROV1,1
5-Fluorouracil,Ruxolitinib,LOX IMVI,0
5-Fluorouracil,Ruxolitinib,MCF7,1
5-Fluorouracil,Ruxolitinib,NCI-H460,0
5-Fluorouracil,Ruxolitinib,PC-3,0
5-Fluorouracil,Ruxolitinib,RPMI-8226,0
5-Fluorouracil,Ruxolitinib,SK-MEL-2,0
5-Fluorouracil,Ruxolitinib,T-47D,0
5-Fluorouracil,Ruxolitinib,UO-31,0
5-Fluorouracil,Vemurafenib,HS 578T,1
5-Fluorouracil,Vemurafenib,HT29,0
5-Fluorouracil,Vemurafenib,IGROV1,1
5-Fluorouracil,Vemurafenib,LOX IMVI,1
5-Fluorouracil,Vemurafenib,MCF7,1
5-Fluorouracil,Vemurafenib,NCI-H460,0
5-Fluorouracil,Vemurafenib,PC-3,1
5-Fluorouracil,Vemurafenib,RPMI-8226,0
5-Fluorouracil,Vemurafenib,SK-MEL-2,0
5-Fluorouracil,Vemurafenib,T-47D,0
5-Fluorouracil,Vemurafenib,UO-31,0
5-Fluorouracil,Everolimus,HS 578T,1
5-Fluorouracil,Everolimus,HT29,0
5-Fluorouracil,Everolimus,IGROV1,1
5-Fluorouracil,Everolimus,LOX IMVI,1
5-Fluorouracil,Everolimus,MCF7,1
5-Fluorouracil,Everolimus,NCI-H460,0
5-Fluorouracil,Everolimus,PC-3,1
5-Fluorouracil,Everolimus,RPMI-8226,0
5-Fluorouracil,Everolimus,SK-MEL-2,0
5-Fluorouracil,Everolimus,T-47D,0
5-Fluorouracil,Everolimus,UO-31,1
5-Fluorouracil,Dacarbazine,HS 578T,1
5-Fluorouracil,Dacarbazine,HT29,0
5-Fluorouracil,Dacarbazine,IGROV1,0
5-Fluorouracil,Dacarbazine,LOX IMVI,1
5-Fluorouracil,Dacarbazine,MCF7,0
5-Fluorouracil,Dacarbazine,NCI-H460,0
5-Fluorouracil,Dacarbazine,PC-3,0
5-Fluorouracil,Dacarbazine,RPMI-8226,0
5-Fluorouracil,Dacarbazine,SK-MEL-2,0
5-Fluorouracil,Dacarbazine,T-47D,0
5-Fluorouracil,Dacarbazine,UO-31,0
5-Fluorouracil,Allopurinol,HS 578T,0
5-Fluorouracil,Allopurinol,HT29,0
5-Fluorouracil,Allopurinol,IGROV1,0
5-Fluorouracil,Allopurinol,LOX IMVI,0
5-Fluorouracil,Allopurinol,MCF7,0
5-Fluorouracil,Allopurinol,NCI-H460,0
5-Fluorouracil,Allopurinol,PC-3,0
5-Fluorouracil,Allopurinol,RPMI-8226,0
5-Fluorouracil,Allopurinol,SK-MEL-2,0
5-Fluorouracil,Allopurinol,T-47D,0
5-Fluorouracil,Allopurinol,UO-31,0
Ifosfamide,Letrozole,HS 578T,0
Ifosfamide,Letrozole,HT29,1
Ifosfamide,Letrozole,IGROV1,0
Ifosfamide,Letrozole,LOX IMVI,0
Ifosfamide,Letrozole,MCF7,0
Ifosfamide,Letrozole,NCI-H460,0
Ifosfamide,Letrozole,PC-3,0
Ifosfamide,Letrozole,RPMI-8226,1
Ifosfamide,Letrozole,T-47D,0
Ifosfamide,Letrozole,UO-31,1
Ifosfamide,Methoxsalen,HS 578T,0
Ifosfamide,Methoxsalen,HT29,0
Ifosfamide,Methoxsalen,IGROV1,0
Ifosfamide,Methoxsalen,LOX IMVI,0
Ifosfamide,Methoxsalen,MCF7,0
Ifosfamide,Methoxsalen,NCI-H460,0
Ifosfamide,Methoxsalen,PC-3,0
Ifosfamide,Methoxsalen,RPMI-8226,0
Ifosfamide,Methoxsalen,SK-MEL-2,1
Ifosfamide,Methoxsalen,T-47D,1
Ifosfamide,Methoxsalen,UO-31,0
Ifosfamide,Mitotane,HS 578T,0
Ifosfamide,Mitotane,HT29,0
Ifosfamide,Mitotane,IGROV1,1
Ifosfamide,Mitotane,LOX IMVI,0
Ifosfamide,Mitotane,MCF7,1
Ifosfamide,Mitotane,NCI-H460,0
Ifosfamide,Mitotane,PC-3,1
Ifosfamide,Mitotane,RPMI-8226,0
Ifosfamide,Mitotane,T-47D,0
Ifosfamide,Mitotane,UO-31,0
Ifosfamide,Mitoxantrone,HS 578T,0
Ifosfamide,Mitoxantrone,HT29,0
Ifosfamide,Mitoxantrone,IGROV1,0
Ifosfamide,Mitoxantrone,LOX IMVI,0
Ifosfamide,Mitoxantrone,MCF7,0
Ifosfamide,Mitoxantrone,NCI-H460,0
Ifosfamide,Mitoxantrone,PC-3,0
Ifosfamide,Mitoxantrone,RPMI-8226,0
Ifosfamide,Mitoxantrone,SK-MEL-2,0
Ifosfamide,Mitoxantrone,T-47D,0
Ifosfamide,Mitoxantrone,UO-31,0
Ifosfamide,Raloxifene,HS 578T,0
Ifosfamide,Raloxifene,HT29,0
Ifosfamide,Raloxifene,IGROV1,0
Ifosfamide,Raloxifene,LOX IMVI,0
Ifosfamide,Raloxifene,MCF7,0
Ifosfamide,Raloxifene,NCI-H460,0
Ifosfamide,Raloxifene,PC-3,0
Ifosfamide,Raloxifene,RPMI-8226,0
Ifosfamide,Raloxifene,SK-MEL-2,1
Ifosfamide,Raloxifene,T-47D,1
Ifosfamide,Raloxifene,UO-31,1
Ifosfamide,Imatinib,HS 578T,1
Ifosfamide,Imatinib,HT29,0
Ifosfamide,Imatinib,IGROV1,0
Ifosfamide,Imatinib,LOX IMVI,0
Ifosfamide,Imatinib,MCF7,0
Ifosfamide,Imatinib,NCI-H460,0
Ifosfamide,Imatinib,PC-3,0
Ifosfamide,Imatinib,RPMI-8226,0
Ifosfamide,Imatinib,T-47D,0
Ifosfamide,Imatinib,UO-31,0
Ifosfamide,Vorinostat,HS 578T,0
Ifosfamide,Vorinostat,HT29,0
Ifosfamide,Vorinostat,IGROV1,0
Ifosfamide,Vorinostat,LOX IMVI,0
Ifosfamide,Vorinostat,MCF7,0
Ifosfamide,Vorinostat,NCI-H460,0
Ifosfamide,Vorinostat,PC-3,0
Ifosfamide,Vorinostat,RPMI-8226,0
Ifosfamide,Vorinostat,T-47D,0
Ifosfamide,Vorinostat,UO-31,0
Ifosfamide,Thalidomide,HS 578T,0
Ifosfamide,Thalidomide,HT29,0
Ifosfamide,Thalidomide,IGROV1,0
Ifosfamide,Thalidomide,LOX IMVI,0
Ifosfamide,Thalidomide,MCF7,0
Ifosfamide,Thalidomide,NCI-H460,0
Ifosfamide,Thalidomide,PC-3,1
Ifosfamide,Thalidomide,RPMI-8226,0
Ifosfamide,Thalidomide,SK-MEL-2,0
Ifosfamide,Thalidomide,T-47D,1
Ifosfamide,Thalidomide,UO-31,0
Ifosfamide,Thiotepa,HS 578T,0
Ifosfamide,Thiotepa,HT29,0
Ifosfamide,Thiotepa,IGROV1,0
Ifosfamide,Thiotepa,LOX IMVI,0
Ifosfamide,Thiotepa,MCF7,0
Ifosfamide,Thiotepa,NCI-H460,0
Ifosfamide,Thiotepa,PC-3,0
Ifosfamide,Thiotepa,RPMI-8226,0
Ifosfamide,Thiotepa,T-47D,0
Ifosfamide,Thiotepa,UO-31,0
Ifosfamide,Mitomycin C,HS 578T,0
Ifosfamide,Mitomycin C,HT29,0
Ifosfamide,Mitomycin C,IGROV1,0
Ifosfamide,Mitomycin C,LOX IMVI,0
Ifosfamide,Mitomycin C,MCF7,0
Ifosfamide,Mitomycin C,NCI-H460,0
Ifosfamide,Mitomycin C,PC-3,0
Ifosfamide,Mitomycin C,RPMI-8226,0
Ifosfamide,Mitomycin C,SK-MEL-2,0
Ifosfamide,Mitomycin C,T-47D,0
Ifosfamide,Mitomycin C,UO-31,0
Ifosfamide,Floxuridine,HS 578T,0
Ifosfamide,Floxuridine,HT29,0
Ifosfamide,Floxuridine,IGROV1,0
Ifosfamide,Floxuridine,LOX IMVI,0
Ifosfamide,Floxuridine,MCF7,0
Ifosfamide,Floxuridine,NCI-H460,0
Ifosfamide,Floxuridine,PC-3,0
Ifosfamide,Floxuridine,RPMI-8226,0
Ifosfamide,Floxuridine,T-47D,0
Ifosfamide,Floxuridine,UO-31,0
Ifosfamide,Azacitidine,HS 578T,0
Ifosfamide,Azacitidine,HT29,0
Ifosfamide,Azacitidine,IGROV1,0
Ifosfamide,Azacitidine,LOX IMVI,0
Ifosfamide,Azacitidine,MCF7,0
Ifosfamide,Azacitidine,NCI-H460,0
Ifosfamide,Azacitidine,PC-3,0
Ifosfamide,Azacitidine,RPMI-8226,0
Ifosfamide,Azacitidine,T-47D,1
Ifosfamide,Azacitidine,UO-31,0
Ifosfamide,Megestrol,HS 578T,0
Ifosfamide,Megestrol,HT29,1
Ifosfamide,Megestrol,IGROV1,0
Ifosfamide,Megestrol,LOX IMVI,1
Ifosfamide,Megestrol,MCF7,0
Ifosfamide,Megestrol,NCI-H460,0
Ifosfamide,Megestrol,PC-3,0
Ifosfamide,Megestrol,RPMI-8226,0
Ifosfamide,Megestrol,SK-MEL-2,0
Ifosfamide,Megestrol,T-47D,0
Ifosfamide,Megestrol,UO-31,1
Ifosfamide,Cladribine,HS 578T,0
Ifosfamide,Cladribine,HT29,0
Ifosfamide,Cladribine,IGROV1,0
Ifosfamide,Cladribine,LOX IMVI,0
Ifosfamide,Cladribine,MCF7,0
Ifosfamide,Cladribine,NCI-H460,1
Ifosfamide,Cladribine,PC-3,0
Ifosfamide,Cladribine,RPMI-8226,0
Ifosfamide,Cladribine,T-47D,1
Ifosfamide,Cladribine,UO-31,0
Ifosfamide,Paclitaxel,HS 578T,0
Ifosfamide,Paclitaxel,HT29,0
Ifosfamide,Paclitaxel,IGROV1,0
Ifosfamide,Paclitaxel,LOX IMVI,0
Ifosfamide,Paclitaxel,MCF7,0
Ifosfamide,Paclitaxel,NCI-H460,0
Ifosfamide,Paclitaxel,PC-3,0
Ifosfamide,Paclitaxel,RPMI-8226,0
Ifosfamide,Paclitaxel,T-47D,0
Ifosfamide,Paclitaxel,UO-31,0
Ifosfamide,Etoposide,HS 578T,0
Ifosfamide,Etoposide,HT29,0
Ifosfamide,Etoposide,IGROV1,0
Ifosfamide,Etoposide,LOX IMVI,0
Ifosfamide,Etoposide,MCF7,0
Ifosfamide,Etoposide,NCI-H460,0
Ifosfamide,Etoposide,PC-3,0
Ifosfamide,Etoposide,RPMI-8226,0
Ifosfamide,Etoposide,SK-MEL-2,0
Ifosfamide,Etoposide,T-47D,0
Ifosfamide,Etoposide,UO-31,0
Ifosfamide,Imiquimod,HS 578T,0
Ifosfamide,Imiquimod,HT29,0
Ifosfamide,Imiquimod,IGROV1,0
Ifosfamide,Imiquimod,LOX IMVI,0
Ifosfamide,Imiquimod,MCF7,0
Ifosfamide,Imiquimod,NCI-H460,0
Ifosfamide,Imiquimod,PC-3,0
Ifosfamide,Imiquimod,RPMI-8226,0
Ifosfamide,Imiquimod,SK-MEL-2,1
Ifosfamide,Imiquimod,T-47D,1
Ifosfamide,Imiquimod,UO-31,0
Ifosfamide,Exemestane,HS 578T,0
Ifosfamide,Exemestane,HT29,0
Ifosfamide,Exemestane,IGROV1,0
Ifosfamide,Exemestane,LOX IMVI,1
Ifosfamide,Exemestane,MCF7,0
Ifosfamide,Exemestane,NCI-H460,0
Ifosfamide,Exemestane,PC-3,0
Ifosfamide,Exemestane,RPMI-8226,0
Ifosfamide,Exemestane,SK-MEL-2,1
Ifosfamide,Exemestane,T-47D,0
Ifosfamide,Exemestane,UO-31,0
Ifosfamide,Dexrazoxane,HS 578T,0
Ifosfamide,Dexrazoxane,HT29,0
Ifosfamide,Dexrazoxane,IGROV1,0
Ifosfamide,Dexrazoxane,LOX IMVI,0
Ifosfamide,Dexrazoxane,MCF7,0
Ifosfamide,Dexrazoxane,NCI-H460,0
Ifosfamide,Dexrazoxane,PC-3,0
Ifosfamide,Dexrazoxane,RPMI-8226,0
Ifosfamide,Dexrazoxane,SK-MEL-2,0
Ifosfamide,Dexrazoxane,T-47D,0
Ifosfamide,Dexrazoxane,UO-31,0
Ifosfamide,Fulvestrant,HS 578T,0
Ifosfamide,Fulvestrant,HT29,0
Ifosfamide,Fulvestrant,IGROV1,0
Ifosfamide,Fulvestrant,LOX IMVI,0
Ifosfamide,Fulvestrant,NCI-H460,0
Ifosfamide,Fulvestrant,PC-3,1
Ifosfamide,Fulvestrant,RPMI-8226,1
Ifosfamide,Fulvestrant,T-47D,1
Ifosfamide,Fulvestrant,UO-31,1
Ifosfamide,Clofarabine,HS 578T,0
Ifosfamide,Clofarabine,HT29,0
Ifosfamide,Clofarabine,IGROV1,1
Ifosfamide,Clofarabine,LOX IMVI,0
Ifosfamide,Clofarabine,MCF7,0
Ifosfamide,Clofarabine,NCI-H460,1
Ifosfamide,Clofarabine,PC-3,0
Ifosfamide,Clofarabine,RPMI-8226,0
Ifosfamide,Clofarabine,T-47D,0
Ifosfamide,Clofarabine,UO-31,1
Ifosfamide,Gefitinib,HS 578T,0
Ifosfamide,Gefitinib,HT29,0
Ifosfamide,Gefitinib,IGROV1,0
Ifosfamide,Gefitinib,LOX IMVI,1
Ifosfamide,Gefitinib,MCF7,0
Ifosfamide,Gefitinib,NCI-H460,0
Ifosfamide,Gefitinib,PC-3,0
Ifosfamide,Gefitinib,RPMI-8226,0
Ifosfamide,Gefitinib,SK-MEL-2,0
Ifosfamide,Gefitinib,T-47D,0
Ifosfamide,Gefitinib,UO-31,0
Ifosfamide,Methotrexate,HS 578T,0
Ifosfamide,Methotrexate,IGROV1,0
Ifosfamide,Methotrexate,LOX IMVI,0
Ifosfamide,Methotrexate,MCF7,0
Ifosfamide,Methotrexate,NCI-H460,0
Ifosfamide,Methotrexate,PC-3,0
Ifosfamide,Methotrexate,RPMI-8226,0
Ifosfamide,Methotrexate,T-47D,0
Ifosfamide,Methotrexate,UO-31,0
Ifosfamide,Abiraterone,HS 578T,1
Ifosfamide,Abiraterone,HT29,0
Ifosfamide,Abiraterone,IGROV1,0
Ifosfamide,Abiraterone,LOX IMVI,1
Ifosfamide,Abiraterone,MCF7,0
Ifosfamide,Abiraterone,NCI-H460,0
Ifosfamide,Abiraterone,PC-3,1
Ifosfamide,Abiraterone,RPMI-8226,0
Ifosfamide,Abiraterone,SK-MEL-2,0
Ifosfamide,Abiraterone,T-47D,0
Ifosfamide,Abiraterone,UO-31,0
Ifosfamide,Docetaxel,HT29,0
Ifosfamide,Docetaxel,IGROV1,0
Ifosfamide,Docetaxel,MCF7,0
Ifosfamide,Docetaxel,NCI-H460,0
Ifosfamide,Docetaxel,PC-3,1
Ifosfamide,Docetaxel,RPMI-8226,0
Ifosfamide,Docetaxel,T-47D,0
Ifosfamide,Docetaxel,UO-31,1
Ifosfamide,Erlotinib,HS 578T,0
Ifosfamide,Erlotinib,HT29,0
Ifosfamide,Erlotinib,IGROV1,0
Ifosfamide,Erlotinib,LOX IMVI,0
Ifosfamide,Erlotinib,MCF7,0
Ifosfamide,Erlotinib,NCI-H460,0
Ifosfamide,Erlotinib,PC-3,0
Ifosfamide,Erlotinib,RPMI-8226,0
Ifosfamide,Erlotinib,SK-MEL-2,0
Ifosfamide,Erlotinib,T-47D,0
Ifosfamide,Erlotinib,UO-31,0
Ifosfamide,Lapatinib,HS 578T,0
Ifosfamide,Lapatinib,HT29,0
Ifosfamide,Lapatinib,IGROV1,1
Ifosfamide,Lapatinib,LOX IMVI,0
Ifosfamide,Lapatinib,MCF7,0
Ifosfamide,Lapatinib,NCI-H460,0
Ifosfamide,Lapatinib,PC-3,1
Ifosfamide,Lapatinib,RPMI-8226,1
Ifosfamide,Lapatinib,T-47D,0
Ifosfamide,Lapatinib,UO-31,1
Ifosfamide,Sorafenib,HS 578T,1
Ifosfamide,Sorafenib,HT29,1
Ifosfamide,Sorafenib,IGROV1,0
Ifosfamide,Sorafenib,LOX IMVI,0
Ifosfamide,Sorafenib,MCF7,0
Ifosfamide,Sorafenib,NCI-H460,1
Ifosfamide,Sorafenib,PC-3,1
Ifosfamide,Sorafenib,RPMI-8226,1
Ifosfamide,Sorafenib,T-47D,0
Ifosfamide,Sorafenib,UO-31,1
Ifosfamide,Lenalidomide,HS 578T,0
Ifosfamide,Lenalidomide,HT29,1
Ifosfamide,Lenalidomide,IGROV1,1
Ifosfamide,Lenalidomide,LOX IMVI,1
Ifosfamide,Lenalidomide,MCF7,0
Ifosfamide,Lenalidomide,NCI-H460,1
Ifosfamide,Lenalidomide,PC-3,0
Ifosfamide,Lenalidomide,RPMI-8226,0
Ifosfamide,Lenalidomide,SK-MEL-2,0
Ifosfamide,Lenalidomide,T-47D,0
Ifosfamide,Lenalidomide,UO-31,0
Ifosfamide,Capecitabine,HS 578T,1
Ifosfamide,Capecitabine,HT29,0
Ifosfamide,Capecitabine,IGROV1,0
Ifosfamide,Capecitabine,LOX IMVI,0
Ifosfamide,Capecitabine,MCF7,0
Ifosfamide,Capecitabine,NCI-H460,0
Ifosfamide,Capecitabine,PC-3,0
Ifosfamide,Capecitabine,RPMI-8226,0
Ifosfamide,Capecitabine,T-47D,0
Ifosfamide,Capecitabine,UO-31,0
Ifosfamide,Tretinoin,HS 578T,0
Ifosfamide,Tretinoin,HT29,1
Ifosfamide,Tretinoin,IGROV1,0
Ifosfamide,Tretinoin,LOX IMVI,0
Ifosfamide,Tretinoin,MCF7,0
Ifosfamide,Tretinoin,NCI-H460,0
Ifosfamide,Tretinoin,PC-3,0
Ifosfamide,Tretinoin,RPMI-8226,0
Ifosfamide,Tretinoin,T-47D,1
Ifosfamide,Tretinoin,UO-31,1
Ifosfamide,Decitabine,HS 578T,0
Ifosfamide,Decitabine,HT29,1
Ifosfamide,Decitabine,IGROV1,0
Ifosfamide,Decitabine,LOX IMVI,0
Ifosfamide,Decitabine,MCF7,0
Ifosfamide,Decitabine,NCI-H460,0
Ifosfamide,Decitabine,PC-3,0
Ifosfamide,Decitabine,RPMI-8226,0
Ifosfamide,Decitabine,SK-MEL-2,0
Ifosfamide,Decitabine,T-47D,0
Ifosfamide,Decitabine,UO-31,0
Ifosfamide,Teniposide,HS 578T,0
Ifosfamide,Teniposide,HT29,0
Ifosfamide,Teniposide,IGROV1,0
Ifosfamide,Teniposide,LOX IMVI,0
Ifosfamide,Teniposide,MCF7,0
Ifosfamide,Teniposide,NCI-H460,0
Ifosfamide,Teniposide,PC-3,0
Ifosfamide,Teniposide,RPMI-8226,0
Ifosfamide,Teniposide,SK-MEL-2,0
Ifosfamide,Teniposide,T-47D,0
Ifosfamide,Teniposide,UO-31,0
Ifosfamide,Dactinomycin,HS 578T,1
Ifosfamide,Dactinomycin,HT29,0
Ifosfamide,Dactinomycin,IGROV1,0
Ifosfamide,Dactinomycin,LOX IMVI,0
Ifosfamide,Dactinomycin,MCF7,0
Ifosfamide,Dactinomycin,NCI-H460,0
Ifosfamide,Dactinomycin,PC-3,0
Ifosfamide,Dactinomycin,RPMI-8226,0
Ifosfamide,Dactinomycin,T-47D,1
Ifosfamide,Dactinomycin,UO-31,1
Ifosfamide,Nilotinib,HS 578T,0
Ifosfamide,Nilotinib,HT29,0
Ifosfamide,Nilotinib,IGROV1,0
Ifosfamide,Nilotinib,LOX IMVI,0
Ifosfamide,Nilotinib,MCF7,0
Ifosfamide,Nilotinib,NCI-H460,0
Ifosfamide,Nilotinib,PC-3,1
Ifosfamide,Nilotinib,RPMI-8226,0
Ifosfamide,Nilotinib,T-47D,0
Ifosfamide,Nilotinib,UO-31,0
Ifosfamide,2-fluoroAraA (fludarabine),HS 578T,0
Ifosfamide,2-fluoroAraA (fludarabine),HT29,0
Ifosfamide,2-fluoroAraA (fludarabine),IGROV1,0
Ifosfamide,2-fluoroAraA (fludarabine),LOX IMVI,0
Ifosfamide,2-fluoroAraA (fludarabine),MCF7,0
Ifosfamide,2-fluoroAraA (fludarabine),NCI-H460,0
Ifosfamide,2-fluoroAraA (fludarabine),PC-3,0
Ifosfamide,2-fluoroAraA (fludarabine),RPMI-8226,0
Ifosfamide,2-fluoroAraA (fludarabine),T-47D,1
Ifosfamide,2-fluoroAraA (fludarabine),UO-31,0
Ifosfamide,Mercaptopurine,HS 578T,0
Ifosfamide,Mercaptopurine,HT29,0
Ifosfamide,Mercaptopurine,IGROV1,0
Ifosfamide,Mercaptopurine,LOX IMVI,0
Ifosfamide,Mercaptopurine,MCF7,0
Ifosfamide,Mercaptopurine,NCI-H460,0
Ifosfamide,Mercaptopurine,PC-3,0
Ifosfamide,Mercaptopurine,RPMI-8226,0
Ifosfamide,Mercaptopurine,T-47D,0
Ifosfamide,Mercaptopurine,UO-31,0
Ifosfamide,Dasatinib,HS 578T,0
Ifosfamide,Dasatinib,HT29,0
Ifosfamide,Dasatinib,IGROV1,0
Ifosfamide,Dasatinib,LOX IMVI,0
Ifosfamide,Dasatinib,MCF7,1
Ifosfamide,Dasatinib,NCI-H460,0
Ifosfamide,Dasatinib,PC-3,0
Ifosfamide,Dasatinib,RPMI-8226,1
Ifosfamide,Dasatinib,T-47D,1
Ifosfamide,Dasatinib,UO-31,0
Ifosfamide,Sirolimus (rapamycin),HS 578T,0
Ifosfamide,Sirolimus (rapamycin),HT29,0
Ifosfamide,Sirolimus (rapamycin),IGROV1,0
Ifosfamide,Sirolimus (rapamycin),LOX IMVI,1
Ifosfamide,Sirolimus (rapamycin),MCF7,0
Ifosfamide,Sirolimus (rapamycin),NCI-H460,0
Ifosfamide,Sirolimus (rapamycin),PC-3,0
Ifosfamide,Sirolimus (rapamycin),RPMI-8226,0
Ifosfamide,Sirolimus (rapamycin),T-47D,0
Ifosfamide,Sirolimus (rapamycin),UO-31,0
Ifosfamide,Sunitinib,HS 578T,0
Ifosfamide,Sunitinib,HT29,0
Ifosfamide,Sunitinib,IGROV1,0
Ifosfamide,Sunitinib,LOX IMVI,1
Ifosfamide,Sunitinib,MCF7,0
Ifosfamide,Sunitinib,NCI-H460,0
Ifosfamide,Sunitinib,PC-3,0
Ifosfamide,Sunitinib,RPMI-8226,0
Ifosfamide,Sunitinib,T-47D,0
Ifosfamide,Sunitinib,UO-31,0
Ifosfamide,Axitinib,HS 578T,1
Ifosfamide,Axitinib,HT29,0
Ifosfamide,Axitinib,IGROV1,1
Ifosfamide,Axitinib,LOX IMVI,1
Ifosfamide,Axitinib,MCF7,0
Ifosfamide,Axitinib,NCI-H460,0
Ifosfamide,Axitinib,PC-3,1
Ifosfamide,Axitinib,RPMI-8226,0
Ifosfamide,Axitinib,SK-MEL-2,0
Ifosfamide,Axitinib,T-47D,0
Ifosfamide,Axitinib,UO-31,1
Ifosfamide,Crizotinib,HS 578T,1
Ifosfamide,Crizotinib,HT29,0
Ifosfamide,Crizotinib,IGROV1,0
Ifosfamide,Crizotinib,LOX IMVI,1
Ifosfamide,Crizotinib,MCF7,0
Ifosfamide,Crizotinib,NCI-H460,1
Ifosfamide,Crizotinib,PC-3,0
Ifosfamide,Crizotinib,RPMI-8226,1
Ifosfamide,Crizotinib,SK-MEL-2,0
Ifosfamide,Crizotinib,T-47D,0
Ifosfamide,Crizotinib,UO-31,0
Ifosfamide,Ruxolitinib,HS 578T,1
Ifosfamide,Ruxolitinib,HT29,0
Ifosfamide,Ruxolitinib,IGROV1,0
Ifosfamide,Ruxolitinib,LOX IMVI,1
Ifosfamide,Ruxolitinib,MCF7,0
Ifosfamide,Ruxolitinib,NCI-H460,0
Ifosfamide,Ruxolitinib,PC-3,0
Ifosfamide,Ruxolitinib,RPMI-8226,0
Ifosfamide,Ruxolitinib,SK-MEL-2,0
Ifosfamide,Ruxolitinib,T-47D,0
Ifosfamide,Ruxolitinib,UO-31,0
Ifosfamide,Vemurafenib,HS 578T,1
Ifosfamide,Vemurafenib,HT29,0
Ifosfamide,Vemurafenib,IGROV1,0
Ifosfamide,Vemurafenib,LOX IMVI,0
Ifosfamide,Vemurafenib,MCF7,1
Ifosfamide,Vemurafenib,NCI-H460,0
Ifosfamide,Vemurafenib,PC-3,1
Ifosfamide,Vemurafenib,RPMI-8226,0
Ifosfamide,Vemurafenib,SK-MEL-2,0
Ifosfamide,Vemurafenib,T-47D,0
Ifosfamide,Vemurafenib,UO-31,1
Ifosfamide,Everolimus,HS 578T,0
Ifosfamide,Everolimus,HT29,0
Ifosfamide,Everolimus,IGROV1,0
Ifosfamide,Everolimus,LOX IMVI,0
Ifosfamide,Everolimus,MCF7,0
Ifosfamide,Everolimus,NCI-H460,0
Ifosfamide,Everolimus,PC-3,0
Ifosfamide,Everolimus,RPMI-8226,0
Ifosfamide,Everolimus,T-47D,1
Ifosfamide,Everolimus,UO-31,0
Ifosfamide,Dacarbazine,HS 578T,0
Ifosfamide,Dacarbazine,HT29,0
Ifosfamide,Dacarbazine,IGROV1,0
Ifosfamide,Dacarbazine,LOX IMVI,0
Ifosfamide,Dacarbazine,MCF7,0
Ifosfamide,Dacarbazine,NCI-H460,0
Ifosfamide,Dacarbazine,PC-3,0
Ifosfamide,Dacarbazine,RPMI-8226,0
Ifosfamide,Dacarbazine,SK-MEL-2,0
Ifosfamide,Dacarbazine,T-47D,0
Ifosfamide,Dacarbazine,UO-31,0
Ifosfamide,Allopurinol,HS 578T,0
Ifosfamide,Allopurinol,HT29,1
Ifosfamide,Allopurinol,IGROV1,0
Ifosfamide,Allopurinol,LOX IMVI,0
Ifosfamide,Allopurinol,MCF7,1
Ifosfamide,Allopurinol,NCI-H460,0
Ifosfamide,Allopurinol,PC-3,1
Ifosfamide,Allopurinol,RPMI-8226,1
Ifosfamide,Allopurinol,T-47D,0
Ifosfamide,Allopurinol,UO-31,0
Letrozole,Methoxsalen,HS 578T,1
Letrozole,Methoxsalen,HT29,1
Letrozole,Methoxsalen,IGROV1,0
Letrozole,Methoxsalen,LOX IMVI,1
Letrozole,Methoxsalen,MCF7,0
Letrozole,Methoxsalen,NCI-H460,0
Letrozole,Methoxsalen,PC-3,0
Letrozole,Methoxsalen,RPMI-8226,0
Letrozole,Methoxsalen,T-47D,0
Letrozole,Methoxsalen,UO-31,1
Letrozole,Mitotane,HS 578T,1
Letrozole,Mitotane,HT29,1
Letrozole,Mitotane,IGROV1,1
Letrozole,Mitotane,LOX IMVI,0
Letrozole,Mitotane,MCF7,0
Letrozole,Mitotane,NCI-H460,1
Letrozole,Mitotane,PC-3,0
Letrozole,Mitotane,RPMI-8226,1
Letrozole,Mitotane,T-47D,1
Letrozole,Mitotane,UO-31,0
Letrozole,Mitoxantrone,HS 578T,0
Letrozole,Mitoxantrone,HT29,0
Letrozole,Mitoxantrone,IGROV1,0
Letrozole,Mitoxantrone,LOX IMVI,0
Letrozole,Mitoxantrone,MCF7,0
Letrozole,Mitoxantrone,NCI-H460,0
Letrozole,Mitoxantrone,PC-3,0
Letrozole,Mitoxantrone,RPMI-8226,0
Letrozole,Mitoxantrone,SK-MEL-2,0
Letrozole,Mitoxantrone,T-47D,0
Letrozole,Mitoxantrone,UO-31,0
Letrozole,Raloxifene,HS 578T,1
Letrozole,Raloxifene,HT29,0
Letrozole,Raloxifene,IGROV1,0
Letrozole,Raloxifene,LOX IMVI,1
Letrozole,Raloxifene,MCF7,1
Letrozole,Raloxifene,NCI-H460,0
Letrozole,Raloxifene,PC-3,1
Letrozole,Raloxifene,RPMI-8226,0
Letrozole,Raloxifene,SK-MEL-2,0
Letrozole,Raloxifene,T-47D,1
Letrozole,Raloxifene,UO-31,1
Letrozole,Imatinib,HS 578T,0
Letrozole,Imatinib,HT29,0
Letrozole,Imatinib,IGROV1,0
Letrozole,Imatinib,LOX IMVI,0
Letrozole,Imatinib,MCF7,0
Letrozole,Imatinib,NCI-H460,0
Letrozole,Imatinib,PC-3,0
Letrozole,Imatinib,RPMI-8226,0
Letrozole,Imatinib,T-47D,1
Letrozole,Imatinib,UO-31,0
Letrozole,Vorinostat,HS 578T,0
Letrozole,Vorinostat,HT29,0
Letrozole,Vorinostat,IGROV1,0
Letrozole,Vorinostat,LOX IMVI,0
Letrozole,Vorinostat,MCF7,0
Letrozole,Vorinostat,NCI-H460,0
Letrozole,Vorinostat,PC-3,0
Letrozole,Vorinostat,RPMI-8226,0
Letrozole,Vorinostat,T-47D,0
Letrozole,Vorinostat,UO-31,0
Letrozole,Thalidomide,HS 578T,0
Letrozole,Thalidomide,HT29,0
Letrozole,Thalidomide,IGROV1,0
Letrozole,Thalidomide,LOX IMVI,0
Letrozole,Thalidomide,MCF7,0
Letrozole,Thalidomide,NCI-H460,0
Letrozole,Thalidomide,PC-3,0
Letrozole,Thalidomide,RPMI-8226,1
Letrozole,Thalidomide,T-47D,1
Letrozole,Thalidomide,UO-31,0
Letrozole,Thiotepa,HS 578T,0
Letrozole,Thiotepa,HT29,0
Letrozole,Thiotepa,IGROV1,0
Letrozole,Thiotepa,LOX IMVI,0
Letrozole,Thiotepa,MCF7,0
Letrozole,Thiotepa,NCI-H460,0
Letrozole,Thiotepa,PC-3,0
Letrozole,Thiotepa,RPMI-8226,0
Letrozole,Thiotepa,T-47D,0
Letrozole,Thiotepa,UO-31,0
Letrozole,Mitomycin C,HS 578T,0
Letrozole,Mitomycin C,HT29,0
Letrozole,Mitomycin C,IGROV1,0
Letrozole,Mitomycin C,LOX IMVI,0
Letrozole,Mitomycin C,MCF7,0
Letrozole,Mitomycin C,NCI-H460,0
Letrozole,Mitomycin C,PC-3,0
Letrozole,Mitomycin C,RPMI-8226,0
Letrozole,Mitomycin C,T-47D,0
Letrozole,Mitomycin C,UO-31,0
Letrozole,Floxuridine,HS 578T,0
Letrozole,Floxuridine,HT29,0
Letrozole,Floxuridine,IGROV1,0
Letrozole,Floxuridine,LOX IMVI,0
Letrozole,Floxuridine,MCF7,0
Letrozole,Floxuridine,NCI-H460,0
Letrozole,Floxuridine,PC-3,0
Letrozole,Floxuridine,RPMI-8226,0
Letrozole,Floxuridine,T-47D,0
Letrozole,Floxuridine,UO-31,0
Letrozole,Azacitidine,HS 578T,0
Letrozole,Azacitidine,HT29,0
Letrozole,Azacitidine,IGROV1,0
Letrozole,Azacitidine,LOX IMVI,1
Letrozole,Azacitidine,MCF7,0
Letrozole,Azacitidine,NCI-H460,0
Letrozole,Azacitidine,PC-3,0
Letrozole,Azacitidine,RPMI-8226,0
Letrozole,Azacitidine,T-47D,0
Letrozole,Azacitidine,UO-31,0
Letrozole,Megestrol,HS 578T,0
Letrozole,Megestrol,HT29,0
Letrozole,Megestrol,IGROV1,0
Letrozole,Megestrol,LOX IMVI,0
Letrozole,Megestrol,MCF7,0
Letrozole,Megestrol,NCI-H460,1
Letrozole,Megestrol,PC-3,1
Letrozole,Megestrol,RPMI-8226,1
Letrozole,Megestrol,SK-MEL-2,0
Letrozole,Megestrol,T-47D,1
Letrozole,Megestrol,UO-31,0
Letrozole,Cladribine,HS 578T,0
Letrozole,Cladribine,HT29,0
Letrozole,Cladribine,IGROV1,0
Letrozole,Cladribine,LOX IMVI,0
Letrozole,Cladribine,MCF7,0
Letrozole,Cladribine,NCI-H460,0
Letrozole,Cladribine,PC-3,0
Letrozole,Cladribine,RPMI-8226,0
Letrozole,Cladribine,T-47D,0
Letrozole,Cladribine,UO-31,0
Letrozole,Paclitaxel,HS 578T,0
Letrozole,Paclitaxel,IGROV1,0
Letrozole,Paclitaxel,LOX IMVI,0
Letrozole,Paclitaxel,MCF7,0
Letrozole,Paclitaxel,NCI-H460,0
Letrozole,Paclitaxel,PC-3,0
Letrozole,Paclitaxel,UO-31,0
Letrozole,Etoposide,HS 578T,0
Letrozole,Etoposide,HT29,0
Letrozole,Etoposide,IGROV1,0
Letrozole,Etoposide,LOX IMVI,0
Letrozole,Etoposide,MCF7,0
Letrozole,Etoposide,NCI-H460,0
Letrozole,Etoposide,PC-3,0
Letrozole,Etoposide,RPMI-8226,0
Letrozole,Etoposide,SK-MEL-2,0
Letrozole,Etoposide,T-47D,0
Letrozole,Etoposide,UO-31,0
Letrozole,Imiquimod,HS 578T,0
Letrozole,Imiquimod,HT29,0
Letrozole,Imiquimod,IGROV1,0
Letrozole,Imiquimod,MCF7,1
Letrozole,Imiquimod,NCI-H460,0
Letrozole,Imiquimod,PC-3,1
Letrozole,Imiquimod,RPMI-8226,0
Letrozole,Imiquimod,SK-MEL-2,0
Letrozole,Imiquimod,T-47D,0
Letrozole,Imiquimod,UO-31,0
Letrozole,Exemestane,HS 578T,1
Letrozole,Exemestane,HT29,1
Letrozole,Exemestane,IGROV1,0
Letrozole,Exemestane,LOX IMVI,0
Letrozole,Exemestane,MCF7,0
Letrozole,Exemestane,NCI-H460,0
Letrozole,Exemestane,PC-3,1
Letrozole,Exemestane,RPMI-8226,1
Letrozole,Exemestane,SK-MEL-2,0
Letrozole,Exemestane,T-47D,1
Letrozole,Exemestane,UO-31,0
Letrozole,Dexrazoxane,HS 578T,0
Letrozole,Dexrazoxane,HT29,0
Letrozole,Dexrazoxane,IGROV1,0
Letrozole,Dexrazoxane,LOX IMVI,0
Letrozole,Dexrazoxane,MCF7,0
Letrozole,Dexrazoxane,NCI-H460,0
Letrozole,Dexrazoxane,PC-3,1
Letrozole,Dexrazoxane,RPMI-8226,0
Letrozole,Dexrazoxane,SK-MEL-2,0
Letrozole,Dexrazoxane,T-47D,0
Letrozole,Dexrazoxane,UO-31,0
Letrozole,Fulvestrant,HS 578T,0
Letrozole,Fulvestrant,HT29,0
Letrozole,Fulvestrant,IGROV1,0
Letrozole,Fulvestrant,LOX IMVI,1
Letrozole,Fulvestrant,MCF7,0
Letrozole,Fulvestrant,NCI-H460,1
Letrozole,Fulvestrant,PC-3,1
Letrozole,Fulvestrant,RPMI-8226,1
Letrozole,Fulvestrant,T-47D,0
Letrozole,Fulvestrant,UO-31,0
Letrozole,Clofarabine,HS 578T,0
Letrozole,Clofarabine,HT29,1
Letrozole,Clofarabine,IGROV1,0
Letrozole,Clofarabine,LOX IMVI,0
Letrozole,Clofarabine,MCF7,0
Letrozole,Clofarabine,NCI-H460,0
Letrozole,Clofarabine,PC-3,0
Letrozole,Clofarabine,RPMI-8226,1
Letrozole,Clofarabine,T-47D,0
Letrozole,Clofarabine,UO-31,0
Letrozole,Gefitinib,HS 578T,0
Letrozole,Gefitinib,HT29,0
Letrozole,Gefitinib,IGROV1,0
Letrozole,Gefitinib,LOX IMVI,0
Letrozole,Gefitinib,MCF7,0
Letrozole,Gefitinib,NCI-H460,1
Letrozole,Gefitinib,PC-3,0
Letrozole,Gefitinib,RPMI-8226,0
Letrozole,Gefitinib,SK-MEL-2,0
Letrozole,Gefitinib,T-47D,0
Letrozole,Gefitinib,UO-31,0
Letrozole,Methotrexate,HS 578T,0
Letrozole,Methotrexate,HT29,0
Letrozole,Methotrexate,IGROV1,0
Letrozole,Methotrexate,LOX IMVI,0
Letrozole,Methotrexate,MCF7,0
Letrozole,Methotrexate,NCI-H460,0
Letrozole,Methotrexate,PC-3,0
Letrozole,Methotrexate,RPMI-8226,0
Letrozole,Methotrexate,T-47D,0
Letrozole,Methotrexate,UO-31,0
Letrozole,Abiraterone,HS 578T,1
Letrozole,Abiraterone,HT29,1
Letrozole,Abiraterone,IGROV1,1
Letrozole,Abiraterone,MCF7,0
Letrozole,Abiraterone,NCI-H460,0
Letrozole,Abiraterone,PC-3,0
Letrozole,Abiraterone,RPMI-8226,0
Letrozole,Abiraterone,SK-MEL-2,1
Letrozole,Abiraterone,T-47D,0
Letrozole,Abiraterone,UO-31,0
Letrozole,Docetaxel,HS 578T,0
Letrozole,Docetaxel,HT29,0
Letrozole,Docetaxel,IGROV1,0
Letrozole,Docetaxel,LOX IMVI,0
Letrozole,Docetaxel,MCF7,0
Letrozole,Docetaxel,NCI-H460,0
Letrozole,Docetaxel,PC-3,0
Letrozole,Docetaxel,RPMI-8226,0
Letrozole,Docetaxel,T-47D,0
Letrozole,Docetaxel,UO-31,0
Letrozole,Erlotinib,HS 578T,0
Letrozole,Erlotinib,HT29,0
Letrozole,Erlotinib,IGROV1,0
Letrozole,Erlotinib,LOX IMVI,0
Letrozole,Erlotinib,MCF7,1
Letrozole,Erlotinib,NCI-H460,1
Letrozole,Erlotinib,PC-3,0
Letrozole,Erlotinib,RPMI-8226,0
Letrozole,Erlotinib,T-47D,1
Letrozole,Erlotinib,UO-31,0
Letrozole,Lapatinib,HS 578T,0
Letrozole,Lapatinib,HT29,0
Letrozole,Lapatinib,IGROV1,0
Letrozole,Lapatinib,LOX IMVI,0
Letrozole,Lapatinib,MCF7,1
Letrozole,Lapatinib,NCI-H460,0
Letrozole,Lapatinib,PC-3,0
Letrozole,Lapatinib,RPMI-8226,1
Letrozole,Lapatinib,T-47D,0
Letrozole,Lapatinib,UO-31,0
Letrozole,Sorafenib,HS 578T,0
Letrozole,Sorafenib,HT29,1
Letrozole,Sorafenib,IGROV1,0
Letrozole,Sorafenib,LOX IMVI,0
Letrozole,Sorafenib,MCF7,0
Letrozole,Sorafenib,NCI-H460,1
Letrozole,Sorafenib,PC-3,1
Letrozole,Sorafenib,RPMI-8226,1
Letrozole,Sorafenib,SK-MEL-2,0
Letrozole,Sorafenib,T-47D,0
Letrozole,Sorafenib,UO-31,0
Letrozole,Lenalidomide,HS 578T,0
Letrozole,Lenalidomide,HT29,1
Letrozole,Lenalidomide,IGROV1,0
Letrozole,Lenalidomide,LOX IMVI,0
Letrozole,Lenalidomide,MCF7,0
Letrozole,Lenalidomide,NCI-H460,1
Letrozole,Lenalidomide,PC-3,1
Letrozole,Lenalidomide,RPMI-8226,1
Letrozole,Lenalidomide,SK-MEL-2,0
Letrozole,Lenalidomide,T-47D,0
Letrozole,Lenalidomide,UO-31,0
Letrozole,Capecitabine,HS 578T,0
Letrozole,Capecitabine,HT29,1
Letrozole,Capecitabine,IGROV1,0
Letrozole,Capecitabine,LOX IMVI,0
Letrozole,Capecitabine,MCF7,0
Letrozole,Capecitabine,NCI-H460,0
Letrozole,Capecitabine,PC-3,0
Letrozole,Capecitabine,RPMI-8226,1
Letrozole,Capecitabine,T-47D,0
Letrozole,Capecitabine,UO-31,0
Letrozole,Tretinoin,HS 578T,1
Letrozole,Tretinoin,HT29,0
Letrozole,Tretinoin,IGROV1,0
Letrozole,Tretinoin,LOX IMVI,0
Letrozole,Tretinoin,MCF7,0
Letrozole,Tretinoin,NCI-H460,0
Letrozole,Tretinoin,PC-3,0
Letrozole,Tretinoin,RPMI-8226,1
Letrozole,Tretinoin,T-47D,0
Letrozole,Tretinoin,UO-31,0
Letrozole,Decitabine,HS 578T,1
Letrozole,Decitabine,HT29,0
Letrozole,Decitabine,IGROV1,0
Letrozole,Decitabine,LOX IMVI,0
Letrozole,Decitabine,MCF7,0
Letrozole,Decitabine,NCI-H460,0
Letrozole,Decitabine,PC-3,1
Letrozole,Decitabine,RPMI-8226,0
Letrozole,Decitabine,SK-MEL-2,1
Letrozole,Decitabine,T-47D,0
Letrozole,Decitabine,UO-31,0
Letrozole,Teniposide,HS 578T,0
Letrozole,Teniposide,HT29,0
Letrozole,Teniposide,IGROV1,0
Letrozole,Teniposide,LOX IMVI,0
Letrozole,Teniposide,MCF7,0
Letrozole,Teniposide,NCI-H460,0
Letrozole,Teniposide,PC-3,0
Letrozole,Teniposide,RPMI-8226,0
Letrozole,Teniposide,SK-MEL-2,0
Letrozole,Teniposide,T-47D,0
Letrozole,Teniposide,UO-31,1
Letrozole,Dactinomycin,HS 578T,1
Letrozole,Dactinomycin,HT29,1
Letrozole,Dactinomycin,IGROV1,0
Letrozole,Dactinomycin,MCF7,1
Letrozole,Dactinomycin,PC-3,1
Letrozole,Dactinomycin,RPMI-8226,1
Letrozole,Dactinomycin,T-47D,1
Letrozole,Dactinomycin,UO-31,0
Letrozole,Nilotinib,HS 578T,0
Letrozole,Nilotinib,HT29,1
Letrozole,Nilotinib,IGROV1,0
Letrozole,Nilotinib,LOX IMVI,0
Letrozole,Nilotinib,MCF7,0
Letrozole,Nilotinib,NCI-H460,0
Letrozole,Nilotinib,PC-3,0
Letrozole,Nilotinib,RPMI-8226,0
Letrozole,Nilotinib,T-47D,0
Letrozole,Nilotinib,UO-31,0
Letrozole,2-fluoroAraA (fludarabine),HS 578T,0
Letrozole,2-fluoroAraA (fludarabine),HT29,0
Letrozole,2-fluoroAraA (fludarabine),IGROV1,0
Letrozole,2-fluoroAraA (fludarabine),LOX IMVI,0
Letrozole,2-fluoroAraA (fludarabine),MCF7,0
Letrozole,2-fluoroAraA (fludarabine),NCI-H460,0
Letrozole,2-fluoroAraA (fludarabine),PC-3,0
Letrozole,2-fluoroAraA (fludarabine),RPMI-8226,1
Letrozole,2-fluoroAraA (fludarabine),T-47D,0
Letrozole,2-fluoroAraA (fludarabine),UO-31,0
Letrozole,Mercaptopurine,HS 578T,0
Letrozole,Mercaptopurine,HT29,0
Letrozole,Mercaptopurine,IGROV1,0
Letrozole,Mercaptopurine,LOX IMVI,0
Letrozole,Mercaptopurine,MCF7,0
Letrozole,Mercaptopurine,NCI-H460,0
Letrozole,Mercaptopurine,PC-3,0
Letrozole,Mercaptopurine,RPMI-8226,0
Letrozole,Mercaptopurine,SK-MEL-2,0
Letrozole,Mercaptopurine,T-47D,0
Letrozole,Mercaptopurine,UO-31,0
Letrozole,Dasatinib,HS 578T,0
Letrozole,Dasatinib,HT29,0
Letrozole,Dasatinib,IGROV1,0
Letrozole,Dasatinib,LOX IMVI,0
Letrozole,Dasatinib,MCF7,0
Letrozole,Dasatinib,NCI-H460,0
Letrozole,Dasatinib,PC-3,0
Letrozole,Dasatinib,RPMI-8226,1
Letrozole,Dasatinib,T-47D,0
Letrozole,Dasatinib,UO-31,0
Letrozole,Sirolimus (rapamycin),HS 578T,0
Letrozole,Sirolimus (rapamycin),HT29,0
Letrozole,Sirolimus (rapamycin),IGROV1,0
Letrozole,Sirolimus (rapamycin),LOX IMVI,0
Letrozole,Sirolimus (rapamycin),MCF7,0
Letrozole,Sirolimus (rapamycin),NCI-H460,0
Letrozole,Sirolimus (rapamycin),PC-3,0
Letrozole,Sirolimus (rapamycin),RPMI-8226,1
Letrozole,Sirolimus (rapamycin),T-47D,0
Letrozole,Sirolimus (rapamycin),UO-31,0
Letrozole,Sunitinib,HS 578T,0
Letrozole,Sunitinib,HT29,0
Letrozole,Sunitinib,IGROV1,0
Letrozole,Sunitinib,LOX IMVI,0
Letrozole,Sunitinib,MCF7,0
Letrozole,Sunitinib,NCI-H460,0
Letrozole,Sunitinib,PC-3,0
Letrozole,Sunitinib,RPMI-8226,1
Letrozole,Sunitinib,T-47D,0
Letrozole,Sunitinib,UO-31,0
Letrozole,Axitinib,HS 578T,1
Letrozole,Axitinib,HT29,0
Letrozole,Axitinib,IGROV1,1
Letrozole,Axitinib,LOX IMVI,0
Letrozole,Axitinib,MCF7,1
Letrozole,Axitinib,NCI-H460,0
Letrozole,Axitinib,PC-3,0
Letrozole,Axitinib,RPMI-8226,0
Letrozole,Axitinib,SK-MEL-2,0
Letrozole,Axitinib,T-47D,1
Letrozole,Axitinib,UO-31,0
Letrozole,Crizotinib,HS 578T,1
Letrozole,Crizotinib,HT29,1
Letrozole,Crizotinib,IGROV1,1
Letrozole,Crizotinib,LOX IMVI,0
Letrozole,Crizotinib,MCF7,0
Letrozole,Crizotinib,NCI-H460,0
Letrozole,Crizotinib,PC-3,0
Letrozole,Crizotinib,RPMI-8226,1
Letrozole,Crizotinib,SK-MEL-2,0
Letrozole,Crizotinib,T-47D,1
Letrozole,Crizotinib,UO-31,1
Letrozole,Ruxolitinib,HS 578T,1
Letrozole,Ruxolitinib,HT29,0
Letrozole,Ruxolitinib,IGROV1,1
Letrozole,Ruxolitinib,LOX IMVI,0
Letrozole,Ruxolitinib,MCF7,1
Letrozole,Ruxolitinib,NCI-H460,0
Letrozole,Ruxolitinib,PC-3,0
Letrozole,Ruxolitinib,RPMI-8226,1
Letrozole,Ruxolitinib,SK-MEL-2,1
Letrozole,Ruxolitinib,T-47D,0
Letrozole,Ruxolitinib,UO-31,1
Letrozole,Vemurafenib,HS 578T,1
Letrozole,Vemurafenib,HT29,0
Letrozole,Vemurafenib,IGROV1,1
Letrozole,Vemurafenib,LOX IMVI,0
Letrozole,Vemurafenib,MCF7,1
Letrozole,Vemurafenib,NCI-H460,0
Letrozole,Vemurafenib,PC-3,1
Letrozole,Vemurafenib,RPMI-8226,1
Letrozole,Vemurafenib,SK-MEL-2,0
Letrozole,Vemurafenib,T-47D,1
Letrozole,Vemurafenib,UO-31,1
Letrozole,Everolimus,HS 578T,0
Letrozole,Everolimus,HT29,0
Letrozole,Everolimus,IGROV1,0
Letrozole,Everolimus,LOX IMVI,0
Letrozole,Everolimus,MCF7,1
Letrozole,Everolimus,NCI-H460,0
Letrozole,Everolimus,PC-3,0
Letrozole,Everolimus,RPMI-8226,1
Letrozole,Everolimus,T-47D,0
Letrozole,Everolimus,UO-31,0
Letrozole,Dacarbazine,HS 578T,0
Letrozole,Dacarbazine,HT29,0
Letrozole,Dacarbazine,IGROV1,0
Letrozole,Dacarbazine,LOX IMVI,0
Letrozole,Dacarbazine,MCF7,0
Letrozole,Dacarbazine,NCI-H460,1
Letrozole,Dacarbazine,PC-3,1
Letrozole,Dacarbazine,RPMI-8226,1
Letrozole,Dacarbazine,SK-MEL-2,0
Letrozole,Dacarbazine,T-47D,0
Letrozole,Dacarbazine,UO-31,0
Letrozole,Allopurinol,HS 578T,0
Letrozole,Allopurinol,HT29,1
Letrozole,Allopurinol,IGROV1,1
Letrozole,Allopurinol,LOX IMVI,1
Letrozole,Allopurinol,MCF7,1
Letrozole,Allopurinol,NCI-H460,0
Letrozole,Allopurinol,PC-3,1
Letrozole,Allopurinol,RPMI-8226,1
Letrozole,Allopurinol,SK-MEL-2,0
Letrozole,Allopurinol,T-47D,1
Letrozole,Allopurinol,UO-31,0
Methoxsalen,Mitotane,HS 578T,0
Methoxsalen,Mitotane,HT29,1
Methoxsalen,Mitotane,IGROV1,0
Methoxsalen,Mitotane,LOX IMVI,0
Methoxsalen,Mitotane,MCF7,0
Methoxsalen,Mitotane,NCI-H460,0
Methoxsalen,Mitotane,PC-3,0
Methoxsalen,Mitotane,RPMI-8226,0
Methoxsalen,Mitotane,T-47D,0
Methoxsalen,Mitotane,UO-31,0
Methoxsalen,Mitoxantrone,HS 578T,0
Methoxsalen,Mitoxantrone,HT29,0
Methoxsalen,Mitoxantrone,IGROV1,0
Methoxsalen,Mitoxantrone,LOX IMVI,0
Methoxsalen,Mitoxantrone,MCF7,0
Methoxsalen,Mitoxantrone,NCI-H460,0
Methoxsalen,Mitoxantrone,PC-3,0
Methoxsalen,Mitoxantrone,RPMI-8226,0
Methoxsalen,Mitoxantrone,SK-MEL-2,0
Methoxsalen,Mitoxantrone,T-47D,0
Methoxsalen,Mitoxantrone,UO-31,0
Methoxsalen,Raloxifene,HS 578T,0
Methoxsalen,Raloxifene,HT29,0
Methoxsalen,Raloxifene,IGROV1,1
Methoxsalen,Raloxifene,LOX IMVI,1
Methoxsalen,Raloxifene,MCF7,0
Methoxsalen,Raloxifene,NCI-H460,1
Methoxsalen,Raloxifene,PC-3,1
Methoxsalen,Raloxifene,RPMI-8226,1
Methoxsalen,Raloxifene,SK-MEL-2,0
Methoxsalen,Raloxifene,T-47D,0
Methoxsalen,Raloxifene,UO-31,1
Methoxsalen,Imatinib,HS 578T,1
Methoxsalen,Imatinib,HT29,0
Methoxsalen,Imatinib,IGROV1,0
Methoxsalen,Imatinib,LOX IMVI,0
Methoxsalen,Imatinib,MCF7,0
Methoxsalen,Imatinib,NCI-H460,0
Methoxsalen,Imatinib,PC-3,0
Methoxsalen,Imatinib,RPMI-8226,1
Methoxsalen,Imatinib,T-47D,0
Methoxsalen,Imatinib,UO-31,1
Methoxsalen,Vorinostat,HS 578T,0
Methoxsalen,Vorinostat,HT29,0
Methoxsalen,Vorinostat,LOX IMVI,0
Methoxsalen,Vorinostat,MCF7,0
Methoxsalen,Vorinostat,NCI-H460,0
Methoxsalen,Vorinostat,PC-3,0
Methoxsalen,Vorinostat,RPMI-8226,0
Methoxsalen,Vorinostat,T-47D,0
Methoxsalen,Vorinostat,UO-31,0
Methoxsalen,Thalidomide,HS 578T,1
Methoxsalen,Thalidomide,HT29,0
Methoxsalen,Thalidomide,IGROV1,1
Methoxsalen,Thalidomide,LOX IMVI,1
Methoxsalen,Thalidomide,MCF7,0
Methoxsalen,Thalidomide,NCI-H460,0
Methoxsalen,Thalidomide,PC-3,1
Methoxsalen,Thalidomide,RPMI-8226,1
Methoxsalen,Thalidomide,SK-MEL-2,1
Methoxsalen,Thalidomide,T-47D,0
Methoxsalen,Thalidomide,UO-31,0
Methoxsalen,Thiotepa,HS 578T,0
Methoxsalen,Thiotepa,HT29,1
Methoxsalen,Thiotepa,IGROV1,0
Methoxsalen,Thiotepa,LOX IMVI,0
Methoxsalen,Thiotepa,MCF7,0
Methoxsalen,Thiotepa,NCI-H460,0
Methoxsalen,Thiotepa,PC-3,0
Methoxsalen,Thiotepa,RPMI-8226,0
Methoxsalen,Thiotepa,T-47D,0
Methoxsalen,Thiotepa,UO-31,0
Methoxsalen,Mitomycin C,HS 578T,0
Methoxsalen,Mitomycin C,HT29,0
Methoxsalen,Mitomycin C,IGROV1,0
Methoxsalen,Mitomycin C,LOX IMVI,0
Methoxsalen,Mitomycin C,MCF7,0
Methoxsalen,Mitomycin C,NCI-H460,0
Methoxsalen,Mitomycin C,PC-3,0
Methoxsalen,Mitomycin C,RPMI-8226,0
Methoxsalen,Mitomycin C,SK-MEL-2,0
Methoxsalen,Mitomycin C,T-47D,0
Methoxsalen,Mitomycin C,UO-31,0
Methoxsalen,Floxuridine,HS 578T,0
Methoxsalen,Floxuridine,HT29,0
Methoxsalen,Floxuridine,IGROV1,0
Methoxsalen,Floxuridine,LOX IMVI,0
Methoxsalen,Floxuridine,MCF7,0
Methoxsalen,Floxuridine,NCI-H460,0
Methoxsalen,Floxuridine,PC-3,0
Methoxsalen,Floxuridine,RPMI-8226,0
Methoxsalen,Floxuridine,T-47D,1
Methoxsalen,Floxuridine,UO-31,0
Methoxsalen,Azacitidine,HS 578T,0
Methoxsalen,Azacitidine,HT29,0
Methoxsalen,Azacitidine,IGROV1,0
Methoxsalen,Azacitidine,LOX IMVI,0
Methoxsalen,Azacitidine,MCF7,0
Methoxsalen,Azacitidine,NCI-H460,0
Methoxsalen,Azacitidine,PC-3,0
Methoxsalen,Azacitidine,RPMI-8226,0
Methoxsalen,Azacitidine,T-47D,0
Methoxsalen,Azacitidine,UO-31,0
Methoxsalen,Megestrol,HS 578T,0
Methoxsalen,Megestrol,HT29,0
Methoxsalen,Megestrol,IGROV1,1
Methoxsalen,Megestrol,LOX IMVI,1
Methoxsalen,Megestrol,MCF7,0
Methoxsalen,Megestrol,NCI-H460,0
Methoxsalen,Megestrol,PC-3,0
Methoxsalen,Megestrol,RPMI-8226,0
Methoxsalen,Megestrol,SK-MEL-2,0
Methoxsalen,Megestrol,T-47D,1
Methoxsalen,Megestrol,UO-31,1
Methoxsalen,Cladribine,HS 578T,0
Methoxsalen,Cladribine,HT29,0
Methoxsalen,Cladribine,IGROV1,0
Methoxsalen,Cladribine,LOX IMVI,0
Methoxsalen,Cladribine,MCF7,0
Methoxsalen,Cladribine,NCI-H460,0
Methoxsalen,Cladribine,PC-3,0
Methoxsalen,Cladribine,RPMI-8226,0
Methoxsalen,Cladribine,T-47D,0
Methoxsalen,Cladribine,UO-31,0
Methoxsalen,Paclitaxel,HS 578T,0
Methoxsalen,Paclitaxel,HT29,0
Methoxsalen,Paclitaxel,IGROV1,0
Methoxsalen,Paclitaxel,LOX IMVI,0
Methoxsalen,Paclitaxel,MCF7,0
Methoxsalen,Paclitaxel,PC-3,0
Methoxsalen,Paclitaxel,RPMI-8226,0
Methoxsalen,Paclitaxel,T-47D,0
Methoxsalen,Paclitaxel,UO-31,0
Methoxsalen,Etoposide,HS 578T,0
Methoxsalen,Etoposide,HT29,0
Methoxsalen,Etoposide,IGROV1,0
Methoxsalen,Etoposide,LOX IMVI,0
Methoxsalen,Etoposide,MCF7,0
Methoxsalen,Etoposide,NCI-H460,0
Methoxsalen,Etoposide,PC-3,0
Methoxsalen,Etoposide,RPMI-8226,0
Methoxsalen,Etoposide,SK-MEL-2,0
Methoxsalen,Etoposide,T-47D,0
Methoxsalen,Etoposide,UO-31,0
Methoxsalen,Imiquimod,HS 578T,0
Methoxsalen,Imiquimod,HT29,0
Methoxsalen,Imiquimod,IGROV1,0
Methoxsalen,Imiquimod,LOX IMVI,0
Methoxsalen,Imiquimod,MCF7,0
Methoxsalen,Imiquimod,NCI-H460,0
Methoxsalen,Imiquimod,PC-3,0
Methoxsalen,Imiquimod,RPMI-8226,0
Methoxsalen,Imiquimod,SK-MEL-2,0
Methoxsalen,Imiquimod,T-47D,0
Methoxsalen,Imiquimod,UO-31,0
Methoxsalen,Exemestane,HS 578T,1
Methoxsalen,Exemestane,HT29,0
Methoxsalen,Exemestane,IGROV1,0
Methoxsalen,Exemestane,LOX IMVI,0
Methoxsalen,Exemestane,MCF7,1
Methoxsalen,Exemestane,NCI-H460,0
Methoxsalen,Exemestane,PC-3,1
Methoxsalen,Exemestane,RPMI-8226,1
Methoxsalen,Exemestane,SK-MEL-2,1
Methoxsalen,Exemestane,T-47D,1
Methoxsalen,Exemestane,UO-31,1
Methoxsalen,Dexrazoxane,HS 578T,1
Methoxsalen,Dexrazoxane,HT29,1
Methoxsalen,Dexrazoxane,IGROV1,1
Methoxsalen,Dexrazoxane,LOX IMVI,1
Methoxsalen,Dexrazoxane,MCF7,1
Methoxsalen,Dexrazoxane,NCI-H460,0
Methoxsalen,Dexrazoxane,PC-3,0
Methoxsalen,Dexrazoxane,RPMI-8226,0
Methoxsalen,Dexrazoxane,SK-MEL-2,0
Methoxsalen,Dexrazoxane,T-47D,0
Methoxsalen,Dexrazoxane,UO-31,0
Methoxsalen,Fulvestrant,HS 578T,1
Methoxsalen,Fulvestrant,HT29,1
Methoxsalen,Fulvestrant,IGROV1,0
Methoxsalen,Fulvestrant,LOX IMVI,0
Methoxsalen,Fulvestrant,MCF7,1
Methoxsalen,Fulvestrant,NCI-H460,0
Methoxsalen,Fulvestrant,PC-3,0
Methoxsalen,Fulvestrant,RPMI-8226,1
Methoxsalen,Fulvestrant,T-47D,1
Methoxsalen,Fulvestrant,UO-31,0
Methoxsalen,Clofarabine,HS 578T,0
Methoxsalen,Clofarabine,HT29,0
Methoxsalen,Clofarabine,IGROV1,1
Methoxsalen,Clofarabine,LOX IMVI,0
Methoxsalen,Clofarabine,MCF7,0
Methoxsalen,Clofarabine,NCI-H460,0
Methoxsalen,Clofarabine,PC-3,0
Methoxsalen,Clofarabine,RPMI-8226,0
Methoxsalen,Clofarabine,T-47D,1
Methoxsalen,Clofarabine,UO-31,1
Methoxsalen,Gefitinib,HS 578T,0
Methoxsalen,Gefitinib,HT29,0
Methoxsalen,Gefitinib,IGROV1,0
Methoxsalen,Gefitinib,LOX IMVI,0
Methoxsalen,Gefitinib,MCF7,1
Methoxsalen,Gefitinib,NCI-H460,0
Methoxsalen,Gefitinib,PC-3,0
Methoxsalen,Gefitinib,RPMI-8226,0
Methoxsalen,Gefitinib,SK-MEL-2,0
Methoxsalen,Gefitinib,T-47D,0
Methoxsalen,Gefitinib,UO-31,0
Methoxsalen,Methotrexate,HS 578T,0
Methoxsalen,Methotrexate,HT29,0
Methoxsalen,Methotrexate,IGROV1,0
Methoxsalen,Methotrexate,LOX IMVI,0
Methoxsalen,Methotrexate,MCF7,0
Methoxsalen,Methotrexate,NCI-H460,0
Methoxsalen,Methotrexate,PC-3,0
Methoxsalen,Methotrexate,RPMI-8226,0
Methoxsalen,Methotrexate,T-47D,0
Methoxsalen,Methotrexate,UO-31,0
Methoxsalen,Abiraterone,HS 578T,0
Methoxsalen,Abiraterone,HT29,0
Methoxsalen,Abiraterone,IGROV1,0
Methoxsalen,Abiraterone,LOX IMVI,0
Methoxsalen,Abiraterone,MCF7,0
Methoxsalen,Abiraterone,NCI-H460,0
Methoxsalen,Abiraterone,PC-3,0
Methoxsalen,Abiraterone,RPMI-8226,0
Methoxsalen,Abiraterone,SK-MEL-2,1
Methoxsalen,Abiraterone,T-47D,0
Methoxsalen,Abiraterone,UO-31,1
Methoxsalen,Docetaxel,IGROV1,0
Methoxsalen,Docetaxel,LOX IMVI,0
Methoxsalen,Docetaxel,MCF7,0
Methoxsalen,Docetaxel,NCI-H460,0
Methoxsalen,Docetaxel,PC-3,0
Methoxsalen,Docetaxel,RPMI-8226,0
Methoxsalen,Docetaxel,T-47D,0
Methoxsalen,Docetaxel,UO-31,0
Methoxsalen,Erlotinib,HS 578T,0
Methoxsalen,Erlotinib,HT29,0
Methoxsalen,Erlotinib,IGROV1,0
Methoxsalen,Erlotinib,LOX IMVI,0
Methoxsalen,Erlotinib,MCF7,0
Methoxsalen,Erlotinib,NCI-H460,0
Methoxsalen,Erlotinib,PC-3,0
Methoxsalen,Erlotinib,RPMI-8226,0
Methoxsalen,Erlotinib,SK-MEL-2,0
Methoxsalen,Erlotinib,T-47D,1
Methoxsalen,Erlotinib,UO-31,0
Methoxsalen,Lapatinib,HS 578T,1
Methoxsalen,Lapatinib,HT29,0
Methoxsalen,Lapatinib,IGROV1,0
Methoxsalen,Lapatinib,LOX IMVI,0
Methoxsalen,Lapatinib,MCF7,0
Methoxsalen,Lapatinib,NCI-H460,0
Methoxsalen,Lapatinib,PC-3,0
Methoxsalen,Lapatinib,RPMI-8226,0
Methoxsalen,Lapatinib,T-47D,1
Methoxsalen,Lapatinib,UO-31,0
Methoxsalen,Sorafenib,HS 578T,1
Methoxsalen,Sorafenib,HT29,1
Methoxsalen,Sorafenib,IGROV1,0
Methoxsalen,Sorafenib,LOX IMVI,0
Methoxsalen,Sorafenib,MCF7,0
Methoxsalen,Sorafenib,NCI-H460,1
Methoxsalen,Sorafenib,PC-3,0
Methoxsalen,Sorafenib,RPMI-8226,1
Methoxsalen,Sorafenib,T-47D,0
Methoxsalen,Sorafenib,UO-31,0
Methoxsalen,Lenalidomide,HS 578T,1
Methoxsalen,Lenalidomide,HT29,0
Methoxsalen,Lenalidomide,IGROV1,1
Methoxsalen,Lenalidomide,LOX IMVI,0
Methoxsalen,Lenalidomide,MCF7,1
Methoxsalen,Lenalidomide,NCI-H460,0
Methoxsalen,Lenalidomide,PC-3,0
Methoxsalen,Lenalidomide,RPMI-8226,1
Methoxsalen,Lenalidomide,SK-MEL-2,0
Methoxsalen,Lenalidomide,T-47D,1
Methoxsalen,Lenalidomide,UO-31,0
Methoxsalen,Capecitabine,HS 578T,0
Methoxsalen,Capecitabine,HT29,0
Methoxsalen,Capecitabine,IGROV1,0
Methoxsalen,Capecitabine,LOX IMVI,0
Methoxsalen,Capecitabine,MCF7,0
Methoxsalen,Capecitabine,NCI-H460,0
Methoxsalen,Capecitabine,PC-3,0
Methoxsalen,Capecitabine,RPMI-8226,0
Methoxsalen,Capecitabine,T-47D,0
Methoxsalen,Capecitabine,UO-31,0
Methoxsalen,Tretinoin,HS 578T,0
Methoxsalen,Tretinoin,HT29,1
Methoxsalen,Tretinoin,IGROV1,0
Methoxsalen,Tretinoin,LOX IMVI,0
Methoxsalen,Tretinoin,MCF7,0
Methoxsalen,Tretinoin,NCI-H460,0
Methoxsalen,Tretinoin,PC-3,0
Methoxsalen,Tretinoin,RPMI-8226,0
Methoxsalen,Tretinoin,T-47D,0
Methoxsalen,Tretinoin,UO-31,1
Methoxsalen,Decitabine,HS 578T,1
Methoxsalen,Decitabine,HT29,1
Methoxsalen,Decitabine,IGROV1,0
Methoxsalen,Decitabine,LOX IMVI,0
Methoxsalen,Decitabine,MCF7,0
Methoxsalen,Decitabine,NCI-H460,0
Methoxsalen,Decitabine,PC-3,0
Methoxsalen,Decitabine,RPMI-8226,0
Methoxsalen,Decitabine,SK-MEL-2,0
Methoxsalen,Decitabine,T-47D,1
Methoxsalen,Decitabine,UO-31,0
Methoxsalen,Teniposide,HS 578T,0
Methoxsalen,Teniposide,HT29,0
Methoxsalen,Teniposide,IGROV1,0
Methoxsalen,Teniposide,LOX IMVI,0
Methoxsalen,Teniposide,MCF7,0
Methoxsalen,Teniposide,NCI-H460,0
Methoxsalen,Teniposide,PC-3,0
Methoxsalen,Teniposide,SK-MEL-2,0
Methoxsalen,Teniposide,T-47D,0
Methoxsalen,Teniposide,UO-31,0
Methoxsalen,Dactinomycin,HS 578T,0
Methoxsalen,Dactinomycin,HT29,0
Methoxsalen,Dactinomycin,IGROV1,0
Methoxsalen,Dactinomycin,MCF7,0
Methoxsalen,Dactinomycin,NCI-H460,0
Methoxsalen,Dactinomycin,PC-3,0
Methoxsalen,Dactinomycin,T-47D,0
Methoxsalen,Dactinomycin,UO-31,0
Methoxsalen,Nilotinib,HS 578T,0
Methoxsalen,Nilotinib,HT29,0
Methoxsalen,Nilotinib,IGROV1,0
Methoxsalen,Nilotinib,LOX IMVI,0
Methoxsalen,Nilotinib,MCF7,0
Methoxsalen,Nilotinib,NCI-H460,1
Methoxsalen,Nilotinib,PC-3,0
Methoxsalen,Nilotinib,RPMI-8226,0
Methoxsalen,Nilotinib,T-47D,0
Methoxsalen,Nilotinib,UO-31,0
Methoxsalen,2-fluoroAraA (fludarabine),HS 578T,0
Methoxsalen,2-fluoroAraA (fludarabine),HT29,0
Methoxsalen,2-fluoroAraA (fludarabine),IGROV1,1
Methoxsalen,2-fluoroAraA (fludarabine),LOX IMVI,0
Methoxsalen,2-fluoroAraA (fludarabine),MCF7,0
Methoxsalen,2-fluoroAraA (fludarabine),NCI-H460,0
Methoxsalen,2-fluoroAraA (fludarabine),PC-3,0
Methoxsalen,2-fluoroAraA (fludarabine),RPMI-8226,0
Methoxsalen,2-fluoroAraA (fludarabine),T-47D,0
Methoxsalen,2-fluoroAraA (fludarabine),UO-31,0
Methoxsalen,Mercaptopurine,HS 578T,0
Methoxsalen,Mercaptopurine,HT29,0
Methoxsalen,Mercaptopurine,IGROV1,0
Methoxsalen,Mercaptopurine,LOX IMVI,0
Methoxsalen,Mercaptopurine,MCF7,0
Methoxsalen,Mercaptopurine,NCI-H460,0
Methoxsalen,Mercaptopurine,PC-3,0
Methoxsalen,Mercaptopurine,RPMI-8226,0
Methoxsalen,Mercaptopurine,T-47D,0
Methoxsalen,Mercaptopurine,UO-31,0
Methoxsalen,Dasatinib,HS 578T,0
Methoxsalen,Dasatinib,HT29,0
Methoxsalen,Dasatinib,IGROV1,0
Methoxsalen,Dasatinib,LOX IMVI,0
Methoxsalen,Dasatinib,MCF7,0
Methoxsalen,Dasatinib,NCI-H460,0
Methoxsalen,Dasatinib,PC-3,0
Methoxsalen,Dasatinib,RPMI-8226,1
Methoxsalen,Dasatinib,T-47D,1
Methoxsalen,Dasatinib,UO-31,0
Methoxsalen,Sirolimus (rapamycin),HS 578T,0
Methoxsalen,Sirolimus (rapamycin),HT29,0
Methoxsalen,Sirolimus (rapamycin),IGROV1,0
Methoxsalen,Sirolimus (rapamycin),LOX IMVI,0
Methoxsalen,Sirolimus (rapamycin),MCF7,0
Methoxsalen,Sirolimus (rapamycin),NCI-H460,0
Methoxsalen,Sirolimus (rapamycin),PC-3,0
Methoxsalen,Sirolimus (rapamycin),RPMI-8226,0
Methoxsalen,Sirolimus (rapamycin),T-47D,0
Methoxsalen,Sirolimus (rapamycin),UO-31,0
Methoxsalen,Sunitinib,HS 578T,1
Methoxsalen,Sunitinib,HT29,0
Methoxsalen,Sunitinib,IGROV1,0
Methoxsalen,Sunitinib,LOX IMVI,0
Methoxsalen,Sunitinib,MCF7,0
Methoxsalen,Sunitinib,NCI-H460,0
Methoxsalen,Sunitinib,PC-3,0
Methoxsalen,Sunitinib,RPMI-8226,1
Methoxsalen,Sunitinib,T-47D,0
Methoxsalen,Sunitinib,UO-31,0
Methoxsalen,Axitinib,HS 578T,0
Methoxsalen,Axitinib,HT29,0
Methoxsalen,Axitinib,LOX IMVI,0
Methoxsalen,Axitinib,MCF7,1
Methoxsalen,Axitinib,RPMI-8226,0
Methoxsalen,Axitinib,SK-MEL-2,1
Methoxsalen,Axitinib,T-47D,1
Methoxsalen,Axitinib,UO-31,1
Methoxsalen,Crizotinib,HS 578T,0
Methoxsalen,Crizotinib,HT29,0
Methoxsalen,Crizotinib,IGROV1,0
Methoxsalen,Crizotinib,LOX IMVI,0
Methoxsalen,Crizotinib,MCF7,0
Methoxsalen,Crizotinib,NCI-H460,0
Methoxsalen,Crizotinib,PC-3,0
Methoxsalen,Crizotinib,RPMI-8226,0
Methoxsalen,Crizotinib,SK-MEL-2,0
Methoxsalen,Crizotinib,T-47D,0
Methoxsalen,Crizotinib,UO-31,0
Methoxsalen,Ruxolitinib,HS 578T,0
Methoxsalen,Ruxolitinib,HT29,0
Methoxsalen,Ruxolitinib,IGROV1,0
Methoxsalen,Ruxolitinib,LOX IMVI,1
Methoxsalen,Ruxolitinib,MCF7,1
Methoxsalen,Ruxolitinib,NCI-H460,0
Methoxsalen,Ruxolitinib,PC-3,1
Methoxsalen,Ruxolitinib,RPMI-8226,1
Methoxsalen,Ruxolitinib,SK-MEL-2,1
Methoxsalen,Ruxolitinib,T-47D,0
Methoxsalen,Ruxolitinib,UO-31,0
Methoxsalen,Vemurafenib,HS 578T,0
Methoxsalen,Vemurafenib,HT29,0
Methoxsalen,Vemurafenib,IGROV1,0
Methoxsalen,Vemurafenib,LOX IMVI,0
Methoxsalen,Vemurafenib,MCF7,1
Methoxsalen,Vemurafenib,NCI-H460,0
Methoxsalen,Vemurafenib,PC-3,1
Methoxsalen,Vemurafenib,RPMI-8226,0
Methoxsalen,Vemurafenib,SK-MEL-2,1
Methoxsalen,Vemurafenib,T-47D,0
Methoxsalen,Vemurafenib,UO-31,1
Methoxsalen,Everolimus,HS 578T,0
Methoxsalen,Everolimus,HT29,0
Methoxsalen,Everolimus,IGROV1,0
Methoxsalen,Everolimus,LOX IMVI,0
Methoxsalen,Everolimus,MCF7,0
Methoxsalen,Everolimus,NCI-H460,0
Methoxsalen,Everolimus,PC-3,0
Methoxsalen,Everolimus,RPMI-8226,0
Methoxsalen,Everolimus,T-47D,0
Methoxsalen,Everolimus,UO-31,0
Methoxsalen,Dacarbazine,HS 578T,0
Methoxsalen,Dacarbazine,HT29,0
Methoxsalen,Dacarbazine,IGROV1,1
Methoxsalen,Dacarbazine,LOX IMVI,0
Methoxsalen,Dacarbazine,MCF7,0
Methoxsalen,Dacarbazine,NCI-H460,0
Methoxsalen,Dacarbazine,PC-3,0
Methoxsalen,Dacarbazine,RPMI-8226,0
Methoxsalen,Dacarbazine,SK-MEL-2,0
Methoxsalen,Dacarbazine,T-47D,0
Methoxsalen,Dacarbazine,UO-31,0
Methoxsalen,Allopurinol,HS 578T,0
Methoxsalen,Allopurinol,HT29,1
Methoxsalen,Allopurinol,IGROV1,0
Methoxsalen,Allopurinol,LOX IMVI,0
Methoxsalen,Allopurinol,MCF7,1
Methoxsalen,Allopurinol,NCI-H460,0
Methoxsalen,Allopurinol,PC-3,0
Methoxsalen,Allopurinol,RPMI-8226,1
Methoxsalen,Allopurinol,T-47D,0
Methoxsalen,Allopurinol,UO-31,0
Mitotane,Mitoxantrone,HS 578T,0
Mitotane,Mitoxantrone,HT29,0
Mitotane,Mitoxantrone,IGROV1,0
Mitotane,Mitoxantrone,LOX IMVI,0
Mitotane,Mitoxantrone,MCF7,0
Mitotane,Mitoxantrone,NCI-H460,0
Mitotane,Mitoxantrone,PC-3,0
Mitotane,Mitoxantrone,RPMI-8226,0
Mitotane,Mitoxantrone,SK-MEL-2,0
Mitotane,Mitoxantrone,T-47D,1
Mitotane,Mitoxantrone,UO-31,0
Mitotane,Raloxifene,HS 578T,1
Mitotane,Raloxifene,HT29,0
Mitotane,Raloxifene,IGROV1,1
Mitotane,Raloxifene,LOX IMVI,1
Mitotane,Raloxifene,MCF7,0
Mitotane,Raloxifene,NCI-H460,0
Mitotane,Raloxifene,PC-3,1
Mitotane,Raloxifene,RPMI-8226,1
Mitotane,Raloxifene,SK-MEL-2,0
Mitotane,Raloxifene,T-47D,1
Mitotane,Raloxifene,UO-31,1
Mitotane,Imatinib,HS 578T,0
Mitotane,Imatinib,HT29,0
Mitotane,Imatinib,IGROV1,0
Mitotane,Imatinib,LOX IMVI,1
Mitotane,Imatinib,MCF7,0
Mitotane,Imatinib,NCI-H460,0
Mitotane,Imatinib,PC-3,0
Mitotane,Imatinib,RPMI-8226,0
Mitotane,Imatinib,T-47D,0
Mitotane,Imatinib,UO-31,0
Mitotane,Vorinostat,HS 578T,0
Mitotane,Vorinostat,HT29,0
Mitotane,Vorinostat,IGROV1,0
Mitotane,Vorinostat,LOX IMVI,0
Mitotane,Vorinostat,MCF7,0
Mitotane,Vorinostat,NCI-H460,0
Mitotane,Vorinostat,PC-3,0
Mitotane,Vorinostat,RPMI-8226,0
Mitotane,Vorinostat,SK-MEL-2,0
Mitotane,Vorinostat,T-47D,0
Mitotane,Vorinostat,UO-31,0
Mitotane,Thalidomide,HS 578T,1
Mitotane,Thalidomide,HT29,1
Mitotane,Thalidomide,IGROV1,1
Mitotane,Thalidomide,LOX IMVI,0
Mitotane,Thalidomide,MCF7,0
Mitotane,Thalidomide,NCI-H460,1
Mitotane,Thalidomide,PC-3,0
Mitotane,Thalidomide,RPMI-8226,1
Mitotane,Thalidomide,T-47D,0
Mitotane,Thalidomide,UO-31,0
Mitotane,Thiotepa,HS 578T,0
Mitotane,Thiotepa,HT29,0
Mitotane,Thiotepa,IGROV1,0
Mitotane,Thiotepa,LOX IMVI,0
Mitotane,Thiotepa,MCF7,0
Mitotane,Thiotepa,NCI-H460,0
Mitotane,Thiotepa,PC-3,0
Mitotane,Thiotepa,RPMI-8226,0
Mitotane,Thiotepa,T-47D,1
Mitotane,Thiotepa,UO-31,0
Mitotane,Mitomycin C,HS 578T,0
Mitotane,Mitomycin C,HT29,0
Mitotane,Mitomycin C,IGROV1,0
Mitotane,Mitomycin C,LOX IMVI,0
Mitotane,Mitomycin C,MCF7,0
Mitotane,Mitomycin C,NCI-H460,0
Mitotane,Mitomycin C,PC-3,0
Mitotane,Mitomycin C,RPMI-8226,0
Mitotane,Mitomycin C,T-47D,0
Mitotane,Mitomycin C,UO-31,0
Mitotane,Floxuridine,HS 578T,0
Mitotane,Floxuridine,HT29,0
Mitotane,Floxuridine,IGROV1,0
Mitotane,Floxuridine,LOX IMVI,0
Mitotane,Floxuridine,MCF7,0
Mitotane,Floxuridine,NCI-H460,0
Mitotane,Floxuridine,PC-3,0
Mitotane,Floxuridine,RPMI-8226,0
Mitotane,Floxuridine,T-47D,0
Mitotane,Floxuridine,UO-31,0
Mitotane,Azacitidine,HS 578T,1
Mitotane,Azacitidine,HT29,0
Mitotane,Azacitidine,IGROV1,1
Mitotane,Azacitidine,LOX IMVI,0
Mitotane,Azacitidine,MCF7,0
Mitotane,Azacitidine,NCI-H460,1
Mitotane,Azacitidine,PC-3,1
Mitotane,Azacitidine,RPMI-8226,0
Mitotane,Azacitidine,T-47D,0
Mitotane,Azacitidine,UO-31,1
Mitotane,Megestrol,HS 578T,0
Mitotane,Megestrol,HT29,1
Mitotane,Megestrol,IGROV1,1
Mitotane,Megestrol,LOX IMVI,1
Mitotane,Megestrol,MCF7,0
Mitotane,Megestrol,NCI-H460,1
Mitotane,Megestrol,PC-3,0
Mitotane,Megestrol,RPMI-8226,1
Mitotane,Megestrol,SK-MEL-2,0
Mitotane,Megestrol,T-47D,1
Mitotane,Megestrol,UO-31,1
Mitotane,Cladribine,HS 578T,0
Mitotane,Cladribine,HT29,0
Mitotane,Cladribine,IGROV1,0
Mitotane,Cladribine,LOX IMVI,0
Mitotane,Cladribine,MCF7,0
Mitotane,Cladribine,NCI-H460,0
Mitotane,Cladribine,PC-3,0
Mitotane,Cladribine,RPMI-8226,0
Mitotane,Cladribine,T-47D,0
Mitotane,Cladribine,UO-31,0
Mitotane,Paclitaxel,HS 578T,0
Mitotane,Paclitaxel,HT29,1
Mitotane,Paclitaxel,IGROV1,0
Mitotane,Paclitaxel,LOX IMVI,0
Mitotane,Paclitaxel,MCF7,0
Mitotane,Paclitaxel,NCI-H460,0
Mitotane,Paclitaxel,PC-3,0
Mitotane,Paclitaxel,RPMI-8226,0
Mitotane,Paclitaxel,T-47D,0
Mitotane,Paclitaxel,UO-31,0
Mitotane,Etoposide,HS 578T,0
Mitotane,Etoposide,HT29,0
Mitotane,Etoposide,IGROV1,0
Mitotane,Etoposide,LOX IMVI,0
Mitotane,Etoposide,MCF7,0
Mitotane,Etoposide,NCI-H460,0
Mitotane,Etoposide,PC-3,0
Mitotane,Etoposide,RPMI-8226,0
Mitotane,Etoposide,SK-MEL-2,0
Mitotane,Etoposide,T-47D,1
Mitotane,Etoposide,UO-31,0
Mitotane,Imiquimod,HS 578T,0
Mitotane,Imiquimod,HT29,0
Mitotane,Imiquimod,IGROV1,0
Mitotane,Imiquimod,LOX IMVI,0
Mitotane,Imiquimod,MCF7,1
Mitotane,Imiquimod,NCI-H460,0
Mitotane,Imiquimod,PC-3,1
Mitotane,Imiquimod,RPMI-8226,1
Mitotane,Imiquimod,T-47D,1
Mitotane,Imiquimod,UO-31,0
Mitotane,Exemestane,HS 578T,1
Mitotane,Exemestane,HT29,0
Mitotane,Exemestane,IGROV1,0
Mitotane,Exemestane,LOX IMVI,0
Mitotane,Exemestane,MCF7,1
Mitotane,Exemestane,NCI-H460,0
Mitotane,Exemestane,PC-3,1
Mitotane,Exemestane,RPMI-8226,1
Mitotane,Exemestane,SK-MEL-2,1
Mitotane,Exemestane,T-47D,1
Mitotane,Exemestane,UO-31,1
Mitotane,Dexrazoxane,HS 578T,0
Mitotane,Dexrazoxane,HT29,1
Mitotane,Dexrazoxane,IGROV1,0
Mitotane,Dexrazoxane,LOX IMVI,1
Mitotane,Dexrazoxane,MCF7,0
Mitotane,Dexrazoxane,NCI-H460,0
Mitotane,Dexrazoxane,PC-3,0
Mitotane,Dexrazoxane,RPMI-8226,0
Mitotane,Dexrazoxane,SK-MEL-2,0
Mitotane,Dexrazoxane,T-47D,0
Mitotane,Dexrazoxane,UO-31,1
Mitotane,Fulvestrant,HS 578T,0
Mitotane,Fulvestrant,HT29,0
Mitotane,Fulvestrant,IGROV1,1
Mitotane,Fulvestrant,LOX IMVI,1
Mitotane,Fulvestrant,MCF7,0
Mitotane,Fulvestrant,NCI-H460,0
Mitotane,Fulvestrant,PC-3,0
Mitotane,Fulvestrant,RPMI-8226,1
Mitotane,Fulvestrant,SK-MEL-2,0
Mitotane,Fulvestrant,T-47D,1
Mitotane,Fulvestrant,UO-31,0
Mitotane,Clofarabine,HS 578T,0
Mitotane,Clofarabine,HT29,0
Mitotane,Clofarabine,IGROV1,0
Mitotane,Clofarabine,LOX IMVI,1
Mitotane,Clofarabine,MCF7,0
Mitotane,Clofarabine,NCI-H460,0
Mitotane,Clofarabine,PC-3,0
Mitotane,Clofarabine,RPMI-8226,0
Mitotane,Clofarabine,T-47D,0
Mitotane,Clofarabine,UO-31,0
Mitotane,Gefitinib,HS 578T,0
Mitotane,Gefitinib,HT29,0
Mitotane,Gefitinib,IGROV1,0
Mitotane,Gefitinib,LOX IMVI,0
Mitotane,Gefitinib,MCF7,0
Mitotane,Gefitinib,NCI-H460,0
Mitotane,Gefitinib,PC-3,0
Mitotane,Gefitinib,RPMI-8226,0
Mitotane,Gefitinib,SK-MEL-2,0
Mitotane,Gefitinib,T-47D,1
Mitotane,Gefitinib,UO-31,0
Mitotane,Methotrexate,HS 578T,0
Mitotane,Methotrexate,HT29,0
Mitotane,Methotrexate,IGROV1,0
Mitotane,Methotrexate,LOX IMVI,0
Mitotane,Methotrexate,MCF7,0
Mitotane,Methotrexate,PC-3,0
Mitotane,Methotrexate,RPMI-8226,0
Mitotane,Methotrexate,T-47D,0
Mitotane,Methotrexate,UO-31,0
Mitotane,Abiraterone,HS 578T,0
Mitotane,Abiraterone,HT29,1
Mitotane,Abiraterone,LOX IMVI,0
Mitotane,Abiraterone,MCF7,1
Mitotane,Abiraterone,NCI-H460,1
Mitotane,Abiraterone,RPMI-8226,0
Mitotane,Abiraterone,SK-MEL-2,0
Mitotane,Abiraterone,T-47D,1
Mitotane,Abiraterone,UO-31,0
Mitotane,Docetaxel,HS 578T,1
Mitotane,Docetaxel,HT29,1
Mitotane,Docetaxel,IGROV1,1
Mitotane,Docetaxel,LOX IMVI,1
Mitotane,Docetaxel,MCF7,0
Mitotane,Docetaxel,NCI-H460,1
Mitotane,Docetaxel,PC-3,0
Mitotane,Docetaxel,RPMI-8226,1
Mitotane,Docetaxel,T-47D,0
Mitotane,Docetaxel,UO-31,0
Mitotane,Erlotinib,HS 578T,0
Mitotane,Erlotinib,HT29,0
Mitotane,Erlotinib,IGROV1,0
Mitotane,Erlotinib,LOX IMVI,0
Mitotane,Erlotinib,MCF7,0
Mitotane,Erlotinib,NCI-H460,0
Mitotane,Erlotinib,PC-3,0
Mitotane,Erlotinib,RPMI-8226,0
Mitotane,Erlotinib,T-47D,0
Mitotane,Lapatinib,HS 578T,0
Mitotane,Lapatinib,HT29,0
Mitotane,Lapatinib,IGROV1,0
Mitotane,Lapatinib,LOX IMVI,0
Mitotane,Lapatinib,MCF7,0
Mitotane,Lapatinib,NCI-H460,1
Mitotane,Lapatinib,PC-3,1
Mitotane,Lapatinib,RPMI-8226,0
Mitotane,Lapatinib,T-47D,1
Mitotane,Lapatinib,UO-31,0
Mitotane,Sorafenib,HS 578T,1
Mitotane,Sorafenib,HT29,1
Mitotane,Sorafenib,IGROV1,1
Mitotane,Sorafenib,LOX IMVI,1
Mitotane,Sorafenib,MCF7,1
Mitotane,Sorafenib,NCI-H460,1
Mitotane,Sorafenib,PC-3,1
Mitotane,Sorafenib,RPMI-8226,1
Mitotane,Sorafenib,SK-MEL-2,1
Mitotane,Sorafenib,T-47D,1
Mitotane,Sorafenib,UO-31,0
Mitotane,Lenalidomide,HS 578T,1
Mitotane,Lenalidomide,HT29,1
Mitotane,Lenalidomide,IGROV1,1
Mitotane,Lenalidomide,LOX IMVI,0
Mitotane,Lenalidomide,MCF7,1
Mitotane,Lenalidomide,NCI-H460,1
Mitotane,Lenalidomide,PC-3,1
Mitotane,Lenalidomide,RPMI-8226,1
Mitotane,Lenalidomide,SK-MEL-2,1
Mitotane,Lenalidomide,T-47D,1
Mitotane,Lenalidomide,UO-31,0
Mitotane,Capecitabine,HS 578T,1
Mitotane,Capecitabine,HT29,1
Mitotane,Capecitabine,IGROV1,0
Mitotane,Capecitabine,LOX IMVI,0
Mitotane,Capecitabine,MCF7,1
Mitotane,Capecitabine,NCI-H460,0
Mitotane,Capecitabine,PC-3,0
Mitotane,Capecitabine,RPMI-8226,1
Mitotane,Capecitabine,T-47D,1
Mitotane,Capecitabine,UO-31,0
Mitotane,Tretinoin,HS 578T,0
Mitotane,Tretinoin,HT29,1
Mitotane,Tretinoin,IGROV1,1
Mitotane,Tretinoin,LOX IMVI,0
Mitotane,Tretinoin,MCF7,0
Mitotane,Tretinoin,NCI-H460,1
Mitotane,Tretinoin,PC-3,1
Mitotane,Tretinoin,RPMI-8226,0
Mitotane,Tretinoin,T-47D,1
Mitotane,Tretinoin,UO-31,1
Mitotane,Decitabine,HS 578T,0
Mitotane,Decitabine,HT29,0
Mitotane,Decitabine,IGROV1,0
Mitotane,Decitabine,LOX IMVI,0
Mitotane,Decitabine,MCF7,0
Mitotane,Decitabine,NCI-H460,0
Mitotane,Decitabine,PC-3,0
Mitotane,Decitabine,RPMI-8226,0
Mitotane,Decitabine,T-47D,0
Mitotane,Decitabine,UO-31,0
Mitotane,Teniposide,HS 578T,0
Mitotane,Teniposide,HT29,0
Mitotane,Teniposide,IGROV1,0
Mitotane,Teniposide,LOX IMVI,0
Mitotane,Teniposide,MCF7,0
Mitotane,Teniposide,NCI-H460,0
Mitotane,Teniposide,PC-3,0
Mitotane,Teniposide,SK-MEL-2,0
Mitotane,Teniposide,T-47D,1
Mitotane,Teniposide,UO-31,0
Mitotane,Dactinomycin,HS 578T,1
Mitotane,Dactinomycin,HT29,0
Mitotane,Dactinomycin,IGROV1,0
Mitotane,Dactinomycin,LOX IMVI,0
Mitotane,Dactinomycin,MCF7,0
Mitotane,Dactinomycin,NCI-H460,0
Mitotane,Dactinomycin,PC-3,1
Mitotane,Dactinomycin,RPMI-8226,0
Mitotane,Dactinomycin,T-47D,1
Mitotane,Dactinomycin,UO-31,0
Mitotane,Nilotinib,HS 578T,0
Mitotane,Nilotinib,HT29,0
Mitotane,Nilotinib,IGROV1,0
Mitotane,Nilotinib,LOX IMVI,0
Mitotane,Nilotinib,MCF7,0
Mitotane,Nilotinib,NCI-H460,1
Mitotane,Nilotinib,PC-3,1
Mitotane,Nilotinib,RPMI-8226,0
Mitotane,Nilotinib,T-47D,1
Mitotane,Nilotinib,UO-31,0
Mitotane,2-fluoroAraA (fludarabine),HS 578T,0
Mitotane,2-fluoroAraA (fludarabine),HT29,0
Mitotane,2-fluoroAraA (fludarabine),IGROV1,0
Mitotane,2-fluoroAraA (fludarabine),LOX IMVI,0
Mitotane,2-fluoroAraA (fludarabine),MCF7,0
Mitotane,2-fluoroAraA (fludarabine),NCI-H460,0
Mitotane,2-fluoroAraA (fludarabine),PC-3,0
Mitotane,2-fluoroAraA (fludarabine),RPMI-8226,1
Mitotane,2-fluoroAraA (fludarabine),T-47D,1
Mitotane,2-fluoroAraA (fludarabine),UO-31,0
Mitotane,Mercaptopurine,HS 578T,0
Mitotane,Mercaptopurine,HT29,0
Mitotane,Mercaptopurine,IGROV1,0
Mitotane,Mercaptopurine,LOX IMVI,0
Mitotane,Mercaptopurine,MCF7,0
Mitotane,Mercaptopurine,NCI-H460,0
Mitotane,Mercaptopurine,PC-3,0
Mitotane,Mercaptopurine,RPMI-8226,0
Mitotane,Mercaptopurine,SK-MEL-2,0
Mitotane,Mercaptopurine,T-47D,0
Mitotane,Mercaptopurine,UO-31,0
Mitotane,Dasatinib,HS 578T,0
Mitotane,Dasatinib,HT29,0
Mitotane,Dasatinib,IGROV1,0
Mitotane,Dasatinib,LOX IMVI,0
Mitotane,Dasatinib,MCF7,0
Mitotane,Dasatinib,NCI-H460,0
Mitotane,Dasatinib,PC-3,0
Mitotane,Dasatinib,RPMI-8226,0
Mitotane,Dasatinib,T-47D,0
Mitotane,Dasatinib,UO-31,0
Mitotane,Sirolimus (rapamycin),HS 578T,0
Mitotane,Sirolimus (rapamycin),HT29,0
Mitotane,Sirolimus (rapamycin),IGROV1,1
Mitotane,Sirolimus (rapamycin),LOX IMVI,1
Mitotane,Sirolimus (rapamycin),MCF7,1
Mitotane,Sirolimus (rapamycin),NCI-H460,0
Mitotane,Sirolimus (rapamycin),PC-3,1
Mitotane,Sirolimus (rapamycin),RPMI-8226,1
Mitotane,Sirolimus (rapamycin),T-47D,1
Mitotane,Sirolimus (rapamycin),UO-31,0
Mitotane,Sunitinib,HS 578T,0
Mitotane,Sunitinib,HT29,0
Mitotane,Sunitinib,IGROV1,0
Mitotane,Sunitinib,LOX IMVI,0
Mitotane,Sunitinib,MCF7,0
Mitotane,Sunitinib,NCI-H460,0
Mitotane,Sunitinib,PC-3,0
Mitotane,Sunitinib,RPMI-8226,0
Mitotane,Sunitinib,T-47D,1
Mitotane,Sunitinib,UO-31,0
Mitotane,Axitinib,HS 578T,1
Mitotane,Axitinib,HT29,1
Mitotane,Axitinib,IGROV1,0
Mitotane,Axitinib,LOX IMVI,0
Mitotane,Axitinib,MCF7,1
Mitotane,Axitinib,NCI-H460,0
Mitotane,Axitinib,PC-3,1
Mitotane,Axitinib,RPMI-8226,1
Mitotane,Axitinib,SK-MEL-2,1
Mitotane,Axitinib,T-47D,1
Mitotane,Axitinib,UO-31,1
Mitotane,Crizotinib,HS 578T,1
Mitotane,Crizotinib,HT29,1
Mitotane,Crizotinib,IGROV1,1
Mitotane,Crizotinib,LOX IMVI,0
Mitotane,Crizotinib,MCF7,0
Mitotane,Crizotinib,NCI-H460,0
Mitotane,Crizotinib,PC-3,0
Mitotane,Crizotinib,RPMI-8226,1
Mitotane,Crizotinib,SK-MEL-2,0
Mitotane,Crizotinib,T-47D,1
Mitotane,Crizotinib,UO-31,1
Mitotane,Ruxolitinib,HS 578T,0
Mitotane,Ruxolitinib,HT29,1
Mitotane,Ruxolitinib,IGROV1,0
Mitotane,Ruxolitinib,LOX IMVI,1
Mitotane,Ruxolitinib,MCF7,1
Mitotane,Ruxolitinib,NCI-H460,1
Mitotane,Ruxolitinib,PC-3,1
Mitotane,Ruxolitinib,SK-MEL-2,1
Mitotane,Ruxolitinib,T-47D,1
Mitotane,Ruxolitinib,UO-31,0
Mitotane,Vemurafenib,HS 578T,1
Mitotane,Vemurafenib,HT29,0
Mitotane,Vemurafenib,IGROV1,1
Mitotane,Vemurafenib,LOX IMVI,0
Mitotane,Vemurafenib,MCF7,1
Mitotane,Vemurafenib,NCI-H460,0
Mitotane,Vemurafenib,PC-3,1
Mitotane,Vemurafenib,RPMI-8226,0
Mitotane,Vemurafenib,SK-MEL-2,1
Mitotane,Vemurafenib,T-47D,1
Mitotane,Vemurafenib,UO-31,1
Mitotane,Everolimus,HS 578T,1
Mitotane,Everolimus,HT29,1
Mitotane,Everolimus,IGROV1,0
Mitotane,Everolimus,LOX IMVI,1
Mitotane,Everolimus,MCF7,1
Mitotane,Everolimus,NCI-H460,0
Mitotane,Everolimus,PC-3,0
Mitotane,Everolimus,RPMI-8226,0
Mitotane,Everolimus,T-47D,0
Mitotane,Everolimus,UO-31,1
Mitotane,Dacarbazine,HS 578T,0
Mitotane,Dacarbazine,HT29,1
Mitotane,Dacarbazine,IGROV1,0
Mitotane,Dacarbazine,LOX IMVI,0
Mitotane,Dacarbazine,MCF7,0
Mitotane,Dacarbazine,NCI-H460,0
Mitotane,Dacarbazine,PC-3,0
Mitotane,Dacarbazine,RPMI-8226,1
Mitotane,Dacarbazine,SK-MEL-2,1
Mitotane,Dacarbazine,T-47D,0
Mitotane,Dacarbazine,UO-31,0
Mitotane,Allopurinol,HS 578T,1
Mitotane,Allopurinol,HT29,1
Mitotane,Allopurinol,IGROV1,0
Mitotane,Allopurinol,LOX IMVI,1
Mitotane,Allopurinol,MCF7,0
Mitotane,Allopurinol,NCI-H460,0
Mitotane,Allopurinol,PC-3,1
Mitotane,Allopurinol,RPMI-8226,1
Mitotane,Allopurinol,T-47D,1
Mitotane,Allopurinol,UO-31,1
Mitoxantrone,Raloxifene,HS 578T,0
Mitoxantrone,Raloxifene,HT29,0
Mitoxantrone,Raloxifene,IGROV1,0
Mitoxantrone,Raloxifene,LOX IMVI,0
Mitoxantrone,Raloxifene,MCF7,1
Mitoxantrone,Raloxifene,NCI-H460,0
Mitoxantrone,Raloxifene,PC-3,0
Mitoxantrone,Raloxifene,RPMI-8226,0
Mitoxantrone,Raloxifene,SK-MEL-2,0
Mitoxantrone,Raloxifene,T-47D,0
Mitoxantrone,Raloxifene,UO-31,0
Mitoxantrone,Imatinib,HS 578T,0
Mitoxantrone,Imatinib,HT29,0
Mitoxantrone,Imatinib,IGROV1,0
Mitoxantrone,Imatinib,LOX IMVI,0
Mitoxantrone,Imatinib,MCF7,0
Mitoxantrone,Imatinib,NCI-H460,0
Mitoxantrone,Imatinib,PC-3,0
Mitoxantrone,Imatinib,RPMI-8226,0
Mitoxantrone,Imatinib,T-47D,0
Mitoxantrone,Imatinib,UO-31,0
Mitoxantrone,Vorinostat,HS 578T,0
Mitoxantrone,Vorinostat,HT29,1
Mitoxantrone,Vorinostat,IGROV1,0
Mitoxantrone,Vorinostat,LOX IMVI,0
Mitoxantrone,Vorinostat,MCF7,1
Mitoxantrone,Vorinostat,NCI-H460,0
Mitoxantrone,Vorinostat,PC-3,1
Mitoxantrone,Vorinostat,RPMI-8226,1
Mitoxantrone,Vorinostat,SK-MEL-2,0
Mitoxantrone,Vorinostat,T-47D,1
Mitoxantrone,Vorinostat,UO-31,0
Mitoxantrone,Thalidomide,HS 578T,0
Mitoxantrone,Thalidomide,HT29,0
Mitoxantrone,Thalidomide,IGROV1,0
Mitoxantrone,Thalidomide,LOX IMVI,0
Mitoxantrone,Thalidomide,MCF7,0
Mitoxantrone,Thalidomide,NCI-H460,0
Mitoxantrone,Thalidomide,PC-3,0
Mitoxantrone,Thalidomide,RPMI-8226,0
Mitoxantrone,Thalidomide,SK-MEL-2,0
Mitoxantrone,Thalidomide,T-47D,0
Mitoxantrone,Thalidomide,UO-31,0
Mitoxantrone,Thiotepa,HS 578T,1
Mitoxantrone,Thiotepa,HT29,0
Mitoxantrone,Thiotepa,IGROV1,0
Mitoxantrone,Thiotepa,LOX IMVI,1
Mitoxantrone,Thiotepa,MCF7,1
Mitoxantrone,Thiotepa,NCI-H460,0
Mitoxantrone,Thiotepa,PC-3,0
Mitoxantrone,Thiotepa,RPMI-8226,1
Mitoxantrone,Thiotepa,SK-MEL-2,0
Mitoxantrone,Thiotepa,T-47D,0
Mitoxantrone,Thiotepa,UO-31,0
Mitoxantrone,Mitomycin C,HS 578T,1
Mitoxantrone,Mitomycin C,HT29,1
Mitoxantrone,Mitomycin C,IGROV1,1
Mitoxantrone,Mitomycin C,LOX IMVI,1
Mitoxantrone,Mitomycin C,MCF7,1
Mitoxantrone,Mitomycin C,NCI-H460,0
Mitoxantrone,Mitomycin C,PC-3,1
Mitoxantrone,Mitomycin C,RPMI-8226,1
Mitoxantrone,Mitomycin C,SK-MEL-2,0
Mitoxantrone,Mitomycin C,T-47D,1
Mitoxantrone,Mitomycin C,UO-31,0
Mitoxantrone,Floxuridine,HS 578T,1
Mitoxantrone,Floxuridine,HT29,1
Mitoxantrone,Floxuridine,IGROV1,1
Mitoxantrone,Floxuridine,LOX IMVI,0
Mitoxantrone,Floxuridine,MCF7,1
Mitoxantrone,Floxuridine,NCI-H460,0
Mitoxantrone,Floxuridine,PC-3,1
Mitoxantrone,Floxuridine,RPMI-8226,0
Mitoxantrone,Floxuridine,SK-MEL-2,0
Mitoxantrone,Floxuridine,T-47D,0
Mitoxantrone,Floxuridine,UO-31,0
Mitoxantrone,Azacitidine,HS 578T,0
Mitoxantrone,Azacitidine,HT29,1
Mitoxantrone,Azacitidine,IGROV1,0
Mitoxantrone,Azacitidine,LOX IMVI,0
Mitoxantrone,Azacitidine,MCF7,0
Mitoxantrone,Azacitidine,NCI-H460,0
Mitoxantrone,Azacitidine,PC-3,0
Mitoxantrone,Azacitidine,RPMI-8226,0
Mitoxantrone,Azacitidine,SK-MEL-2,0
Mitoxantrone,Azacitidine,T-47D,0
Mitoxantrone,Azacitidine,UO-31,0
Mitoxantrone,Megestrol,HS 578T,0
Mitoxantrone,Megestrol,HT29,0
Mitoxantrone,Megestrol,IGROV1,0
Mitoxantrone,Megestrol,LOX IMVI,0
Mitoxantrone,Megestrol,MCF7,0
Mitoxantrone,Megestrol,NCI-H460,0
Mitoxantrone,Megestrol,PC-3,0
Mitoxantrone,Megestrol,RPMI-8226,0
Mitoxantrone,Megestrol,SK-MEL-2,0
Mitoxantrone,Megestrol,T-47D,1
Mitoxantrone,Megestrol,UO-31,0
Mitoxantrone,Cladribine,HS 578T,0
Mitoxantrone,Cladribine,HT29,0
Mitoxantrone,Cladribine,IGROV1,1
Mitoxantrone,Cladribine,LOX IMVI,0
Mitoxantrone,Cladribine,MCF7,0
Mitoxantrone,Cladribine,NCI-H460,0
Mitoxantrone,Cladribine,PC-3,0
Mitoxantrone,Cladribine,RPMI-8226,0
Mitoxantrone,Cladribine,SK-MEL-2,0
Mitoxantrone,Cladribine,T-47D,0
Mitoxantrone,Cladribine,UO-31,1
Mitoxantrone,Paclitaxel,HS 578T,0
Mitoxantrone,Paclitaxel,HT29,0
Mitoxantrone,Paclitaxel,IGROV1,0
Mitoxantrone,Paclitaxel,MCF7,1
Mitoxantrone,Paclitaxel,NCI-H460,0
Mitoxantrone,Paclitaxel,PC-3,0
Mitoxantrone,Paclitaxel,T-47D,1
Mitoxantrone,Paclitaxel,UO-31,1
Mitoxantrone,Etoposide,HS 578T,1
Mitoxantrone,Etoposide,HT29,1
Mitoxantrone,Etoposide,IGROV1,1
Mitoxantrone,Etoposide,LOX IMVI,1
Mitoxantrone,Etoposide,MCF7,1
Mitoxantrone,Etoposide,NCI-H460,1
Mitoxantrone,Etoposide,PC-3,1
Mitoxantrone,Etoposide,RPMI-8226,1
Mitoxantrone,Etoposide,SK-MEL-2,1
Mitoxantrone,Etoposide,T-47D,1
Mitoxantrone,Etoposide,UO-31,1
Mitoxantrone,Imiquimod,HS 578T,0
Mitoxantrone,Imiquimod,HT29,0
Mitoxantrone,Imiquimod,IGROV1,0
Mitoxantrone,Imiquimod,LOX IMVI,0
Mitoxantrone,Imiquimod,MCF7,0
Mitoxantrone,Imiquimod,NCI-H460,0
Mitoxantrone,Imiquimod,PC-3,0
Mitoxantrone,Imiquimod,RPMI-8226,0
Mitoxantrone,Imiquimod,SK-MEL-2,0
Mitoxantrone,Imiquimod,T-47D,0
Mitoxantrone,Imiquimod,UO-31,0
Mitoxantrone,Exemestane,HS 578T,1
Mitoxantrone,Exemestane,HT29,1
Mitoxantrone,Exemestane,IGROV1,0
Mitoxantrone,Exemestane,LOX IMVI,1
Mitoxantrone,Exemestane,MCF7,0
Mitoxantrone,Exemestane,NCI-H460,1
Mitoxantrone,Exemestane,PC-3,1
Mitoxantrone,Exemestane,RPMI-8226,0
Mitoxantrone,Exemestane,SK-MEL-2,0
Mitoxantrone,Exemestane,T-47D,0
Mitoxantrone,Exemestane,UO-31,0
Mitoxantrone,Dexrazoxane,HS 578T,0
Mitoxantrone,Dexrazoxane,HT29,0
Mitoxantrone,Dexrazoxane,IGROV1,1
Mitoxantrone,Dexrazoxane,LOX IMVI,1
Mitoxantrone,Dexrazoxane,MCF7,0
Mitoxantrone,Dexrazoxane,NCI-H460,1
Mitoxantrone,Dexrazoxane,PC-3,1
Mitoxantrone,Dexrazoxane,RPMI-8226,0
Mitoxantrone,Dexrazoxane,SK-MEL-2,0
Mitoxantrone,Dexrazoxane,T-47D,0
Mitoxantrone,Dexrazoxane,UO-31,0
Mitoxantrone,Fulvestrant,HS 578T,0
Mitoxantrone,Fulvestrant,HT29,1
Mitoxantrone,Fulvestrant,IGROV1,0
Mitoxantrone,Fulvestrant,LOX IMVI,0
Mitoxantrone,Fulvestrant,MCF7,1
Mitoxantrone,Fulvestrant,NCI-H460,0
Mitoxantrone,Fulvestrant,PC-3,0
Mitoxantrone,Fulvestrant,RPMI-8226,0
Mitoxantrone,Fulvestrant,SK-MEL-2,0
Mitoxantrone,Fulvestrant,T-47D,1
Mitoxantrone,Fulvestrant,UO-31,0
Mitoxantrone,Clofarabine,HS 578T,0
Mitoxantrone,Clofarabine,HT29,1
Mitoxantrone,Clofarabine,IGROV1,0
Mitoxantrone,Clofarabine,LOX IMVI,1
Mitoxantrone,Clofarabine,MCF7,0
Mitoxantrone,Clofarabine,NCI-H460,0
Mitoxantrone,Clofarabine,PC-3,0
Mitoxantrone,Clofarabine,RPMI-8226,0
Mitoxantrone,Clofarabine,SK-MEL-2,0
Mitoxantrone,Clofarabine,T-47D,0
Mitoxantrone,Clofarabine,UO-31,0
Mitoxantrone,Gefitinib,HS 578T,1
Mitoxantrone,Gefitinib,HT29,1
Mitoxantrone,Gefitinib,IGROV1,1
Mitoxantrone,Gefitinib,LOX IMVI,1
Mitoxantrone,Gefitinib,MCF7,1
Mitoxantrone,Gefitinib,NCI-H460,1
Mitoxantrone,Gefitinib,PC-3,1
Mitoxantrone,Gefitinib,RPMI-8226,1
Mitoxantrone,Gefitinib,SK-MEL-2,1
Mitoxantrone,Gefitinib,T-47D,1
Mitoxantrone,Gefitinib,UO-31,1
Mitoxantrone,Methotrexate,HS 578T,0
Mitoxantrone,Methotrexate,HT29,0
Mitoxantrone,Methotrexate,IGROV1,1
Mitoxantrone,Methotrexate,LOX IMVI,0
Mitoxantrone,Methotrexate,MCF7,1
Mitoxantrone,Methotrexate,NCI-H460,0
Mitoxantrone,Methotrexate,PC-3,0
Mitoxantrone,Methotrexate,RPMI-8226,0
Mitoxantrone,Methotrexate,SK-MEL-2,0
Mitoxantrone,Methotrexate,T-47D,0
Mitoxantrone,Methotrexate,UO-31,0
Mitoxantrone,Abiraterone,HS 578T,0
Mitoxantrone,Abiraterone,HT29,0
Mitoxantrone,Abiraterone,IGROV1,0
Mitoxantrone,Abiraterone,LOX IMVI,0
Mitoxantrone,Abiraterone,MCF7,0
Mitoxantrone,Abiraterone,NCI-H460,0
Mitoxantrone,Abiraterone,PC-3,1
Mitoxantrone,Abiraterone,RPMI-8226,1
Mitoxantrone,Abiraterone,SK-MEL-2,0
Mitoxantrone,Abiraterone,T-47D,0
Mitoxantrone,Abiraterone,UO-31,1
Mitoxantrone,Docetaxel,HS 578T,0
Mitoxantrone,Docetaxel,HT29,0
Mitoxantrone,Docetaxel,IGROV1,1
Mitoxantrone,Docetaxel,LOX IMVI,1
Mitoxantrone,Docetaxel,MCF7,1
Mitoxantrone,Docetaxel,NCI-H460,0
Mitoxantrone,Docetaxel,PC-3,0
Mitoxantrone,Docetaxel,RPMI-8226,0
Mitoxantrone,Docetaxel,SK-MEL-2,0
Mitoxantrone,Docetaxel,T-47D,0
Mitoxantrone,Docetaxel,UO-31,1
Mitoxantrone,Erlotinib,HS 578T,0
Mitoxantrone,Erlotinib,HT29,0
Mitoxantrone,Erlotinib,IGROV1,1
Mitoxantrone,Erlotinib,LOX IMVI,0
Mitoxantrone,Erlotinib,MCF7,1
Mitoxantrone,Erlotinib,NCI-H460,0
Mitoxantrone,Erlotinib,PC-3,0
Mitoxantrone,Erlotinib,RPMI-8226,0
Mitoxantrone,Erlotinib,SK-MEL-2,0
Mitoxantrone,Erlotinib,T-47D,0
Mitoxantrone,Erlotinib,UO-31,1
Mitoxantrone,Lapatinib,HS 578T,0
Mitoxantrone,Lapatinib,HT29,0
Mitoxantrone,Lapatinib,IGROV1,0
Mitoxantrone,Lapatinib,LOX IMVI,0
Mitoxantrone,Lapatinib,MCF7,0
Mitoxantrone,Lapatinib,NCI-H460,0
Mitoxantrone,Lapatinib,PC-3,0
Mitoxantrone,Lapatinib,SK-MEL-2,0
Mitoxantrone,Lapatinib,T-47D,0
Mitoxantrone,Lapatinib,UO-31,0
Mitoxantrone,Sorafenib,HS 578T,0
Mitoxantrone,Sorafenib,HT29,0
Mitoxantrone,Sorafenib,IGROV1,0
Mitoxantrone,Sorafenib,LOX IMVI,1
Mitoxantrone,Sorafenib,MCF7,1
Mitoxantrone,Sorafenib,NCI-H460,1
Mitoxantrone,Sorafenib,PC-3,1
Mitoxantrone,Sorafenib,RPMI-8226,0
Mitoxantrone,Sorafenib,T-47D,0
Mitoxantrone,Sorafenib,UO-31,0
Mitoxantrone,Lenalidomide,HS 578T,0
Mitoxantrone,Lenalidomide,HT29,0
Mitoxantrone,Lenalidomide,IGROV1,0
Mitoxantrone,Lenalidomide,LOX IMVI,0
Mitoxantrone,Lenalidomide,MCF7,0
Mitoxantrone,Lenalidomide,NCI-H460,0
Mitoxantrone,Lenalidomide,PC-3,1
Mitoxantrone,Lenalidomide,RPMI-8226,0
Mitoxantrone,Lenalidomide,SK-MEL-2,0
Mitoxantrone,Lenalidomide,T-47D,0
Mitoxantrone,Lenalidomide,UO-31,0
Mitoxantrone,Capecitabine,HS 578T,0
Mitoxantrone,Capecitabine,HT29,0
Mitoxantrone,Capecitabine,IGROV1,0
Mitoxantrone,Capecitabine,LOX IMVI,0
Mitoxantrone,Capecitabine,MCF7,0
Mitoxantrone,Capecitabine,NCI-H460,0
Mitoxantrone,Capecitabine,PC-3,0
Mitoxantrone,Capecitabine,RPMI-8226,0
Mitoxantrone,Capecitabine,SK-MEL-2,0
Mitoxantrone,Capecitabine,T-47D,0
Mitoxantrone,Capecitabine,UO-31,0
Mitoxantrone,Tretinoin,HS 578T,0
Mitoxantrone,Tretinoin,HT29,1
Mitoxantrone,Tretinoin,IGROV1,0
Mitoxantrone,Tretinoin,LOX IMVI,0
Mitoxantrone,Tretinoin,MCF7,0
Mitoxantrone,Tretinoin,NCI-H460,0
Mitoxantrone,Tretinoin,PC-3,0
Mitoxantrone,Tretinoin,RPMI-8226,1
Mitoxantrone,Tretinoin,SK-MEL-2,0
Mitoxantrone,Tretinoin,T-47D,0
Mitoxantrone,Tretinoin,UO-31,0
Mitoxantrone,Decitabine,HS 578T,0
Mitoxantrone,Decitabine,HT29,1
Mitoxantrone,Decitabine,IGROV1,0
Mitoxantrone,Decitabine,LOX IMVI,0
Mitoxantrone,Decitabine,MCF7,1
Mitoxantrone,Decitabine,NCI-H460,0
Mitoxantrone,Decitabine,PC-3,0
Mitoxantrone,Decitabine,RPMI-8226,1
Mitoxantrone,Decitabine,SK-MEL-2,1
Mitoxantrone,Decitabine,T-47D,0
Mitoxantrone,Decitabine,UO-31,0
Mitoxantrone,Teniposide,HS 578T,1
Mitoxantrone,Teniposide,HT29,1
Mitoxantrone,Teniposide,IGROV1,1
Mitoxantrone,Teniposide,LOX IMVI,1
Mitoxantrone,Teniposide,MCF7,0
Mitoxantrone,Teniposide,NCI-H460,1
Mitoxantrone,Teniposide,PC-3,1
Mitoxantrone,Teniposide,RPMI-8226,0
Mitoxantrone,Teniposide,SK-MEL-2,0
Mitoxantrone,Teniposide,T-47D,1
Mitoxantrone,Teniposide,UO-31,0
Mitoxantrone,Dactinomycin,HS 578T,1
Mitoxantrone,Dactinomycin,HT29,1
Mitoxantrone,Dactinomycin,IGROV1,1
Mitoxantrone,Dactinomycin,LOX IMVI,1
Mitoxantrone,Dactinomycin,MCF7,0
Mitoxantrone,Dactinomycin,NCI-H460,1
Mitoxantrone,Dactinomycin,PC-3,1
Mitoxantrone,Dactinomycin,RPMI-8226,1
Mitoxantrone,Dactinomycin,SK-MEL-2,1
Mitoxantrone,Dactinomycin,T-47D,1
Mitoxantrone,Dactinomycin,UO-31,1
Mitoxantrone,Nilotinib,HS 578T,0
Mitoxantrone,Nilotinib,HT29,0
Mitoxantrone,Nilotinib,IGROV1,0
Mitoxantrone,Nilotinib,LOX IMVI,0
Mitoxantrone,Nilotinib,MCF7,0
Mitoxantrone,Nilotinib,NCI-H460,0
Mitoxantrone,Nilotinib,PC-3,0
Mitoxantrone,Nilotinib,RPMI-8226,0
Mitoxantrone,Nilotinib,T-47D,0
Mitoxantrone,Nilotinib,UO-31,0
Mitoxantrone,2-fluoroAraA (fludarabine),HS 578T,0
Mitoxantrone,2-fluoroAraA (fludarabine),HT29,0
Mitoxantrone,2-fluoroAraA (fludarabine),IGROV1,0
Mitoxantrone,2-fluoroAraA (fludarabine),LOX IMVI,0
Mitoxantrone,2-fluoroAraA (fludarabine),MCF7,0
Mitoxantrone,2-fluoroAraA (fludarabine),NCI-H460,0
Mitoxantrone,2-fluoroAraA (fludarabine),PC-3,0
Mitoxantrone,2-fluoroAraA (fludarabine),RPMI-8226,0
Mitoxantrone,2-fluoroAraA (fludarabine),SK-MEL-2,0
Mitoxantrone,2-fluoroAraA (fludarabine),T-47D,0
Mitoxantrone,2-fluoroAraA (fludarabine),UO-31,0
Mitoxantrone,Mercaptopurine,HS 578T,0
Mitoxantrone,Mercaptopurine,HT29,0
Mitoxantrone,Mercaptopurine,IGROV1,0
Mitoxantrone,Mercaptopurine,LOX IMVI,0
Mitoxantrone,Mercaptopurine,MCF7,0
Mitoxantrone,Mercaptopurine,NCI-H460,0
Mitoxantrone,Mercaptopurine,PC-3,0
Mitoxantrone,Mercaptopurine,RPMI-8226,0
Mitoxantrone,Mercaptopurine,SK-MEL-2,0
Mitoxantrone,Mercaptopurine,T-47D,0
Mitoxantrone,Mercaptopurine,UO-31,1
Mitoxantrone,Dasatinib,HS 578T,0
Mitoxantrone,Dasatinib,HT29,1
Mitoxantrone,Dasatinib,IGROV1,1
Mitoxantrone,Dasatinib,LOX IMVI,1
Mitoxantrone,Dasatinib,MCF7,0
Mitoxantrone,Dasatinib,NCI-H460,1
Mitoxantrone,Dasatinib,PC-3,1
Mitoxantrone,Dasatinib,RPMI-8226,0
Mitoxantrone,Dasatinib,T-47D,1
Mitoxantrone,Dasatinib,UO-31,1
Mitoxantrone,Sirolimus (rapamycin),HS 578T,1
Mitoxantrone,Sirolimus (rapamycin),HT29,1
Mitoxantrone,Sirolimus (rapamycin),IGROV1,0
Mitoxantrone,Sirolimus (rapamycin),LOX IMVI,0
Mitoxantrone,Sirolimus (rapamycin),MCF7,1
Mitoxantrone,Sirolimus (rapamycin),NCI-H460,1
Mitoxantrone,Sirolimus (rapamycin),PC-3,1
Mitoxantrone,Sirolimus (rapamycin),RPMI-8226,1
Mitoxantrone,Sirolimus (rapamycin),SK-MEL-2,1
Mitoxantrone,Sirolimus (rapamycin),T-47D,1
Mitoxantrone,Sirolimus (rapamycin),UO-31,0
Mitoxantrone,Sunitinib,HS 578T,0
Mitoxantrone,Sunitinib,HT29,0
Mitoxantrone,Sunitinib,IGROV1,0
Mitoxantrone,Sunitinib,LOX IMVI,0
Mitoxantrone,Sunitinib,MCF7,0
Mitoxantrone,Sunitinib,NCI-H460,0
Mitoxantrone,Sunitinib,PC-3,0
Mitoxantrone,Sunitinib,RPMI-8226,0
Mitoxantrone,Sunitinib,T-47D,0
Mitoxantrone,Sunitinib,UO-31,0
Mitoxantrone,Axitinib,HS 578T,0
Mitoxantrone,Axitinib,HT29,0
Mitoxantrone,Axitinib,IGROV1,0
Mitoxantrone,Axitinib,LOX IMVI,0
Mitoxantrone,Axitinib,MCF7,0
Mitoxantrone,Axitinib,NCI-H460,0
Mitoxantrone,Axitinib,PC-3,0
Mitoxantrone,Axitinib,RPMI-8226,0
Mitoxantrone,Axitinib,SK-MEL-2,0
Mitoxantrone,Axitinib,T-47D,0
Mitoxantrone,Axitinib,UO-31,0
Mitoxantrone,Crizotinib,HS 578T,0
Mitoxantrone,Crizotinib,HT29,1
Mitoxantrone,Crizotinib,IGROV1,0
Mitoxantrone,Crizotinib,LOX IMVI,1
Mitoxantrone,Crizotinib,MCF7,0
Mitoxantrone,Crizotinib,NCI-H460,0
Mitoxantrone,Crizotinib,PC-3,1
Mitoxantrone,Crizotinib,RPMI-8226,0
Mitoxantrone,Crizotinib,SK-MEL-2,0
Mitoxantrone,Crizotinib,T-47D,0
Mitoxantrone,Crizotinib,UO-31,1
Mitoxantrone,Ruxolitinib,HS 578T,0
Mitoxantrone,Ruxolitinib,HT29,0
Mitoxantrone,Ruxolitinib,IGROV1,0
Mitoxantrone,Ruxolitinib,LOX IMVI,0
Mitoxantrone,Ruxolitinib,MCF7,0
Mitoxantrone,Ruxolitinib,NCI-H460,0
Mitoxantrone,Ruxolitinib,PC-3,0
Mitoxantrone,Ruxolitinib,RPMI-8226,0
Mitoxantrone,Ruxolitinib,SK-MEL-2,0
Mitoxantrone,Ruxolitinib,T-47D,0
Mitoxantrone,Ruxolitinib,UO-31,1
Mitoxantrone,Vemurafenib,HS 578T,0
Mitoxantrone,Vemurafenib,HT29,1
Mitoxantrone,Vemurafenib,IGROV1,0
Mitoxantrone,Vemurafenib,LOX IMVI,1
Mitoxantrone,Vemurafenib,MCF7,0
Mitoxantrone,Vemurafenib,NCI-H460,0
Mitoxantrone,Vemurafenib,PC-3,0
Mitoxantrone,Vemurafenib,RPMI-8226,0
Mitoxantrone,Vemurafenib,SK-MEL-2,0
Mitoxantrone,Vemurafenib,T-47D,0
Mitoxantrone,Vemurafenib,UO-31,0
Mitoxantrone,Everolimus,HS 578T,1
Mitoxantrone,Everolimus,HT29,1
Mitoxantrone,Everolimus,IGROV1,1
Mitoxantrone,Everolimus,LOX IMVI,1
Mitoxantrone,Everolimus,MCF7,1
Mitoxantrone,Everolimus,NCI-H460,0
Mitoxantrone,Everolimus,PC-3,1
Mitoxantrone,Everolimus,RPMI-8226,0
Mitoxantrone,Everolimus,SK-MEL-2,0
Mitoxantrone,Everolimus,T-47D,1
Mitoxantrone,Everolimus,UO-31,1
Mitoxantrone,Dacarbazine,HS 578T,0
Mitoxantrone,Dacarbazine,HT29,0
Mitoxantrone,Dacarbazine,IGROV1,0
Mitoxantrone,Dacarbazine,LOX IMVI,1
Mitoxantrone,Dacarbazine,MCF7,0
Mitoxantrone,Dacarbazine,NCI-H460,0
Mitoxantrone,Dacarbazine,PC-3,0
Mitoxantrone,Dacarbazine,RPMI-8226,0
Mitoxantrone,Dacarbazine,SK-MEL-2,0
Mitoxantrone,Dacarbazine,T-47D,0
Mitoxantrone,Dacarbazine,UO-31,0
Mitoxantrone,Allopurinol,HS 578T,0
Mitoxantrone,Allopurinol,HT29,0
Mitoxantrone,Allopurinol,IGROV1,0
Mitoxantrone,Allopurinol,LOX IMVI,1
Mitoxantrone,Allopurinol,MCF7,0
Mitoxantrone,Allopurinol,NCI-H460,0
Mitoxantrone,Allopurinol,PC-3,0
Mitoxantrone,Allopurinol,RPMI-8226,0
Mitoxantrone,Allopurinol,SK-MEL-2,0
Mitoxantrone,Allopurinol,T-47D,0
Mitoxantrone,Allopurinol,UO-31,0
Raloxifene,Imatinib,HS 578T,0
Raloxifene,Imatinib,HT29,0
Raloxifene,Imatinib,IGROV1,0
Raloxifene,Imatinib,LOX IMVI,1
Raloxifene,Imatinib,MCF7,1
Raloxifene,Imatinib,NCI-H460,1
Raloxifene,Imatinib,PC-3,1
Raloxifene,Imatinib,RPMI-8226,0
Raloxifene,Imatinib,SK-MEL-2,0
Raloxifene,Imatinib,T-47D,1
Raloxifene,Imatinib,UO-31,0
Raloxifene,Vorinostat,HS 578T,0
Raloxifene,Vorinostat,HT29,0
Raloxifene,Vorinostat,IGROV1,0
Raloxifene,Vorinostat,LOX IMVI,1
Raloxifene,Vorinostat,MCF7,0
Raloxifene,Vorinostat,NCI-H460,0
Raloxifene,Vorinostat,PC-3,0
Raloxifene,Vorinostat,RPMI-8226,0
Raloxifene,Vorinostat,SK-MEL-2,0
Raloxifene,Vorinostat,T-47D,0
Raloxifene,Vorinostat,UO-31,1
Raloxifene,Thalidomide,HS 578T,1
Raloxifene,Thalidomide,HT29,1
Raloxifene,Thalidomide,IGROV1,1
Raloxifene,Thalidomide,LOX IMVI,1
Raloxifene,Thalidomide,MCF7,1
Raloxifene,Thalidomide,NCI-H460,1
Raloxifene,Thalidomide,PC-3,1
Raloxifene,Thalidomide,RPMI-8226,1
Raloxifene,Thalidomide,SK-MEL-2,0
Raloxifene,Thalidomide,T-47D,0
Raloxifene,Thalidomide,UO-31,1
Raloxifene,Thiotepa,HS 578T,0
Raloxifene,Thiotepa,HT29,0
Raloxifene,Thiotepa,IGROV1,0
Raloxifene,Thiotepa,LOX IMVI,0
Raloxifene,Thiotepa,MCF7,1
Raloxifene,Thiotepa,NCI-H460,0
Raloxifene,Thiotepa,PC-3,0
Raloxifene,Thiotepa,RPMI-8226,0
Raloxifene,Thiotepa,SK-MEL-2,0
Raloxifene,Thiotepa,T-47D,0
Raloxifene,Thiotepa,UO-31,0
Raloxifene,Mitomycin C,HS 578T,0
Raloxifene,Mitomycin C,HT29,0
Raloxifene,Mitomycin C,IGROV1,0
Raloxifene,Mitomycin C,LOX IMVI,0
Raloxifene,Mitomycin C,MCF7,1
Raloxifene,Mitomycin C,NCI-H460,0
Raloxifene,Mitomycin C,PC-3,0
Raloxifene,Mitomycin C,RPMI-8226,0
Raloxifene,Mitomycin C,SK-MEL-2,0
Raloxifene,Mitomycin C,T-47D,0
Raloxifene,Mitomycin C,UO-31,0
Raloxifene,Floxuridine,HS 578T,0
Raloxifene,Floxuridine,HT29,0
Raloxifene,Floxuridine,IGROV1,0
Raloxifene,Floxuridine,LOX IMVI,0
Raloxifene,Floxuridine,MCF7,1
Raloxifene,Floxuridine,NCI-H460,0
Raloxifene,Floxuridine,PC-3,0
Raloxifene,Floxuridine,RPMI-8226,0
Raloxifene,Floxuridine,SK-MEL-2,0
Raloxifene,Floxuridine,T-47D,1
Raloxifene,Floxuridine,UO-31,0
Raloxifene,Azacitidine,HS 578T,0
Raloxifene,Azacitidine,HT29,0
Raloxifene,Azacitidine,IGROV1,0
Raloxifene,Azacitidine,LOX IMVI,0
Raloxifene,Azacitidine,MCF7,0
Raloxifene,Azacitidine,NCI-H460,0
Raloxifene,Azacitidine,PC-3,0
Raloxifene,Azacitidine,RPMI-8226,0
Raloxifene,Azacitidine,SK-MEL-2,0
Raloxifene,Azacitidine,T-47D,0
Raloxifene,Azacitidine,UO-31,0
Raloxifene,Megestrol,HS 578T,0
Raloxifene,Megestrol,HT29,0
Raloxifene,Megestrol,IGROV1,0
Raloxifene,Megestrol,LOX IMVI,0
Raloxifene,Megestrol,MCF7,0
Raloxifene,Megestrol,NCI-H460,1
Raloxifene,Megestrol,PC-3,0
Raloxifene,Megestrol,RPMI-8226,1
Raloxifene,Megestrol,SK-MEL-2,0
Raloxifene,Megestrol,T-47D,0
Raloxifene,Megestrol,UO-31,0
Raloxifene,Cladribine,HS 578T,0
Raloxifene,Cladribine,HT29,0
Raloxifene,Cladribine,IGROV1,0
Raloxifene,Cladribine,LOX IMVI,0
Raloxifene,Cladribine,MCF7,0
Raloxifene,Cladribine,NCI-H460,0
Raloxifene,Cladribine,PC-3,0
Raloxifene,Cladribine,RPMI-8226,0
Raloxifene,Cladribine,SK-MEL-2,0
Raloxifene,Cladribine,T-47D,0
Raloxifene,Cladribine,UO-31,1
Raloxifene,Paclitaxel,HS 578T,0
Raloxifene,Paclitaxel,HT29,0
Raloxifene,Paclitaxel,IGROV1,0
Raloxifene,Paclitaxel,LOX IMVI,0
Raloxifene,Paclitaxel,MCF7,0
Raloxifene,Paclitaxel,NCI-H460,0
Raloxifene,Paclitaxel,PC-3,0
Raloxifene,Paclitaxel,RPMI-8226,0
Raloxifene,Paclitaxel,SK-MEL-2,0
Raloxifene,Paclitaxel,T-47D,0
Raloxifene,Paclitaxel,UO-31,0
Raloxifene,Etoposide,HS 578T,0
Raloxifene,Etoposide,HT29,0
Raloxifene,Etoposide,IGROV1,0
Raloxifene,Etoposide,LOX IMVI,0
Raloxifene,Etoposide,MCF7,0
Raloxifene,Etoposide,NCI-H460,0
Raloxifene,Etoposide,PC-3,0
Raloxifene,Etoposide,RPMI-8226,0
Raloxifene,Etoposide,SK-MEL-2,0
Raloxifene,Etoposide,T-47D,0
Raloxifene,Etoposide,UO-31,0
Raloxifene,Imiquimod,HS 578T,0
Raloxifene,Imiquimod,HT29,0
Raloxifene,Imiquimod,IGROV1,1
Raloxifene,Imiquimod,LOX IMVI,0
Raloxifene,Imiquimod,MCF7,0
Raloxifene,Imiquimod,NCI-H460,1
Raloxifene,Imiquimod,PC-3,1
Raloxifene,Imiquimod,RPMI-8226,0
Raloxifene,Imiquimod,SK-MEL-2,0
Raloxifene,Imiquimod,T-47D,0
Raloxifene,Imiquimod,UO-31,0
Raloxifene,Exemestane,HS 578T,0
Raloxifene,Exemestane,HT29,0
Raloxifene,Exemestane,IGROV1,0
Raloxifene,Exemestane,LOX IMVI,0
Raloxifene,Exemestane,MCF7,0
Raloxifene,Exemestane,NCI-H460,0
Raloxifene,Exemestane,PC-3,0
Raloxifene,Exemestane,RPMI-8226,0
Raloxifene,Exemestane,SK-MEL-2,1
Raloxifene,Exemestane,T-47D,0
Raloxifene,Exemestane,UO-31,0
Raloxifene,Dexrazoxane,HS 578T,0
Raloxifene,Dexrazoxane,HT29,0
Raloxifene,Dexrazoxane,IGROV1,0
Raloxifene,Dexrazoxane,LOX IMVI,0
Raloxifene,Dexrazoxane,MCF7,0
Raloxifene,Dexrazoxane,NCI-H460,0
Raloxifene,Dexrazoxane,PC-3,0
Raloxifene,Dexrazoxane,RPMI-8226,0
Raloxifene,Dexrazoxane,SK-MEL-2,1
Raloxifene,Dexrazoxane,T-47D,0
Raloxifene,Dexrazoxane,UO-31,0
Raloxifene,Fulvestrant,HS 578T,1
Raloxifene,Fulvestrant,HT29,0
Raloxifene,Fulvestrant,IGROV1,0
Raloxifene,Fulvestrant,LOX IMVI,1
Raloxifene,Fulvestrant,MCF7,0
Raloxifene,Fulvestrant,NCI-H460,0
Raloxifene,Fulvestrant,PC-3,1
Raloxifene,Fulvestrant,RPMI-8226,1
Raloxifene,Fulvestrant,SK-MEL-2,1
Raloxifene,Fulvestrant,T-47D,0
Raloxifene,Fulvestrant,UO-31,1
Raloxifene,Clofarabine,HS 578T,1
Raloxifene,Clofarabine,HT29,0
Raloxifene,Clofarabine,IGROV1,0
Raloxifene,Clofarabine,LOX IMVI,0
Raloxifene,Clofarabine,MCF7,0
Raloxifene,Clofarabine,NCI-H460,0
Raloxifene,Clofarabine,PC-3,0
Raloxifene,Clofarabine,RPMI-8226,0
Raloxifene,Clofarabine,SK-MEL-2,0
Raloxifene,Clofarabine,T-47D,0
Raloxifene,Clofarabine,UO-31,0
Raloxifene,Gefitinib,HS 578T,1
Raloxifene,Gefitinib,HT29,1
Raloxifene,Gefitinib,IGROV1,0
Raloxifene,Gefitinib,LOX IMVI,0
Raloxifene,Gefitinib,MCF7,1
Raloxifene,Gefitinib,NCI-H460,0
Raloxifene,Gefitinib,PC-3,1
Raloxifene,Gefitinib,RPMI-8226,1
Raloxifene,Gefitinib,SK-MEL-2,0
Raloxifene,Gefitinib,T-47D,1
Raloxifene,Gefitinib,UO-31,1
Raloxifene,Methotrexate,HS 578T,0
Raloxifene,Methotrexate,HT29,0
Raloxifene,Methotrexate,IGROV1,0
Raloxifene,Methotrexate,LOX IMVI,0
Raloxifene,Methotrexate,MCF7,0
Raloxifene,Methotrexate,NCI-H460,0
Raloxifene,Methotrexate,PC-3,0
Raloxifene,Methotrexate,RPMI-8226,0
Raloxifene,Methotrexate,SK-MEL-2,0
Raloxifene,Methotrexate,T-47D,0
Raloxifene,Methotrexate,UO-31,0
Raloxifene,Abiraterone,HS 578T,1
Raloxifene,Abiraterone,HT29,0
Raloxifene,Abiraterone,IGROV1,0
Raloxifene,Abiraterone,LOX IMVI,0
Raloxifene,Abiraterone,MCF7,1
Raloxifene,Abiraterone,NCI-H460,1
Raloxifene,Abiraterone,PC-3,1
Raloxifene,Abiraterone,RPMI-8226,0
Raloxifene,Abiraterone,SK-MEL-2,1
Raloxifene,Abiraterone,T-47D,1
Raloxifene,Abiraterone,UO-31,0
Raloxifene,Docetaxel,HS 578T,0
Raloxifene,Docetaxel,HT29,0
Raloxifene,Docetaxel,IGROV1,0
Raloxifene,Docetaxel,LOX IMVI,0
Raloxifene,Docetaxel,MCF7,0
Raloxifene,Docetaxel,NCI-H460,0
Raloxifene,Docetaxel,PC-3,0
Raloxifene,Docetaxel,RPMI-8226,0
Raloxifene,Docetaxel,SK-MEL-2,0
Raloxifene,Docetaxel,T-47D,0
Raloxifene,Docetaxel,UO-31,0
Raloxifene,Erlotinib,HS 578T,1
Raloxifene,Erlotinib,HT29,0
Raloxifene,Erlotinib,IGROV1,0
Raloxifene,Erlotinib,LOX IMVI,1
Raloxifene,Erlotinib,MCF7,1
Raloxifene,Erlotinib,NCI-H460,1
Raloxifene,Erlotinib,PC-3,1
Raloxifene,Erlotinib,RPMI-8226,0
Raloxifene,Erlotinib,SK-MEL-2,0
Raloxifene,Erlotinib,T-47D,1
Raloxifene,Erlotinib,UO-31,0
Raloxifene,Lapatinib,HS 578T,0
Raloxifene,Lapatinib,HT29,0
Raloxifene,Lapatinib,IGROV1,0
Raloxifene,Lapatinib,LOX IMVI,0
Raloxifene,Lapatinib,MCF7,0
Raloxifene,Lapatinib,NCI-H460,1
Raloxifene,Lapatinib,PC-3,1
Raloxifene,Lapatinib,RPMI-8226,0
Raloxifene,Lapatinib,SK-MEL-2,0
Raloxifene,Lapatinib,T-47D,1
Raloxifene,Lapatinib,UO-31,0
Raloxifene,Sorafenib,HS 578T,0
Raloxifene,Sorafenib,HT29,0
Raloxifene,Sorafenib,IGROV1,0
Raloxifene,Sorafenib,LOX IMVI,0
Raloxifene,Sorafenib,MCF7,0
Raloxifene,Sorafenib,NCI-H460,0
Raloxifene,Sorafenib,PC-3,0
Raloxifene,Sorafenib,RPMI-8226,0
Raloxifene,Sorafenib,SK-MEL-2,0
Raloxifene,Sorafenib,T-47D,1
Raloxifene,Sorafenib,UO-31,0
Raloxifene,Lenalidomide,HS 578T,0
Raloxifene,Lenalidomide,HT29,0
Raloxifene,Lenalidomide,IGROV1,0
Raloxifene,Lenalidomide,LOX IMVI,0
Raloxifene,Lenalidomide,MCF7,0
Raloxifene,Lenalidomide,NCI-H460,0
Raloxifene,Lenalidomide,PC-3,1
Raloxifene,Lenalidomide,RPMI-8226,1
Raloxifene,Lenalidomide,SK-MEL-2,1
Raloxifene,Lenalidomide,T-47D,0
Raloxifene,Lenalidomide,UO-31,0
Raloxifene,Capecitabine,HS 578T,0
Raloxifene,Capecitabine,HT29,0
Raloxifene,Capecitabine,IGROV1,0
Raloxifene,Capecitabine,LOX IMVI,1
Raloxifene,Capecitabine,MCF7,0
Raloxifene,Capecitabine,NCI-H460,1
Raloxifene,Capecitabine,PC-3,0
Raloxifene,Capecitabine,RPMI-8226,0
Raloxifene,Capecitabine,SK-MEL-2,0
Raloxifene,Capecitabine,T-47D,0
Raloxifene,Capecitabine,UO-31,1
Raloxifene,Tretinoin,HS 578T,0
Raloxifene,Tretinoin,HT29,0
Raloxifene,Tretinoin,IGROV1,0
Raloxifene,Tretinoin,LOX IMVI,1
Raloxifene,Tretinoin,MCF7,1
Raloxifene,Tretinoin,NCI-H460,0
Raloxifene,Tretinoin,PC-3,0
Raloxifene,Tretinoin,RPMI-8226,0
Raloxifene,Tretinoin,SK-MEL-2,1
Raloxifene,Tretinoin,T-47D,1
Raloxifene,Tretinoin,UO-31,0
Raloxifene,Decitabine,HS 578T,0
Raloxifene,Decitabine,HT29,0
Raloxifene,Decitabine,IGROV1,1
Raloxifene,Decitabine,LOX IMVI,0
Raloxifene,Decitabine,MCF7,1
Raloxifene,Decitabine,NCI-H460,0
Raloxifene,Decitabine,PC-3,0
Raloxifene,Decitabine,RPMI-8226,0
Raloxifene,Decitabine,SK-MEL-2,0
Raloxifene,Decitabine,T-47D,0
Raloxifene,Decitabine,UO-31,1
Raloxifene,Teniposide,HS 578T,0
Raloxifene,Teniposide,HT29,0
Raloxifene,Teniposide,IGROV1,0
Raloxifene,Teniposide,LOX IMVI,0
Raloxifene,Teniposide,MCF7,0
Raloxifene,Teniposide,NCI-H460,0
Raloxifene,Teniposide,PC-3,0
Raloxifene,Teniposide,RPMI-8226,0
Raloxifene,Teniposide,SK-MEL-2,0
Raloxifene,Teniposide,T-47D,0
Raloxifene,Teniposide,UO-31,0
Raloxifene,Dactinomycin,HS 578T,0
Raloxifene,Dactinomycin,HT29,0
Raloxifene,Dactinomycin,IGROV1,0
Raloxifene,Dactinomycin,LOX IMVI,0
Raloxifene,Dactinomycin,MCF7,1
Raloxifene,Dactinomycin,NCI-H460,0
Raloxifene,Dactinomycin,PC-3,0
Raloxifene,Dactinomycin,RPMI-8226,0
Raloxifene,Dactinomycin,SK-MEL-2,0
Raloxifene,Dactinomycin,T-47D,0
Raloxifene,Dactinomycin,UO-31,0
Raloxifene,Nilotinib,HS 578T,1
Raloxifene,Nilotinib,HT29,0
Raloxifene,Nilotinib,IGROV1,0
Raloxifene,Nilotinib,LOX IMVI,1
Raloxifene,Nilotinib,MCF7,0
Raloxifene,Nilotinib,NCI-H460,1
Raloxifene,Nilotinib,PC-3,1
Raloxifene,Nilotinib,RPMI-8226,1
Raloxifene,Nilotinib,SK-MEL-2,0
Raloxifene,Nilotinib,T-47D,0
Raloxifene,Nilotinib,UO-31,1
Raloxifene,2-fluoroAraA (fludarabine),HS 578T,0
Raloxifene,2-fluoroAraA (fludarabine),HT29,0
Raloxifene,2-fluoroAraA (fludarabine),IGROV1,0
Raloxifene,2-fluoroAraA (fludarabine),LOX IMVI,1
Raloxifene,2-fluoroAraA (fludarabine),MCF7,0
Raloxifene,2-fluoroAraA (fludarabine),NCI-H460,1
Raloxifene,2-fluoroAraA (fludarabine),PC-3,0
Raloxifene,2-fluoroAraA (fludarabine),RPMI-8226,0
Raloxifene,2-fluoroAraA (fludarabine),SK-MEL-2,0
Raloxifene,2-fluoroAraA (fludarabine),T-47D,0
Raloxifene,2-fluoroAraA (fludarabine),UO-31,1
Raloxifene,Mercaptopurine,HS 578T,0
Raloxifene,Mercaptopurine,HT29,0
Raloxifene,Mercaptopurine,IGROV1,0
Raloxifene,Mercaptopurine,LOX IMVI,0
Raloxifene,Mercaptopurine,MCF7,0
Raloxifene,Mercaptopurine,NCI-H460,0
Raloxifene,Mercaptopurine,PC-3,0
Raloxifene,Mercaptopurine,RPMI-8226,0
Raloxifene,Mercaptopurine,SK-MEL-2,0
Raloxifene,Mercaptopurine,T-47D,0
Raloxifene,Mercaptopurine,UO-31,0
Raloxifene,Dasatinib,HS 578T,0
Raloxifene,Dasatinib,HT29,0
Raloxifene,Dasatinib,IGROV1,0
Raloxifene,Dasatinib,LOX IMVI,1
Raloxifene,Dasatinib,MCF7,1
Raloxifene,Dasatinib,NCI-H460,1
Raloxifene,Dasatinib,PC-3,0
Raloxifene,Dasatinib,RPMI-8226,0
Raloxifene,Dasatinib,SK-MEL-2,0
Raloxifene,Dasatinib,T-47D,1
Raloxifene,Dasatinib,UO-31,0
Raloxifene,Sirolimus (rapamycin),HS 578T,0
Raloxifene,Sirolimus (rapamycin),HT29,0
Raloxifene,Sirolimus (rapamycin),IGROV1,0
Raloxifene,Sirolimus (rapamycin),LOX IMVI,0
Raloxifene,Sirolimus (rapamycin),MCF7,1
Raloxifene,Sirolimus (rapamycin),NCI-H460,0
Raloxifene,Sirolimus (rapamycin),PC-3,0
Raloxifene,Sirolimus (rapamycin),RPMI-8226,0
Raloxifene,Sirolimus (rapamycin),SK-MEL-2,0
Raloxifene,Sirolimus (rapamycin),T-47D,1
Raloxifene,Sirolimus (rapamycin),UO-31,0
Raloxifene,Sunitinib,HS 578T,1
Raloxifene,Sunitinib,HT29,0
Raloxifene,Sunitinib,IGROV1,0
Raloxifene,Sunitinib,LOX IMVI,0
Raloxifene,Sunitinib,MCF7,1
Raloxifene,Sunitinib,NCI-H460,1
Raloxifene,Sunitinib,PC-3,1
Raloxifene,Sunitinib,RPMI-8226,0
Raloxifene,Sunitinib,SK-MEL-2,1
Raloxifene,Sunitinib,T-47D,1
Raloxifene,Sunitinib,UO-31,1
Raloxifene,Axitinib,HS 578T,1
Raloxifene,Axitinib,HT29,1
Raloxifene,Axitinib,IGROV1,0
Raloxifene,Axitinib,LOX IMVI,1
Raloxifene,Axitinib,MCF7,1
Raloxifene,Axitinib,NCI-H460,1
Raloxifene,Axitinib,PC-3,1
Raloxifene,Axitinib,RPMI-8226,1
Raloxifene,Axitinib,SK-MEL-2,1
Raloxifene,Axitinib,T-47D,1
Raloxifene,Axitinib,UO-31,0
Raloxifene,Crizotinib,HS 578T,1
Raloxifene,Crizotinib,HT29,0
Raloxifene,Crizotinib,IGROV1,0
Raloxifene,Crizotinib,LOX IMVI,0
Raloxifene,Crizotinib,MCF7,1
Raloxifene,Crizotinib,NCI-H460,1
Raloxifene,Crizotinib,PC-3,1
Raloxifene,Crizotinib,RPMI-8226,0
Raloxifene,Crizotinib,SK-MEL-2,1
Raloxifene,Crizotinib,T-47D,1
Raloxifene,Crizotinib,UO-31,1
Raloxifene,Ruxolitinib,HS 578T,1
Raloxifene,Ruxolitinib,HT29,1
Raloxifene,Ruxolitinib,IGROV1,0
Raloxifene,Ruxolitinib,LOX IMVI,0
Raloxifene,Ruxolitinib,MCF7,1
Raloxifene,Ruxolitinib,NCI-H460,1
Raloxifene,Ruxolitinib,PC-3,1
Raloxifene,Ruxolitinib,RPMI-8226,1
Raloxifene,Ruxolitinib,SK-MEL-2,1
Raloxifene,Ruxolitinib,T-47D,0
Raloxifene,Ruxolitinib,UO-31,1
Raloxifene,Vemurafenib,HS 578T,1
Raloxifene,Vemurafenib,HT29,0
Raloxifene,Vemurafenib,IGROV1,1
Raloxifene,Vemurafenib,LOX IMVI,0
Raloxifene,Vemurafenib,MCF7,1
Raloxifene,Vemurafenib,NCI-H460,0
Raloxifene,Vemurafenib,PC-3,0
Raloxifene,Vemurafenib,RPMI-8226,1
Raloxifene,Vemurafenib,SK-MEL-2,1
Raloxifene,Vemurafenib,T-47D,1
Raloxifene,Vemurafenib,UO-31,0
Raloxifene,Everolimus,HS 578T,0
Raloxifene,Everolimus,HT29,0
Raloxifene,Everolimus,IGROV1,0
Raloxifene,Everolimus,LOX IMVI,0
Raloxifene,Everolimus,MCF7,1
Raloxifene,Everolimus,NCI-H460,1
Raloxifene,Everolimus,PC-3,0
Raloxifene,Everolimus,RPMI-8226,0
Raloxifene,Everolimus,SK-MEL-2,0
Raloxifene,Everolimus,T-47D,1
Raloxifene,Everolimus,UO-31,0
Raloxifene,Dacarbazine,HS 578T,0
Raloxifene,Dacarbazine,HT29,0
Raloxifene,Dacarbazine,IGROV1,0
Raloxifene,Dacarbazine,LOX IMVI,1
Raloxifene,Dacarbazine,MCF7,0
Raloxifene,Dacarbazine,NCI-H460,0
Raloxifene,Dacarbazine,PC-3,0
Raloxifene,Dacarbazine,RPMI-8226,0
Raloxifene,Dacarbazine,SK-MEL-2,0
Raloxifene,Dacarbazine,T-47D,0
Raloxifene,Dacarbazine,UO-31,0
Raloxifene,Allopurinol,HS 578T,0
Raloxifene,Allopurinol,HT29,0
Raloxifene,Allopurinol,IGROV1,0
Raloxifene,Allopurinol,LOX IMVI,0
Raloxifene,Allopurinol,MCF7,0
Raloxifene,Allopurinol,NCI-H460,1
Raloxifene,Allopurinol,PC-3,1
Raloxifene,Allopurinol,RPMI-8226,0
Raloxifene,Allopurinol,SK-MEL-2,0
Raloxifene,Allopurinol,T-47D,0
Raloxifene,Allopurinol,UO-31,0
Imatinib,Vorinostat,HS 578T,0
Imatinib,Vorinostat,HT29,0
Imatinib,Vorinostat,IGROV1,0
Imatinib,Vorinostat,LOX IMVI,0
Imatinib,Vorinostat,MCF7,0
Imatinib,Vorinostat,NCI-H460,0
Imatinib,Vorinostat,PC-3,0
Imatinib,Vorinostat,RPMI-8226,0
Imatinib,Vorinostat,T-47D,0
Imatinib,Vorinostat,UO-31,0
Imatinib,Thalidomide,HS 578T,0
Imatinib,Thalidomide,HT29,0
Imatinib,Thalidomide,IGROV1,0
Imatinib,Thalidomide,LOX IMVI,1
Imatinib,Thalidomide,MCF7,0
Imatinib,Thalidomide,NCI-H460,0
Imatinib,Thalidomide,PC-3,0
Imatinib,Thalidomide,RPMI-8226,1
Imatinib,Thalidomide,T-47D,0
Imatinib,Thalidomide,UO-31,0
Imatinib,Thiotepa,HS 578T,0
Imatinib,Thiotepa,HT29,0
Imatinib,Thiotepa,IGROV1,0
Imatinib,Thiotepa,LOX IMVI,0
Imatinib,Thiotepa,MCF7,0
Imatinib,Thiotepa,NCI-H460,0
Imatinib,Thiotepa,PC-3,0
Imatinib,Thiotepa,RPMI-8226,0
Imatinib,Thiotepa,T-47D,0
Imatinib,Thiotepa,UO-31,0
Imatinib,Mitomycin C,HS 578T,0
Imatinib,Mitomycin C,HT29,0
Imatinib,Mitomycin C,IGROV1,0
Imatinib,Mitomycin C,LOX IMVI,0
Imatinib,Mitomycin C,MCF7,0
Imatinib,Mitomycin C,NCI-H460,0
Imatinib,Mitomycin C,PC-3,0
Imatinib,Mitomycin C,RPMI-8226,0
Imatinib,Mitomycin C,T-47D,0
Imatinib,Mitomycin C,UO-31,0
Imatinib,Floxuridine,HS 578T,0
Imatinib,Floxuridine,HT29,0
Imatinib,Floxuridine,IGROV1,0
Imatinib,Floxuridine,LOX IMVI,0
Imatinib,Floxuridine,MCF7,0
Imatinib,Floxuridine,NCI-H460,0
Imatinib,Floxuridine,PC-3,0
Imatinib,Floxuridine,RPMI-8226,0
Imatinib,Floxuridine,T-47D,1
Imatinib,Floxuridine,UO-31,0
Imatinib,Azacitidine,HS 578T,0
Imatinib,Azacitidine,HT29,0
Imatinib,Azacitidine,IGROV1,0
Imatinib,Azacitidine,LOX IMVI,0
Imatinib,Azacitidine,MCF7,0
Imatinib,Azacitidine,NCI-H460,0
Imatinib,Azacitidine,PC-3,0
Imatinib,Azacitidine,RPMI-8226,0
Imatinib,Azacitidine,T-47D,0
Imatinib,Azacitidine,UO-31,0
Imatinib,Megestrol,HS 578T,0
Imatinib,Megestrol,HT29,1
Imatinib,Megestrol,IGROV1,1
Imatinib,Megestrol,LOX IMVI,0
Imatinib,Megestrol,MCF7,0
Imatinib,Megestrol,NCI-H460,0
Imatinib,Megestrol,PC-3,1
Imatinib,Megestrol,RPMI-8226,0
Imatinib,Megestrol,SK-MEL-2,1
Imatinib,Megestrol,T-47D,1
Imatinib,Megestrol,UO-31,1
Imatinib,Cladribine,HS 578T,0
Imatinib,Cladribine,HT29,0
Imatinib,Cladribine,IGROV1,0
Imatinib,Cladribine,LOX IMVI,0
Imatinib,Cladribine,MCF7,0
Imatinib,Cladribine,NCI-H460,1
Imatinib,Cladribine,PC-3,0
Imatinib,Cladribine,RPMI-8226,1
Imatinib,Cladribine,T-47D,1
Imatinib,Cladribine,UO-31,0
Imatinib,Paclitaxel,HS 578T,0
Imatinib,Paclitaxel,HT29,0
Imatinib,Paclitaxel,IGROV1,0
Imatinib,Paclitaxel,LOX IMVI,0
Imatinib,Paclitaxel,MCF7,0
Imatinib,Paclitaxel,NCI-H460,1
Imatinib,Paclitaxel,PC-3,0
Imatinib,Paclitaxel,RPMI-8226,0
Imatinib,Paclitaxel,T-47D,0
Imatinib,Paclitaxel,UO-31,0
Imatinib,Etoposide,HS 578T,0
Imatinib,Etoposide,HT29,1
Imatinib,Etoposide,IGROV1,0
Imatinib,Etoposide,LOX IMVI,0
Imatinib,Etoposide,MCF7,0
Imatinib,Etoposide,NCI-H460,0
Imatinib,Etoposide,PC-3,0
Imatinib,Etoposide,RPMI-8226,0
Imatinib,Etoposide,T-47D,0
Imatinib,Etoposide,UO-31,0
Imatinib,Imiquimod,HS 578T,1
Imatinib,Imiquimod,HT29,1
Imatinib,Imiquimod,IGROV1,0
Imatinib,Imiquimod,MCF7,0
Imatinib,Imiquimod,NCI-H460,0
Imatinib,Imiquimod,PC-3,1
Imatinib,Imiquimod,RPMI-8226,0
Imatinib,Imiquimod,SK-MEL-2,1
Imatinib,Imiquimod,T-47D,0
Imatinib,Imiquimod,UO-31,0
Imatinib,Exemestane,HS 578T,0
Imatinib,Exemestane,HT29,1
Imatinib,Exemestane,IGROV1,0
Imatinib,Exemestane,LOX IMVI,0
Imatinib,Exemestane,MCF7,1
Imatinib,Exemestane,NCI-H460,0
Imatinib,Exemestane,PC-3,0
Imatinib,Exemestane,RPMI-8226,1
Imatinib,Exemestane,SK-MEL-2,0
Imatinib,Exemestane,T-47D,1
Imatinib,Exemestane,UO-31,0
Imatinib,Dexrazoxane,HS 578T,0
Imatinib,Dexrazoxane,HT29,1
Imatinib,Dexrazoxane,IGROV1,0
Imatinib,Dexrazoxane,LOX IMVI,1
Imatinib,Dexrazoxane,MCF7,0
Imatinib,Dexrazoxane,NCI-H460,0
Imatinib,Dexrazoxane,PC-3,0
Imatinib,Dexrazoxane,RPMI-8226,0
Imatinib,Dexrazoxane,T-47D,1
Imatinib,Dexrazoxane,UO-31,0
Imatinib,Fulvestrant,HS 578T,0
Imatinib,Fulvestrant,HT29,0
Imatinib,Fulvestrant,IGROV1,0
Imatinib,Fulvestrant,LOX IMVI,0
Imatinib,Fulvestrant,MCF7,0
Imatinib,Fulvestrant,NCI-H460,0
Imatinib,Fulvestrant,PC-3,1
Imatinib,Fulvestrant,RPMI-8226,1
Imatinib,Fulvestrant,T-47D,0
Imatinib,Fulvestrant,UO-31,0
Imatinib,Clofarabine,HS 578T,0
Imatinib,Clofarabine,HT29,1
Imatinib,Clofarabine,IGROV1,0
Imatinib,Clofarabine,LOX IMVI,0
Imatinib,Clofarabine,MCF7,0
Imatinib,Clofarabine,NCI-H460,0
Imatinib,Clofarabine,PC-3,0
Imatinib,Clofarabine,RPMI-8226,0
Imatinib,Clofarabine,T-47D,0
Imatinib,Clofarabine,UO-31,0
Imatinib,Gefitinib,HS 578T,0
Imatinib,Gefitinib,HT29,1
Imatinib,Gefitinib,IGROV1,0
Imatinib,Gefitinib,LOX IMVI,0
Imatinib,Gefitinib,MCF7,0
Imatinib,Gefitinib,NCI-H460,0
Imatinib,Gefitinib,PC-3,0
Imatinib,Gefitinib,RPMI-8226,0
Imatinib,Gefitinib,SK-MEL-2,0
Imatinib,Gefitinib,T-47D,1
Imatinib,Gefitinib,UO-31,0
Imatinib,Methotrexate,HS 578T,0
Imatinib,Methotrexate,IGROV1,0
Imatinib,Methotrexate,LOX IMVI,1
Imatinib,Methotrexate,MCF7,1
Imatinib,Methotrexate,NCI-H460,0
Imatinib,Methotrexate,PC-3,0
Imatinib,Methotrexate,RPMI-8226,0
Imatinib,Methotrexate,UO-31,0
Imatinib,Abiraterone,HS 578T,0
Imatinib,Abiraterone,HT29,1
Imatinib,Abiraterone,IGROV1,0
Imatinib,Abiraterone,LOX IMVI,0
Imatinib,Abiraterone,MCF7,1
Imatinib,Abiraterone,NCI-H460,1
Imatinib,Abiraterone,PC-3,1
Imatinib,Abiraterone,RPMI-8226,0
Imatinib,Abiraterone,SK-MEL-2,0
Imatinib,Abiraterone,T-47D,1
Imatinib,Abiraterone,UO-31,0
Imatinib,Docetaxel,HS 578T,1
Imatinib,Docetaxel,HT29,1
Imatinib,Docetaxel,IGROV1,1
Imatinib,Docetaxel,LOX IMVI,1
Imatinib,Docetaxel,MCF7,1
Imatinib,Docetaxel,NCI-H460,1
Imatinib,Docetaxel,PC-3,1
Imatinib,Docetaxel,RPMI-8226,1
Imatinib,Docetaxel,T-47D,1
Imatinib,Docetaxel,UO-31,1
Imatinib,Erlotinib,HS 578T,1
Imatinib,Erlotinib,HT29,0
Imatinib,Erlotinib,IGROV1,0
Imatinib,Erlotinib,LOX IMVI,0
Imatinib,Erlotinib,MCF7,0
Imatinib,Erlotinib,NCI-H460,0
Imatinib,Erlotinib,PC-3,1
Imatinib,Erlotinib,RPMI-8226,0
Imatinib,Erlotinib,T-47D,0
Imatinib,Erlotinib,UO-31,1
Imatinib,Lapatinib,HS 578T,0
Imatinib,Lapatinib,HT29,0
Imatinib,Lapatinib,IGROV1,0
Imatinib,Lapatinib,LOX IMVI,0
Imatinib,Lapatinib,MCF7,0
Imatinib,Lapatinib,NCI-H460,0
Imatinib,Lapatinib,PC-3,0
Imatinib,Lapatinib,RPMI-8226,0
Imatinib,Lapatinib,T-47D,0
Imatinib,Lapatinib,UO-31,0
Imatinib,Sorafenib,HS 578T,0
Imatinib,Sorafenib,HT29,0
Imatinib,Sorafenib,IGROV1,0
Imatinib,Sorafenib,LOX IMVI,0
Imatinib,Sorafenib,MCF7,0
Imatinib,Sorafenib,NCI-H460,0
Imatinib,Sorafenib,PC-3,0
Imatinib,Sorafenib,RPMI-8226,0
Imatinib,Sorafenib,SK-MEL-2,0
Imatinib,Sorafenib,T-47D,0
Imatinib,Sorafenib,UO-31,0
Imatinib,Lenalidomide,HS 578T,1
Imatinib,Lenalidomide,HT29,1
Imatinib,Lenalidomide,IGROV1,0
Imatinib,Lenalidomide,LOX IMVI,1
Imatinib,Lenalidomide,MCF7,1
Imatinib,Lenalidomide,NCI-H460,0
Imatinib,Lenalidomide,PC-3,1
Imatinib,Lenalidomide,RPMI-8226,1
Imatinib,Lenalidomide,SK-MEL-2,0
Imatinib,Lenalidomide,T-47D,1
Imatinib,Lenalidomide,UO-31,1
Imatinib,Capecitabine,HS 578T,0
Imatinib,Capecitabine,HT29,1
Imatinib,Capecitabine,IGROV1,0
Imatinib,Capecitabine,LOX IMVI,0
Imatinib,Capecitabine,MCF7,0
Imatinib,Capecitabine,NCI-H460,0
Imatinib,Capecitabine,PC-3,0
Imatinib,Capecitabine,RPMI-8226,1
Imatinib,Capecitabine,T-47D,0
Imatinib,Capecitabine,UO-31,0
Imatinib,Tretinoin,HS 578T,0
Imatinib,Tretinoin,HT29,0
Imatinib,Tretinoin,IGROV1,0
Imatinib,Tretinoin,LOX IMVI,0
Imatinib,Tretinoin,MCF7,0
Imatinib,Tretinoin,NCI-H460,0
Imatinib,Tretinoin,PC-3,0
Imatinib,Tretinoin,RPMI-8226,1
Imatinib,Tretinoin,T-47D,0
Imatinib,Tretinoin,UO-31,1
Imatinib,Decitabine,HS 578T,0
Imatinib,Decitabine,HT29,0
Imatinib,Decitabine,IGROV1,0
Imatinib,Decitabine,LOX IMVI,1
Imatinib,Decitabine,MCF7,0
Imatinib,Decitabine,NCI-H460,0
Imatinib,Decitabine,PC-3,0
Imatinib,Decitabine,RPMI-8226,0
Imatinib,Decitabine,SK-MEL-2,0
Imatinib,Decitabine,T-47D,0
Imatinib,Decitabine,UO-31,0
Imatinib,Teniposide,HS 578T,0
Imatinib,Teniposide,HT29,0
Imatinib,Teniposide,IGROV1,0
Imatinib,Teniposide,LOX IMVI,0
Imatinib,Teniposide,MCF7,0
Imatinib,Teniposide,NCI-H460,0
Imatinib,Teniposide,PC-3,0
Imatinib,Teniposide,RPMI-8226,0
Imatinib,Teniposide,T-47D,0
Imatinib,Teniposide,UO-31,0
Imatinib,Dactinomycin,HS 578T,0
Imatinib,Dactinomycin,HT29,1
Imatinib,Dactinomycin,IGROV1,1
Imatinib,Dactinomycin,LOX IMVI,1
Imatinib,Dactinomycin,MCF7,1
Imatinib,Dactinomycin,NCI-H460,1
Imatinib,Dactinomycin,PC-3,1
Imatinib,Dactinomycin,RPMI-8226,1
Imatinib,Dactinomycin,T-47D,0
Imatinib,Dactinomycin,UO-31,1
Imatinib,Nilotinib,HS 578T,0
Imatinib,Nilotinib,HT29,1
Imatinib,Nilotinib,IGROV1,0
Imatinib,Nilotinib,MCF7,0
Imatinib,Nilotinib,NCI-H460,0
Imatinib,Nilotinib,PC-3,0
Imatinib,Nilotinib,RPMI-8226,0
Imatinib,Nilotinib,T-47D,0
Imatinib,Nilotinib,UO-31,0
Imatinib,2-fluoroAraA (fludarabine),HS 578T,0
Imatinib,2-fluoroAraA (fludarabine),HT29,1
Imatinib,2-fluoroAraA (fludarabine),IGROV1,1
Imatinib,2-fluoroAraA (fludarabine),LOX IMVI,0
Imatinib,2-fluoroAraA (fludarabine),MCF7,0
Imatinib,2-fluoroAraA (fludarabine),NCI-H460,0
Imatinib,2-fluoroAraA (fludarabine),PC-3,0
Imatinib,2-fluoroAraA (fludarabine),RPMI-8226,0
Imatinib,2-fluoroAraA (fludarabine),T-47D,0
Imatinib,2-fluoroAraA (fludarabine),UO-31,0
Imatinib,Mercaptopurine,HS 578T,0
Imatinib,Mercaptopurine,HT29,0
Imatinib,Mercaptopurine,IGROV1,0
Imatinib,Mercaptopurine,LOX IMVI,0
Imatinib,Mercaptopurine,MCF7,0
Imatinib,Mercaptopurine,NCI-H460,1
Imatinib,Mercaptopurine,PC-3,0
Imatinib,Mercaptopurine,RPMI-8226,0
Imatinib,Mercaptopurine,SK-MEL-2,0
Imatinib,Mercaptopurine,T-47D,1
Imatinib,Mercaptopurine,UO-31,0
Imatinib,Dasatinib,HS 578T,0
Imatinib,Dasatinib,HT29,0
Imatinib,Dasatinib,IGROV1,0
Imatinib,Dasatinib,LOX IMVI,1
Imatinib,Dasatinib,MCF7,0
Imatinib,Dasatinib,NCI-H460,0
Imatinib,Dasatinib,PC-3,0
Imatinib,Dasatinib,RPMI-8226,0
Imatinib,Dasatinib,T-47D,0
Imatinib,Dasatinib,UO-31,0
Imatinib,Sirolimus (rapamycin),HS 578T,0
Imatinib,Sirolimus (rapamycin),HT29,0
Imatinib,Sirolimus (rapamycin),IGROV1,0
Imatinib,Sirolimus (rapamycin),LOX IMVI,1
Imatinib,Sirolimus (rapamycin),MCF7,0
Imatinib,Sirolimus (rapamycin),NCI-H460,0
Imatinib,Sirolimus (rapamycin),PC-3,0
Imatinib,Sirolimus (rapamycin),RPMI-8226,1
Imatinib,Sirolimus (rapamycin),T-47D,0
Imatinib,Sirolimus (rapamycin),UO-31,0
Imatinib,Sunitinib,HS 578T,0
Imatinib,Sunitinib,HT29,0
Imatinib,Sunitinib,IGROV1,0
Imatinib,Sunitinib,LOX IMVI,0
Imatinib,Sunitinib,MCF7,0
Imatinib,Sunitinib,NCI-H460,0
Imatinib,Sunitinib,PC-3,0
Imatinib,Sunitinib,RPMI-8226,0
Imatinib,Sunitinib,T-47D,0
Imatinib,Sunitinib,UO-31,0
Imatinib,Axitinib,HS 578T,0
Imatinib,Axitinib,HT29,0
Imatinib,Axitinib,IGROV1,0
Imatinib,Axitinib,LOX IMVI,0
Imatinib,Axitinib,MCF7,0
Imatinib,Axitinib,NCI-H460,1
Imatinib,Axitinib,PC-3,1
Imatinib,Axitinib,RPMI-8226,0
Imatinib,Axitinib,SK-MEL-2,0
Imatinib,Axitinib,T-47D,1
Imatinib,Axitinib,UO-31,0
Imatinib,Crizotinib,HS 578T,0
Imatinib,Crizotinib,HT29,0
Imatinib,Crizotinib,IGROV1,0
Imatinib,Crizotinib,LOX IMVI,0
Imatinib,Crizotinib,MCF7,0
Imatinib,Crizotinib,NCI-H460,1
Imatinib,Crizotinib,PC-3,1
Imatinib,Crizotinib,RPMI-8226,0
Imatinib,Crizotinib,SK-MEL-2,0
Imatinib,Crizotinib,T-47D,1
Imatinib,Crizotinib,UO-31,0
Imatinib,Ruxolitinib,HS 578T,0
Imatinib,Ruxolitinib,HT29,0
Imatinib,Ruxolitinib,IGROV1,0
Imatinib,Ruxolitinib,LOX IMVI,0
Imatinib,Ruxolitinib,MCF7,1
Imatinib,Ruxolitinib,NCI-H460,1
Imatinib,Ruxolitinib,PC-3,1
Imatinib,Ruxolitinib,RPMI-8226,0
Imatinib,Ruxolitinib,SK-MEL-2,0
Imatinib,Ruxolitinib,T-47D,1
Imatinib,Ruxolitinib,UO-31,0
Imatinib,Vemurafenib,HS 578T,0
Imatinib,Vemurafenib,HT29,0
Imatinib,Vemurafenib,IGROV1,0
Imatinib,Vemurafenib,LOX IMVI,0
Imatinib,Vemurafenib,MCF7,1
Imatinib,Vemurafenib,NCI-H460,1
Imatinib,Vemurafenib,PC-3,1
Imatinib,Vemurafenib,RPMI-8226,0
Imatinib,Vemurafenib,SK-MEL-2,0
Imatinib,Vemurafenib,T-47D,1
Imatinib,Vemurafenib,UO-31,0
Imatinib,Everolimus,HS 578T,0
Imatinib,Everolimus,HT29,0
Imatinib,Everolimus,IGROV1,0
Imatinib,Everolimus,LOX IMVI,0
Imatinib,Everolimus,MCF7,0
Imatinib,Everolimus,NCI-H460,0
Imatinib,Everolimus,PC-3,0
Imatinib,Everolimus,RPMI-8226,0
Imatinib,Everolimus,T-47D,0
Imatinib,Everolimus,UO-31,0
Imatinib,Dacarbazine,HS 578T,0
Imatinib,Dacarbazine,HT29,0
Imatinib,Dacarbazine,IGROV1,0
Imatinib,Dacarbazine,LOX IMVI,0
Imatinib,Dacarbazine,MCF7,0
Imatinib,Dacarbazine,NCI-H460,0
Imatinib,Dacarbazine,PC-3,0
Imatinib,Dacarbazine,RPMI-8226,1
Imatinib,Dacarbazine,T-47D,1
Imatinib,Dacarbazine,UO-31,0
Imatinib,Allopurinol,HS 578T,0
Imatinib,Allopurinol,HT29,1
Imatinib,Allopurinol,IGROV1,0
Imatinib,Allopurinol,LOX IMVI,0
Imatinib,Allopurinol,MCF7,0
Imatinib,Allopurinol,NCI-H460,0
Imatinib,Allopurinol,PC-3,0
Imatinib,Allopurinol,RPMI-8226,0
Imatinib,Allopurinol,SK-MEL-2,0
Imatinib,Allopurinol,T-47D,1
Imatinib,Allopurinol,UO-31,0
Vorinostat,Thalidomide,HS 578T,0
Vorinostat,Thalidomide,HT29,0
Vorinostat,Thalidomide,IGROV1,0
Vorinostat,Thalidomide,LOX IMVI,0
Vorinostat,Thalidomide,MCF7,0
Vorinostat,Thalidomide,NCI-H460,0
Vorinostat,Thalidomide,PC-3,1
Vorinostat,Thalidomide,RPMI-8226,0
Vorinostat,Thalidomide,T-47D,0
Vorinostat,Thalidomide,UO-31,0
Vorinostat,Thiotepa,HS 578T,1
Vorinostat,Thiotepa,HT29,0
Vorinostat,Thiotepa,IGROV1,1
Vorinostat,Thiotepa,LOX IMVI,1
Vorinostat,Thiotepa,MCF7,0
Vorinostat,Thiotepa,NCI-H460,0
Vorinostat,Thiotepa,PC-3,0
Vorinostat,Thiotepa,RPMI-8226,0
Vorinostat,Thiotepa,T-47D,1
Vorinostat,Thiotepa,UO-31,1
Vorinostat,Mitomycin C,HS 578T,1
Vorinostat,Mitomycin C,HT29,1
Vorinostat,Mitomycin C,IGROV1,0
Vorinostat,Mitomycin C,LOX IMVI,0
Vorinostat,Mitomycin C,MCF7,0
Vorinostat,Mitomycin C,NCI-H460,0
Vorinostat,Mitomycin C,PC-3,1
Vorinostat,Mitomycin C,RPMI-8226,1
Vorinostat,Mitomycin C,T-47D,0
Vorinostat,Mitomycin C,UO-31,0
Vorinostat,Floxuridine,HS 578T,0
Vorinostat,Floxuridine,HT29,0
Vorinostat,Floxuridine,IGROV1,0
Vorinostat,Floxuridine,LOX IMVI,0
Vorinostat,Floxuridine,MCF7,0
Vorinostat,Floxuridine,NCI-H460,0
Vorinostat,Floxuridine,PC-3,0
Vorinostat,Floxuridine,RPMI-8226,1
Vorinostat,Floxuridine,T-47D,0
Vorinostat,Floxuridine,UO-31,1
Vorinostat,Azacitidine,HS 578T,1
Vorinostat,Azacitidine,HT29,0
Vorinostat,Azacitidine,IGROV1,1
Vorinostat,Azacitidine,LOX IMVI,0
Vorinostat,Azacitidine,MCF7,0
Vorinostat,Azacitidine,NCI-H460,0
Vorinostat,Azacitidine,PC-3,0
Vorinostat,Azacitidine,RPMI-8226,0
Vorinostat,Azacitidine,T-47D,0
Vorinostat,Azacitidine,UO-31,1
Vorinostat,Megestrol,HS 578T,0
Vorinostat,Megestrol,HT29,0
Vorinostat,Megestrol,IGROV1,1
Vorinostat,Megestrol,LOX IMVI,0
Vorinostat,Megestrol,MCF7,0
Vorinostat,Megestrol,NCI-H460,0
Vorinostat,Megestrol,PC-3,0
Vorinostat,Megestrol,RPMI-8226,0
Vorinostat,Megestrol,SK-MEL-2,0
Vorinostat,Megestrol,T-47D,1
Vorinostat,Megestrol,UO-31,0
Vorinostat,Cladribine,HS 578T,1
Vorinostat,Cladribine,HT29,0
Vorinostat,Cladribine,IGROV1,1
Vorinostat,Cladribine,LOX IMVI,0
Vorinostat,Cladribine,MCF7,0
Vorinostat,Cladribine,NCI-H460,0
Vorinostat,Cladribine,PC-3,0
Vorinostat,Cladribine,RPMI-8226,0
Vorinostat,Cladribine,T-47D,0
Vorinostat,Cladribine,UO-31,1
Vorinostat,Paclitaxel,HS 578T,0
Vorinostat,Paclitaxel,HT29,0
Vorinostat,Paclitaxel,IGROV1,0
Vorinostat,Paclitaxel,LOX IMVI,1
Vorinostat,Paclitaxel,MCF7,0
Vorinostat,Paclitaxel,NCI-H460,0
Vorinostat,Paclitaxel,PC-3,0
Vorinostat,Paclitaxel,RPMI-8226,0
Vorinostat,Paclitaxel,T-47D,0
Vorinostat,Paclitaxel,UO-31,0
Vorinostat,Etoposide,HS 578T,1
Vorinostat,Etoposide,HT29,1
Vorinostat,Etoposide,IGROV1,1
Vorinostat,Etoposide,LOX IMVI,0
Vorinostat,Etoposide,MCF7,1
Vorinostat,Etoposide,PC-3,1
Vorinostat,Etoposide,RPMI-8226,1
Vorinostat,Etoposide,SK-MEL-2,0
Vorinostat,Etoposide,T-47D,0
Vorinostat,Etoposide,UO-31,1
Vorinostat,Imiquimod,HS 578T,1
Vorinostat,Imiquimod,HT29,0
Vorinostat,Imiquimod,IGROV1,1
Vorinostat,Imiquimod,MCF7,0
Vorinostat,Imiquimod,NCI-H460,1
Vorinostat,Imiquimod,PC-3,1
Vorinostat,Imiquimod,RPMI-8226,0
Vorinostat,Imiquimod,T-47D,1
Vorinostat,Imiquimod,UO-31,0
Vorinostat,Exemestane,HS 578T,0
Vorinostat,Exemestane,HT29,0
Vorinostat,Exemestane,IGROV1,1
Vorinostat,Exemestane,LOX IMVI,0
Vorinostat,Exemestane,MCF7,0
Vorinostat,Exemestane,NCI-H460,0
Vorinostat,Exemestane,PC-3,0
Vorinostat,Exemestane,RPMI-8226,0
Vorinostat,Exemestane,SK-MEL-2,0
Vorinostat,Exemestane,T-47D,0
Vorinostat,Exemestane,UO-31,0
Vorinostat,Dexrazoxane,HS 578T,0
Vorinostat,Dexrazoxane,HT29,1
Vorinostat,Dexrazoxane,IGROV1,1
Vorinostat,Dexrazoxane,LOX IMVI,0
Vorinostat,Dexrazoxane,MCF7,1
Vorinostat,Dexrazoxane,NCI-H460,1
Vorinostat,Dexrazoxane,PC-3,0
Vorinostat,Dexrazoxane,RPMI-8226,0
Vorinostat,Dexrazoxane,SK-MEL-2,0
Vorinostat,Dexrazoxane,T-47D,0
Vorinostat,Dexrazoxane,UO-31,1
Vorinostat,Fulvestrant,HS 578T,0
Vorinostat,Fulvestrant,HT29,1
Vorinostat,Fulvestrant,IGROV1,1
Vorinostat,Fulvestrant,LOX IMVI,0
Vorinostat,Fulvestrant,MCF7,0
Vorinostat,Fulvestrant,NCI-H460,0
Vorinostat,Fulvestrant,PC-3,0
Vorinostat,Fulvestrant,RPMI-8226,1
Vorinostat,Fulvestrant,T-47D,0
Vorinostat,Fulvestrant,UO-31,0
Vorinostat,Clofarabine,HS 578T,1
Vorinostat,Clofarabine,HT29,0
Vorinostat,Clofarabine,IGROV1,1
Vorinostat,Clofarabine,LOX IMVI,0
Vorinostat,Clofarabine,MCF7,0
Vorinostat,Clofarabine,NCI-H460,0
Vorinostat,Clofarabine,PC-3,0
Vorinostat,Clofarabine,RPMI-8226,0
Vorinostat,Clofarabine,T-47D,0
Vorinostat,Clofarabine,UO-31,1
Vorinostat,Gefitinib,HS 578T,0
Vorinostat,Gefitinib,HT29,1
Vorinostat,Gefitinib,IGROV1,0
Vorinostat,Gefitinib,LOX IMVI,0
Vorinostat,Gefitinib,MCF7,1
Vorinostat,Gefitinib,NCI-H460,1
Vorinostat,Gefitinib,PC-3,1
Vorinostat,Gefitinib,RPMI-8226,0
Vorinostat,Gefitinib,SK-MEL-2,0
Vorinostat,Gefitinib,T-47D,0
Vorinostat,Gefitinib,UO-31,0
Vorinostat,Methotrexate,HS 578T,0
Vorinostat,Methotrexate,HT29,0
Vorinostat,Methotrexate,IGROV1,0
Vorinostat,Methotrexate,LOX IMVI,0
Vorinostat,Methotrexate,MCF7,0
Vorinostat,Methotrexate,NCI-H460,0
Vorinostat,Methotrexate,PC-3,0
Vorinostat,Methotrexate,RPMI-8226,0
Vorinostat,Methotrexate,T-47D,1
Vorinostat,Methotrexate,UO-31,0
Vorinostat,Abiraterone,HS 578T,0
Vorinostat,Abiraterone,HT29,0
Vorinostat,Abiraterone,IGROV1,1
Vorinostat,Abiraterone,LOX IMVI,1
Vorinostat,Abiraterone,MCF7,0
Vorinostat,Abiraterone,NCI-H460,1
Vorinostat,Abiraterone,PC-3,0
Vorinostat,Abiraterone,RPMI-8226,0
Vorinostat,Abiraterone,SK-MEL-2,0
Vorinostat,Abiraterone,T-47D,0
Vorinostat,Abiraterone,UO-31,0
Vorinostat,Docetaxel,HS 578T,1
Vorinostat,Docetaxel,HT29,1
Vorinostat,Docetaxel,IGROV1,1
Vorinostat,Docetaxel,LOX IMVI,0
Vorinostat,Docetaxel,MCF7,1
Vorinostat,Docetaxel,NCI-H460,1
Vorinostat,Docetaxel,PC-3,0
Vorinostat,Docetaxel,RPMI-8226,0
Vorinostat,Docetaxel,T-47D,0
Vorinostat,Docetaxel,UO-31,1
Vorinostat,Erlotinib,HS 578T,0
Vorinostat,Erlotinib,HT29,0
Vorinostat,Erlotinib,IGROV1,1
Vorinostat,Erlotinib,LOX IMVI,0
Vorinostat,Erlotinib,MCF7,0
Vorinostat,Erlotinib,NCI-H460,0
Vorinostat,Erlotinib,PC-3,1
Vorinostat,Erlotinib,RPMI-8226,0
Vorinostat,Erlotinib,T-47D,1
Vorinostat,Erlotinib,UO-31,0
Vorinostat,Lapatinib,HS 578T,0
Vorinostat,Lapatinib,HT29,0
Vorinostat,Lapatinib,IGROV1,0
Vorinostat,Lapatinib,LOX IMVI,0
Vorinostat,Lapatinib,MCF7,0
Vorinostat,Lapatinib,NCI-H460,0
Vorinostat,Lapatinib,PC-3,0
Vorinostat,Lapatinib,RPMI-8226,0
Vorinostat,Lapatinib,T-47D,0
Vorinostat,Lapatinib,UO-31,1
Vorinostat,Sorafenib,HS 578T,0
Vorinostat,Sorafenib,HT29,0
Vorinostat,Sorafenib,IGROV1,0
Vorinostat,Sorafenib,LOX IMVI,0
Vorinostat,Sorafenib,MCF7,0
Vorinostat,Sorafenib,NCI-H460,0
Vorinostat,Sorafenib,PC-3,0
Vorinostat,Sorafenib,RPMI-8226,0
Vorinostat,Sorafenib,SK-MEL-2,0
Vorinostat,Sorafenib,T-47D,0
Vorinostat,Sorafenib,UO-31,0
Vorinostat,Lenalidomide,HS 578T,0
Vorinostat,Lenalidomide,HT29,0
Vorinostat,Lenalidomide,IGROV1,1
Vorinostat,Lenalidomide,LOX IMVI,0
Vorinostat,Lenalidomide,MCF7,0
Vorinostat,Lenalidomide,NCI-H460,1
Vorinostat,Lenalidomide,PC-3,1
Vorinostat,Lenalidomide,RPMI-8226,0
Vorinostat,Lenalidomide,SK-MEL-2,0
Vorinostat,Lenalidomide,T-47D,0
Vorinostat,Lenalidomide,UO-31,0
Vorinostat,Capecitabine,HS 578T,0
Vorinostat,Capecitabine,HT29,0
Vorinostat,Capecitabine,IGROV1,0
Vorinostat,Capecitabine,LOX IMVI,0
Vorinostat,Capecitabine,MCF7,0
Vorinostat,Capecitabine,NCI-H460,0
Vorinostat,Capecitabine,PC-3,0
Vorinostat,Capecitabine,RPMI-8226,0
Vorinostat,Capecitabine,T-47D,0
Vorinostat,Capecitabine,UO-31,0
Vorinostat,Tretinoin,HS 578T,0
Vorinostat,Tretinoin,HT29,0
Vorinostat,Tretinoin,IGROV1,0
Vorinostat,Tretinoin,LOX IMVI,0
Vorinostat,Tretinoin,MCF7,0
Vorinostat,Tretinoin,NCI-H460,0
Vorinostat,Tretinoin,PC-3,0
Vorinostat,Tretinoin,RPMI-8226,1
Vorinostat,Tretinoin,T-47D,0
Vorinostat,Tretinoin,UO-31,0
Vorinostat,Decitabine,HS 578T,1
Vorinostat,Decitabine,HT29,0
Vorinostat,Decitabine,IGROV1,0
Vorinostat,Decitabine,LOX IMVI,1
Vorinostat,Decitabine,MCF7,0
Vorinostat,Decitabine,NCI-H460,0
Vorinostat,Decitabine,PC-3,1
Vorinostat,Decitabine,RPMI-8226,1
Vorinostat,Decitabine,SK-MEL-2,1
Vorinostat,Decitabine,T-47D,0
Vorinostat,Decitabine,UO-31,0
Vorinostat,Teniposide,HS 578T,1
Vorinostat,Teniposide,HT29,0
Vorinostat,Teniposide,IGROV1,0
Vorinostat,Teniposide,LOX IMVI,0
Vorinostat,Teniposide,MCF7,1
Vorinostat,Teniposide,NCI-H460,0
Vorinostat,Teniposide,PC-3,1
Vorinostat,Teniposide,RPMI-8226,1
Vorinostat,Teniposide,SK-MEL-2,0
Vorinostat,Teniposide,T-47D,1
Vorinostat,Teniposide,UO-31,1
Vorinostat,Dactinomycin,HS 578T,0
Vorinostat,Dactinomycin,HT29,0
Vorinostat,Dactinomycin,IGROV1,1
Vorinostat,Dactinomycin,LOX IMVI,0
Vorinostat,Dactinomycin,MCF7,0
Vorinostat,Dactinomycin,NCI-H460,0
Vorinostat,Dactinomycin,PC-3,0
Vorinostat,Dactinomycin,RPMI-8226,0
Vorinostat,Dactinomycin,T-47D,0
Vorinostat,Dactinomycin,UO-31,0
Vorinostat,Nilotinib,HS 578T,0
Vorinostat,Nilotinib,HT29,0
Vorinostat,Nilotinib,IGROV1,0
Vorinostat,Nilotinib,LOX IMVI,0
Vorinostat,Nilotinib,MCF7,0
Vorinostat,Nilotinib,NCI-H460,0
Vorinostat,Nilotinib,PC-3,0
Vorinostat,Nilotinib,RPMI-8226,0
Vorinostat,Nilotinib,T-47D,0
Vorinostat,Nilotinib,UO-31,0
Vorinostat,2-fluoroAraA (fludarabine),HS 578T,0
Vorinostat,2-fluoroAraA (fludarabine),HT29,0
Vorinostat,2-fluoroAraA (fludarabine),IGROV1,0
Vorinostat,2-fluoroAraA (fludarabine),LOX IMVI,0
Vorinostat,2-fluoroAraA (fludarabine),MCF7,0
Vorinostat,2-fluoroAraA (fludarabine),NCI-H460,0
Vorinostat,2-fluoroAraA (fludarabine),PC-3,0
Vorinostat,2-fluoroAraA (fludarabine),RPMI-8226,0
Vorinostat,2-fluoroAraA (fludarabine),T-47D,0
Vorinostat,2-fluoroAraA (fludarabine),UO-31,0
Vorinostat,Mercaptopurine,HS 578T,0
Vorinostat,Mercaptopurine,HT29,0
Vorinostat,Mercaptopurine,IGROV1,1
Vorinostat,Mercaptopurine,LOX IMVI,0
Vorinostat,Mercaptopurine,MCF7,0
Vorinostat,Mercaptopurine,NCI-H460,1
Vorinostat,Mercaptopurine,PC-3,1
Vorinostat,Mercaptopurine,RPMI-8226,0
Vorinostat,Mercaptopurine,T-47D,0
Vorinostat,Mercaptopurine,UO-31,0
Vorinostat,Dasatinib,HS 578T,1
Vorinostat,Dasatinib,HT29,0
Vorinostat,Dasatinib,IGROV1,1
Vorinostat,Dasatinib,LOX IMVI,0
Vorinostat,Dasatinib,MCF7,0
Vorinostat,Dasatinib,NCI-H460,1
Vorinostat,Dasatinib,PC-3,1
Vorinostat,Dasatinib,RPMI-8226,0
Vorinostat,Dasatinib,T-47D,1
Vorinostat,Dasatinib,UO-31,0
Vorinostat,Sirolimus (rapamycin),HS 578T,0
Vorinostat,Sirolimus (rapamycin),HT29,0
Vorinostat,Sirolimus (rapamycin),IGROV1,0
Vorinostat,Sirolimus (rapamycin),LOX IMVI,1
Vorinostat,Sirolimus (rapamycin),MCF7,0
Vorinostat,Sirolimus (rapamycin),NCI-H460,0
Vorinostat,Sirolimus (rapamycin),PC-3,0
Vorinostat,Sirolimus (rapamycin),RPMI-8226,0
Vorinostat,Sirolimus (rapamycin),T-47D,0
Vorinostat,Sirolimus (rapamycin),UO-31,1
Vorinostat,Sunitinib,HS 578T,0
Vorinostat,Sunitinib,HT29,0
Vorinostat,Sunitinib,IGROV1,1
Vorinostat,Sunitinib,LOX IMVI,0
Vorinostat,Sunitinib,MCF7,0
Vorinostat,Sunitinib,NCI-H460,0
Vorinostat,Sunitinib,PC-3,0
Vorinostat,Sunitinib,RPMI-8226,0
Vorinostat,Sunitinib,T-47D,0
Vorinostat,Sunitinib,UO-31,1
Vorinostat,Axitinib,HS 578T,0
Vorinostat,Axitinib,HT29,0
Vorinostat,Axitinib,IGROV1,1
Vorinostat,Axitinib,LOX IMVI,0
Vorinostat,Axitinib,MCF7,0
Vorinostat,Axitinib,NCI-H460,1
Vorinostat,Axitinib,PC-3,0
Vorinostat,Axitinib,RPMI-8226,0
Vorinostat,Axitinib,SK-MEL-2,0
Vorinostat,Axitinib,T-47D,0
Vorinostat,Axitinib,UO-31,0
Vorinostat,Crizotinib,HS 578T,0
Vorinostat,Crizotinib,HT29,0
Vorinostat,Crizotinib,IGROV1,1
Vorinostat,Crizotinib,LOX IMVI,1
Vorinostat,Crizotinib,MCF7,0
Vorinostat,Crizotinib,NCI-H460,1
Vorinostat,Crizotinib,PC-3,0
Vorinostat,Crizotinib,RPMI-8226,0
Vorinostat,Crizotinib,SK-MEL-2,0
Vorinostat,Crizotinib,T-47D,0
Vorinostat,Crizotinib,UO-31,1
Vorinostat,Ruxolitinib,HS 578T,0
Vorinostat,Ruxolitinib,HT29,0
Vorinostat,Ruxolitinib,IGROV1,1
Vorinostat,Ruxolitinib,LOX IMVI,0
Vorinostat,Ruxolitinib,MCF7,0
Vorinostat,Ruxolitinib,NCI-H460,1
Vorinostat,Ruxolitinib,PC-3,0
Vorinostat,Ruxolitinib,RPMI-8226,0
Vorinostat,Ruxolitinib,SK-MEL-2,0
Vorinostat,Ruxolitinib,T-47D,0
Vorinostat,Ruxolitinib,UO-31,1
Vorinostat,Vemurafenib,HS 578T,0
Vorinostat,Vemurafenib,HT29,0
Vorinostat,Vemurafenib,IGROV1,1
Vorinostat,Vemurafenib,LOX IMVI,0
Vorinostat,Vemurafenib,MCF7,0
Vorinostat,Vemurafenib,NCI-H460,0
Vorinostat,Vemurafenib,PC-3,0
Vorinostat,Vemurafenib,RPMI-8226,0
Vorinostat,Vemurafenib,SK-MEL-2,0
Vorinostat,Vemurafenib,T-47D,0
Vorinostat,Vemurafenib,UO-31,1
Vorinostat,Everolimus,HS 578T,0
Vorinostat,Everolimus,HT29,0
Vorinostat,Everolimus,IGROV1,0
Vorinostat,Everolimus,LOX IMVI,1
Vorinostat,Everolimus,MCF7,0
Vorinostat,Everolimus,NCI-H460,1
Vorinostat,Everolimus,PC-3,1
Vorinostat,Everolimus,RPMI-8226,1
Vorinostat,Everolimus,T-47D,1
Vorinostat,Everolimus,UO-31,1
Vorinostat,Dacarbazine,HS 578T,0
Vorinostat,Dacarbazine,HT29,0
Vorinostat,Dacarbazine,IGROV1,1
Vorinostat,Dacarbazine,LOX IMVI,0
Vorinostat,Dacarbazine,MCF7,0
Vorinostat,Dacarbazine,NCI-H460,1
Vorinostat,Dacarbazine,PC-3,0
Vorinostat,Dacarbazine,RPMI-8226,0
Vorinostat,Dacarbazine,SK-MEL-2,0
Vorinostat,Dacarbazine,T-47D,0
Vorinostat,Dacarbazine,UO-31,0
Vorinostat,Allopurinol,HS 578T,0
Vorinostat,Allopurinol,HT29,0
Vorinostat,Allopurinol,IGROV1,0
Vorinostat,Allopurinol,LOX IMVI,0
Vorinostat,Allopurinol,MCF7,0
Vorinostat,Allopurinol,NCI-H460,0
Vorinostat,Allopurinol,PC-3,0
Vorinostat,Allopurinol,RPMI-8226,0
Vorinostat,Allopurinol,SK-MEL-2,0
Vorinostat,Allopurinol,T-47D,0
Vorinostat,Allopurinol,UO-31,0
Thalidomide,Thiotepa,HS 578T,0
Thalidomide,Thiotepa,HT29,0
Thalidomide,Thiotepa,IGROV1,0
Thalidomide,Thiotepa,LOX IMVI,0
Thalidomide,Thiotepa,MCF7,0
Thalidomide,Thiotepa,NCI-H460,0
Thalidomide,Thiotepa,PC-3,0
Thalidomide,Thiotepa,RPMI-8226,0
Thalidomide,Thiotepa,T-47D,0
Thalidomide,Thiotepa,UO-31,0
Thalidomide,Mitomycin C,HS 578T,0
Thalidomide,Mitomycin C,HT29,1
Thalidomide,Mitomycin C,IGROV1,0
Thalidomide,Mitomycin C,LOX IMVI,0
Thalidomide,Mitomycin C,MCF7,1
Thalidomide,Mitomycin C,NCI-H460,1
Thalidomide,Mitomycin C,PC-3,0
Thalidomide,Mitomycin C,RPMI-8226,0
Thalidomide,Mitomycin C,SK-MEL-2,0
Thalidomide,Mitomycin C,T-47D,0
Thalidomide,Mitomycin C,UO-31,0
Thalidomide,Floxuridine,HS 578T,0
Thalidomide,Floxuridine,HT29,0
Thalidomide,Floxuridine,IGROV1,0
Thalidomide,Floxuridine,LOX IMVI,0
Thalidomide,Floxuridine,MCF7,0
Thalidomide,Floxuridine,NCI-H460,0
Thalidomide,Floxuridine,PC-3,0
Thalidomide,Floxuridine,RPMI-8226,0
Thalidomide,Floxuridine,T-47D,0
Thalidomide,Floxuridine,UO-31,0
Thalidomide,Azacitidine,HS 578T,0
Thalidomide,Azacitidine,HT29,0
Thalidomide,Azacitidine,IGROV1,0
Thalidomide,Azacitidine,LOX IMVI,0
Thalidomide,Azacitidine,MCF7,0
Thalidomide,Azacitidine,NCI-H460,0
Thalidomide,Azacitidine,PC-3,0
Thalidomide,Azacitidine,RPMI-8226,0
Thalidomide,Azacitidine,T-47D,0
Thalidomide,Azacitidine,UO-31,0
Thalidomide,Megestrol,HS 578T,0
Thalidomide,Megestrol,HT29,0
Thalidomide,Megestrol,IGROV1,1
Thalidomide,Megestrol,LOX IMVI,1
Thalidomide,Megestrol,MCF7,0
Thalidomide,Megestrol,NCI-H460,1
Thalidomide,Megestrol,PC-3,0
Thalidomide,Megestrol,RPMI-8226,0
Thalidomide,Megestrol,SK-MEL-2,0
Thalidomide,Megestrol,T-47D,1
Thalidomide,Megestrol,UO-31,1
Thalidomide,Cladribine,HS 578T,0
Thalidomide,Cladribine,HT29,0
Thalidomide,Cladribine,IGROV1,0
Thalidomide,Cladribine,LOX IMVI,0
Thalidomide,Cladribine,MCF7,0
Thalidomide,Cladribine,NCI-H460,0
Thalidomide,Cladribine,PC-3,0
Thalidomide,Cladribine,RPMI-8226,0
Thalidomide,Cladribine,T-47D,0
Thalidomide,Cladribine,UO-31,1
Thalidomide,Paclitaxel,HS 578T,0
Thalidomide,Paclitaxel,IGROV1,0
Thalidomide,Paclitaxel,LOX IMVI,0
Thalidomide,Paclitaxel,MCF7,0
Thalidomide,Paclitaxel,NCI-H460,0
Thalidomide,Paclitaxel,PC-3,0
Thalidomide,Paclitaxel,T-47D,1
Thalidomide,Paclitaxel,UO-31,0
Thalidomide,Etoposide,HS 578T,0
Thalidomide,Etoposide,HT29,0
Thalidomide,Etoposide,IGROV1,0
Thalidomide,Etoposide,LOX IMVI,0
Thalidomide,Etoposide,MCF7,0
Thalidomide,Etoposide,NCI-H460,0
Thalidomide,Etoposide,PC-3,0
Thalidomide,Etoposide,RPMI-8226,0
Thalidomide,Etoposide,SK-MEL-2,0
Thalidomide,Etoposide,T-47D,0
Thalidomide,Etoposide,UO-31,0
Thalidomide,Imiquimod,HS 578T,1
Thalidomide,Imiquimod,HT29,1
Thalidomide,Imiquimod,IGROV1,0
Thalidomide,Imiquimod,LOX IMVI,0
Thalidomide,Imiquimod,MCF7,0
Thalidomide,Imiquimod,NCI-H460,0
Thalidomide,Imiquimod,PC-3,1
Thalidomide,Imiquimod,RPMI-8226,0
Thalidomide,Imiquimod,SK-MEL-2,1
Thalidomide,Imiquimod,T-47D,1
Thalidomide,Imiquimod,UO-31,0
Thalidomide,Exemestane,HS 578T,1
Thalidomide,Exemestane,HT29,0
Thalidomide,Exemestane,IGROV1,0
Thalidomide,Exemestane,LOX IMVI,0
Thalidomide,Exemestane,MCF7,1
Thalidomide,Exemestane,NCI-H460,0
Thalidomide,Exemestane,PC-3,1
Thalidomide,Exemestane,RPMI-8226,0
Thalidomide,Exemestane,SK-MEL-2,1
Thalidomide,Exemestane,T-47D,1
Thalidomide,Exemestane,UO-31,1
Thalidomide,Dexrazoxane,HS 578T,1
Thalidomide,Dexrazoxane,HT29,1
Thalidomide,Dexrazoxane,IGROV1,0
Thalidomide,Dexrazoxane,LOX IMVI,1
Thalidomide,Dexrazoxane,MCF7,0
Thalidomide,Dexrazoxane,NCI-H460,0
Thalidomide,Dexrazoxane,PC-3,1
Thalidomide,Dexrazoxane,RPMI-8226,0
Thalidomide,Dexrazoxane,SK-MEL-2,0
Thalidomide,Dexrazoxane,T-47D,1
Thalidomide,Dexrazoxane,UO-31,0
Thalidomide,Fulvestrant,HS 578T,0
Thalidomide,Fulvestrant,HT29,0
Thalidomide,Fulvestrant,IGROV1,0
Thalidomide,Fulvestrant,LOX IMVI,0
Thalidomide,Fulvestrant,MCF7,0
Thalidomide,Fulvestrant,NCI-H460,0
Thalidomide,Fulvestrant,PC-3,0
Thalidomide,Fulvestrant,RPMI-8226,1
Thalidomide,Fulvestrant,T-47D,0
Thalidomide,Fulvestrant,UO-31,0
Thalidomide,Clofarabine,HS 578T,0
Thalidomide,Clofarabine,HT29,0
Thalidomide,Clofarabine,IGROV1,1
Thalidomide,Clofarabine,LOX IMVI,1
Thalidomide,Clofarabine,MCF7,0
Thalidomide,Clofarabine,NCI-H460,0
Thalidomide,Clofarabine,PC-3,0
Thalidomide,Clofarabine,RPMI-8226,0
Thalidomide,Clofarabine,T-47D,0
Thalidomide,Clofarabine,UO-31,0
Thalidomide,Gefitinib,HS 578T,0
Thalidomide,Gefitinib,HT29,0
Thalidomide,Gefitinib,IGROV1,0
Thalidomide,Gefitinib,LOX IMVI,0
Thalidomide,Gefitinib,MCF7,1
Thalidomide,Gefitinib,NCI-H460,0
Thalidomide,Gefitinib,PC-3,0
Thalidomide,Gefitinib,RPMI-8226,0
Thalidomide,Gefitinib,SK-MEL-2,0
Thalidomide,Gefitinib,T-47D,0
Thalidomide,Gefitinib,UO-31,0
Thalidomide,Methotrexate,HS 578T,0
Thalidomide,Methotrexate,HT29,0
Thalidomide,Methotrexate,IGROV1,0
Thalidomide,Methotrexate,LOX IMVI,0
Thalidomide,Methotrexate,MCF7,0
Thalidomide,Methotrexate,NCI-H460,0
Thalidomide,Methotrexate,PC-3,0
Thalidomide,Methotrexate,RPMI-8226,0
Thalidomide,Methotrexate,T-47D,0
Thalidomide,Methotrexate,UO-31,0
Thalidomide,Abiraterone,HS 578T,1
Thalidomide,Abiraterone,HT29,0
Thalidomide,Abiraterone,LOX IMVI,0
Thalidomide,Abiraterone,MCF7,1
Thalidomide,Abiraterone,RPMI-8226,0
Thalidomide,Abiraterone,SK-MEL-2,1
Thalidomide,Abiraterone,T-47D,0
Thalidomide,Abiraterone,UO-31,0
Thalidomide,Docetaxel,HT29,0
Thalidomide,Docetaxel,IGROV1,0
Thalidomide,Docetaxel,LOX IMVI,0
Thalidomide,Docetaxel,MCF7,0
Thalidomide,Docetaxel,NCI-H460,0
Thalidomide,Docetaxel,PC-3,0
Thalidomide,Docetaxel,RPMI-8226,0
Thalidomide,Docetaxel,T-47D,1
Thalidomide,Docetaxel,UO-31,0
Thalidomide,Erlotinib,HS 578T,0
Thalidomide,Erlotinib,HT29,1
Thalidomide,Erlotinib,IGROV1,0
Thalidomide,Erlotinib,LOX IMVI,0
Thalidomide,Erlotinib,MCF7,0
Thalidomide,Erlotinib,NCI-H460,0
Thalidomide,Erlotinib,PC-3,0
Thalidomide,Erlotinib,RPMI-8226,0
Thalidomide,Erlotinib,SK-MEL-2,1
Thalidomide,Erlotinib,T-47D,1
Thalidomide,Erlotinib,UO-31,0
Thalidomide,Lapatinib,HS 578T,1
Thalidomide,Lapatinib,HT29,0
Thalidomide,Lapatinib,IGROV1,0
Thalidomide,Lapatinib,LOX IMVI,0
Thalidomide,Lapatinib,MCF7,0
Thalidomide,Lapatinib,NCI-H460,0
Thalidomide,Lapatinib,PC-3,1
Thalidomide,Lapatinib,RPMI-8226,1
Thalidomide,Lapatinib,T-47D,0
Thalidomide,Lapatinib,UO-31,0
Thalidomide,Sorafenib,HS 578T,0
Thalidomide,Sorafenib,HT29,1
Thalidomide,Sorafenib,IGROV1,0
Thalidomide,Sorafenib,LOX IMVI,0
Thalidomide,Sorafenib,MCF7,0
Thalidomide,Sorafenib,NCI-H460,1
Thalidomide,Sorafenib,PC-3,1
Thalidomide,Sorafenib,RPMI-8226,1
Thalidomide,Sorafenib,T-47D,0
Thalidomide,Sorafenib,UO-31,0
Thalidomide,Lenalidomide,HS 578T,1
Thalidomide,Lenalidomide,HT29,0
Thalidomide,Lenalidomide,IGROV1,1
Thalidomide,Lenalidomide,LOX IMVI,0
Thalidomide,Lenalidomide,MCF7,1
Thalidomide,Lenalidomide,NCI-H460,0
Thalidomide,Lenalidomide,PC-3,0
Thalidomide,Lenalidomide,RPMI-8226,0
Thalidomide,Lenalidomide,SK-MEL-2,0
Thalidomide,Lenalidomide,T-47D,0
Thalidomide,Lenalidomide,UO-31,0
Thalidomide,Capecitabine,HS 578T,0
Thalidomide,Capecitabine,HT29,0
Thalidomide,Capecitabine,LOX IMVI,0
Thalidomide,Capecitabine,MCF7,0
Thalidomide,Capecitabine,NCI-H460,0
Thalidomide,Capecitabine,PC-3,0
Thalidomide,Capecitabine,RPMI-8226,1
Thalidomide,Capecitabine,T-47D,0
Thalidomide,Capecitabine,UO-31,0
Thalidomide,Tretinoin,HS 578T,0
Thalidomide,Tretinoin,HT29,1
Thalidomide,Tretinoin,IGROV1,0
Thalidomide,Tretinoin,LOX IMVI,0
Thalidomide,Tretinoin,MCF7,0
Thalidomide,Tretinoin,NCI-H460,0
Thalidomide,Tretinoin,PC-3,1
Thalidomide,Tretinoin,RPMI-8226,0
Thalidomide,Tretinoin,T-47D,0
Thalidomide,Tretinoin,UO-31,1
Thalidomide,Decitabine,HS 578T,0
Thalidomide,Decitabine,HT29,0
Thalidomide,Decitabine,IGROV1,0
Thalidomide,Decitabine,LOX IMVI,0
Thalidomide,Decitabine,MCF7,0
Thalidomide,Decitabine,NCI-H460,0
Thalidomide,Decitabine,PC-3,0
Thalidomide,Decitabine,RPMI-8226,0
Thalidomide,Decitabine,SK-MEL-2,1
Thalidomide,Decitabine,T-47D,1
Thalidomide,Decitabine,UO-31,0
Thalidomide,Teniposide,HS 578T,0
Thalidomide,Teniposide,HT29,0
Thalidomide,Teniposide,IGROV1,0
Thalidomide,Teniposide,LOX IMVI,0
Thalidomide,Teniposide,MCF7,0
Thalidomide,Teniposide,NCI-H460,0
Thalidomide,Teniposide,PC-3,0
Thalidomide,Teniposide,RPMI-8226,0
Thalidomide,Teniposide,SK-MEL-2,0
Thalidomide,Teniposide,T-47D,0
Thalidomide,Teniposide,UO-31,0
Thalidomide,Dactinomycin,HS 578T,0
Thalidomide,Dactinomycin,IGROV1,0
Thalidomide,Dactinomycin,MCF7,0
Thalidomide,Dactinomycin,NCI-H460,0
Thalidomide,Dactinomycin,PC-3,0
Thalidomide,Dactinomycin,RPMI-8226,0
Thalidomide,Dactinomycin,T-47D,0
Thalidomide,Dactinomycin,UO-31,0
Thalidomide,Nilotinib,HS 578T,0
Thalidomide,Nilotinib,HT29,0
Thalidomide,Nilotinib,IGROV1,0
Thalidomide,Nilotinib,LOX IMVI,0
Thalidomide,Nilotinib,MCF7,0
Thalidomide,Nilotinib,NCI-H460,0
Thalidomide,Nilotinib,PC-3,0
Thalidomide,Nilotinib,RPMI-8226,1
Thalidomide,Nilotinib,T-47D,0
Thalidomide,Nilotinib,UO-31,0
Thalidomide,2-fluoroAraA (fludarabine),HS 578T,0
Thalidomide,2-fluoroAraA (fludarabine),HT29,0
Thalidomide,2-fluoroAraA (fludarabine),IGROV1,0
Thalidomide,2-fluoroAraA (fludarabine),LOX IMVI,0
Thalidomide,2-fluoroAraA (fludarabine),MCF7,0
Thalidomide,2-fluoroAraA (fludarabine),NCI-H460,0
Thalidomide,2-fluoroAraA (fludarabine),PC-3,0
Thalidomide,2-fluoroAraA (fludarabine),RPMI-8226,0
Thalidomide,2-fluoroAraA (fludarabine),T-47D,0
Thalidomide,2-fluoroAraA (fludarabine),UO-31,0
Thalidomide,Mercaptopurine,HS 578T,0
Thalidomide,Mercaptopurine,HT29,0
Thalidomide,Mercaptopurine,IGROV1,0
Thalidomide,Mercaptopurine,LOX IMVI,0
Thalidomide,Mercaptopurine,MCF7,0
Thalidomide,Mercaptopurine,NCI-H460,0
Thalidomide,Mercaptopurine,PC-3,0
Thalidomide,Mercaptopurine,RPMI-8226,0
Thalidomide,Mercaptopurine,T-47D,0
Thalidomide,Mercaptopurine,UO-31,0
Thalidomide,Dasatinib,HS 578T,0
Thalidomide,Dasatinib,HT29,0
Thalidomide,Dasatinib,IGROV1,1
Thalidomide,Dasatinib,LOX IMVI,0
Thalidomide,Dasatinib,MCF7,0
Thalidomide,Dasatinib,NCI-H460,0
Thalidomide,Dasatinib,PC-3,1
Thalidomide,Dasatinib,RPMI-8226,0
Thalidomide,Dasatinib,T-47D,1
Thalidomide,Dasatinib,UO-31,0
Thalidomide,Sirolimus (rapamycin),HS 578T,0
Thalidomide,Sirolimus (rapamycin),HT29,0
Thalidomide,Sirolimus (rapamycin),IGROV1,0
Thalidomide,Sirolimus (rapamycin),LOX IMVI,0
Thalidomide,Sirolimus (rapamycin),MCF7,0
Thalidomide,Sirolimus (rapamycin),NCI-H460,0
Thalidomide,Sirolimus (rapamycin),PC-3,0
Thalidomide,Sirolimus (rapamycin),RPMI-8226,0
Thalidomide,Sirolimus (rapamycin),T-47D,0
Thalidomide,Sirolimus (rapamycin),UO-31,0
Thalidomide,Sunitinib,HS 578T,1
Thalidomide,Sunitinib,HT29,0
Thalidomide,Sunitinib,IGROV1,0
Thalidomide,Sunitinib,LOX IMVI,0
Thalidomide,Sunitinib,MCF7,0
Thalidomide,Sunitinib,NCI-H460,1
Thalidomide,Sunitinib,PC-3,1
Thalidomide,Sunitinib,RPMI-8226,1
Thalidomide,Sunitinib,T-47D,0
Thalidomide,Sunitinib,UO-31,0
Thalidomide,Axitinib,HS 578T,1
Thalidomide,Axitinib,HT29,1
Thalidomide,Axitinib,LOX IMVI,1
Thalidomide,Axitinib,MCF7,0
Thalidomide,Axitinib,SK-MEL-2,1
Thalidomide,Axitinib,T-47D,1
Thalidomide,Axitinib,UO-31,1
Thalidomide,Crizotinib,HS 578T,0
Thalidomide,Crizotinib,HT29,0
Thalidomide,Crizotinib,IGROV1,1
Thalidomide,Crizotinib,LOX IMVI,0
Thalidomide,Crizotinib,MCF7,0
Thalidomide,Crizotinib,NCI-H460,0
Thalidomide,Crizotinib,PC-3,0
Thalidomide,Crizotinib,RPMI-8226,0
Thalidomide,Crizotinib,SK-MEL-2,1
Thalidomide,Crizotinib,T-47D,1
Thalidomide,Crizotinib,UO-31,1
Thalidomide,Ruxolitinib,HS 578T,0
Thalidomide,Ruxolitinib,HT29,0
Thalidomide,Ruxolitinib,IGROV1,1
Thalidomide,Ruxolitinib,LOX IMVI,1
Thalidomide,Ruxolitinib,MCF7,1
Thalidomide,Ruxolitinib,NCI-H460,0
Thalidomide,Ruxolitinib,PC-3,1
Thalidomide,Ruxolitinib,RPMI-8226,1
Thalidomide,Ruxolitinib,SK-MEL-2,1
Thalidomide,Ruxolitinib,T-47D,1
Thalidomide,Ruxolitinib,UO-31,0
Thalidomide,Vemurafenib,HT29,0
Thalidomide,Vemurafenib,IGROV1,1
Thalidomide,Vemurafenib,LOX IMVI,0
Thalidomide,Vemurafenib,MCF7,1
Thalidomide,Vemurafenib,NCI-H460,1
Thalidomide,Vemurafenib,PC-3,1
Thalidomide,Vemurafenib,RPMI-8226,1
Thalidomide,Vemurafenib,SK-MEL-2,1
Thalidomide,Vemurafenib,T-47D,1
Thalidomide,Vemurafenib,UO-31,1
Thalidomide,Everolimus,HS 578T,0
Thalidomide,Everolimus,HT29,0
Thalidomide,Everolimus,IGROV1,1
Thalidomide,Everolimus,LOX IMVI,0
Thalidomide,Everolimus,MCF7,0
Thalidomide,Everolimus,NCI-H460,0
Thalidomide,Everolimus,PC-3,0
Thalidomide,Everolimus,RPMI-8226,0
Thalidomide,Everolimus,T-47D,0
Thalidomide,Everolimus,UO-31,0
Thalidomide,Dacarbazine,HS 578T,0
Thalidomide,Dacarbazine,HT29,0
Thalidomide,Dacarbazine,IGROV1,0
Thalidomide,Dacarbazine,LOX IMVI,0
Thalidomide,Dacarbazine,MCF7,0
Thalidomide,Dacarbazine,NCI-H460,0
Thalidomide,Dacarbazine,PC-3,0
Thalidomide,Dacarbazine,RPMI-8226,1
Thalidomide,Dacarbazine,SK-MEL-2,0
Thalidomide,Dacarbazine,T-47D,1
Thalidomide,Dacarbazine,UO-31,0
Thalidomide,Allopurinol,HS 578T,1
Thalidomide,Allopurinol,HT29,0
Thalidomide,Allopurinol,IGROV1,0
Thalidomide,Allopurinol,LOX IMVI,0
Thalidomide,Allopurinol,MCF7,1
Thalidomide,Allopurinol,NCI-H460,0
Thalidomide,Allopurinol,PC-3,0
Thalidomide,Allopurinol,RPMI-8226,0
Thalidomide,Allopurinol,T-47D,0
Thalidomide,Allopurinol,UO-31,0
Thiotepa,Mitomycin C,HS 578T,0
Thiotepa,Mitomycin C,HT29,0
Thiotepa,Mitomycin C,IGROV1,0
Thiotepa,Mitomycin C,LOX IMVI,1
Thiotepa,Mitomycin C,MCF7,1
Thiotepa,Mitomycin C,NCI-H460,0
Thiotepa,Mitomycin C,PC-3,0
Thiotepa,Mitomycin C,RPMI-8226,1
Thiotepa,Mitomycin C,T-47D,1
Thiotepa,Mitomycin C,UO-31,1
Thiotepa,Floxuridine,HS 578T,0
Thiotepa,Floxuridine,HT29,0
Thiotepa,Floxuridine,IGROV1,1
Thiotepa,Floxuridine,LOX IMVI,1
Thiotepa,Floxuridine,MCF7,1
Thiotepa,Floxuridine,NCI-H460,0
Thiotepa,Floxuridine,PC-3,0
Thiotepa,Floxuridine,RPMI-8226,0
Thiotepa,Floxuridine,T-47D,1
Thiotepa,Floxuridine,UO-31,0
Thiotepa,Azacitidine,HS 578T,1
Thiotepa,Azacitidine,HT29,1
Thiotepa,Azacitidine,IGROV1,0
Thiotepa,Azacitidine,LOX IMVI,0
Thiotepa,Azacitidine,MCF7,0
Thiotepa,Azacitidine,NCI-H460,0
Thiotepa,Azacitidine,PC-3,0
Thiotepa,Azacitidine,RPMI-8226,0
Thiotepa,Azacitidine,T-47D,1
Thiotepa,Azacitidine,UO-31,0
Thiotepa,Megestrol,HS 578T,0
Thiotepa,Megestrol,HT29,0
Thiotepa,Megestrol,IGROV1,0
Thiotepa,Megestrol,LOX IMVI,0
Thiotepa,Megestrol,MCF7,0
Thiotepa,Megestrol,NCI-H460,0
Thiotepa,Megestrol,PC-3,0
Thiotepa,Megestrol,RPMI-8226,0
Thiotepa,Megestrol,SK-MEL-2,0
Thiotepa,Megestrol,T-47D,0
Thiotepa,Megestrol,UO-31,0
Thiotepa,Cladribine,HS 578T,0
Thiotepa,Cladribine,HT29,0
Thiotepa,Cladribine,IGROV1,0
Thiotepa,Cladribine,LOX IMVI,1
Thiotepa,Cladribine,MCF7,0
Thiotepa,Cladribine,NCI-H460,0
Thiotepa,Cladribine,PC-3,0
Thiotepa,Cladribine,RPMI-8226,1
Thiotepa,Cladribine,T-47D,0
Thiotepa,Cladribine,UO-31,0
Thiotepa,Paclitaxel,HS 578T,1
Thiotepa,Paclitaxel,IGROV1,1
Thiotepa,Paclitaxel,LOX IMVI,0
Thiotepa,Paclitaxel,MCF7,0
Thiotepa,Paclitaxel,NCI-H460,1
Thiotepa,Paclitaxel,PC-3,1
Thiotepa,Paclitaxel,RPMI-8226,0
Thiotepa,Paclitaxel,T-47D,1
Thiotepa,Paclitaxel,UO-31,0
Thiotepa,Etoposide,HS 578T,1
Thiotepa,Etoposide,HT29,0
Thiotepa,Etoposide,IGROV1,1
Thiotepa,Etoposide,LOX IMVI,0
Thiotepa,Etoposide,MCF7,0
Thiotepa,Etoposide,NCI-H460,0
Thiotepa,Etoposide,PC-3,1
Thiotepa,Etoposide,RPMI-8226,1
Thiotepa,Etoposide,SK-MEL-2,0
Thiotepa,Etoposide,T-47D,0
Thiotepa,Etoposide,UO-31,0
Thiotepa,Imiquimod,HS 578T,1
Thiotepa,Imiquimod,HT29,0
Thiotepa,Imiquimod,IGROV1,1
Thiotepa,Imiquimod,LOX IMVI,0
Thiotepa,Imiquimod,MCF7,0
Thiotepa,Imiquimod,NCI-H460,1
Thiotepa,Imiquimod,PC-3,0
Thiotepa,Imiquimod,RPMI-8226,0
Thiotepa,Imiquimod,T-47D,1
Thiotepa,Imiquimod,UO-31,0
Thiotepa,Exemestane,HS 578T,1
Thiotepa,Exemestane,HT29,0
Thiotepa,Exemestane,IGROV1,1
Thiotepa,Exemestane,LOX IMVI,1
Thiotepa,Exemestane,MCF7,1
Thiotepa,Exemestane,NCI-H460,0
Thiotepa,Exemestane,PC-3,1
Thiotepa,Exemestane,RPMI-8226,1
Thiotepa,Exemestane,SK-MEL-2,0
Thiotepa,Exemestane,T-47D,0
Thiotepa,Exemestane,UO-31,1
Thiotepa,Dexrazoxane,HS 578T,1
Thiotepa,Dexrazoxane,HT29,0
Thiotepa,Dexrazoxane,IGROV1,1
Thiotepa,Dexrazoxane,LOX IMVI,0
Thiotepa,Dexrazoxane,MCF7,1
Thiotepa,Dexrazoxane,NCI-H460,0
Thiotepa,Dexrazoxane,PC-3,1
Thiotepa,Dexrazoxane,RPMI-8226,0
Thiotepa,Dexrazoxane,SK-MEL-2,0
Thiotepa,Dexrazoxane,T-47D,0
Thiotepa,Dexrazoxane,UO-31,0
Thiotepa,Fulvestrant,HS 578T,0
Thiotepa,Fulvestrant,HT29,0
Thiotepa,Fulvestrant,IGROV1,0
Thiotepa,Fulvestrant,LOX IMVI,0
Thiotepa,Fulvestrant,MCF7,0
Thiotepa,Fulvestrant,NCI-H460,0
Thiotepa,Fulvestrant,PC-3,0
Thiotepa,Fulvestrant,RPMI-8226,0
Thiotepa,Fulvestrant,T-47D,0
Thiotepa,Fulvestrant,UO-31,0
Thiotepa,Clofarabine,HS 578T,0
Thiotepa,Clofarabine,HT29,1
Thiotepa,Clofarabine,IGROV1,1
Thiotepa,Clofarabine,LOX IMVI,0
Thiotepa,Clofarabine,MCF7,0
Thiotepa,Clofarabine,NCI-H460,0
Thiotepa,Clofarabine,PC-3,0
Thiotepa,Clofarabine,RPMI-8226,0
Thiotepa,Clofarabine,T-47D,0
Thiotepa,Clofarabine,UO-31,0
Thiotepa,Gefitinib,HS 578T,1
Thiotepa,Gefitinib,HT29,0
Thiotepa,Gefitinib,LOX IMVI,0
Thiotepa,Gefitinib,MCF7,1
Thiotepa,Gefitinib,NCI-H460,0
Thiotepa,Gefitinib,PC-3,1
Thiotepa,Gefitinib,RPMI-8226,1
Thiotepa,Gefitinib,SK-MEL-2,0
Thiotepa,Gefitinib,T-47D,0
Thiotepa,Gefitinib,UO-31,0
Thiotepa,Methotrexate,HS 578T,0
Thiotepa,Methotrexate,HT29,0
Thiotepa,Methotrexate,IGROV1,0
Thiotepa,Methotrexate,LOX IMVI,0
Thiotepa,Methotrexate,MCF7,0
Thiotepa,Methotrexate,NCI-H460,0
Thiotepa,Methotrexate,PC-3,0
Thiotepa,Methotrexate,RPMI-8226,0
Thiotepa,Methotrexate,UO-31,0
Thiotepa,Abiraterone,HS 578T,0
Thiotepa,Abiraterone,HT29,0
Thiotepa,Abiraterone,IGROV1,0
Thiotepa,Abiraterone,LOX IMVI,0
Thiotepa,Abiraterone,MCF7,1
Thiotepa,Abiraterone,NCI-H460,0
Thiotepa,Abiraterone,PC-3,1
Thiotepa,Abiraterone,RPMI-8226,0
Thiotepa,Abiraterone,SK-MEL-2,0
Thiotepa,Abiraterone,T-47D,0
Thiotepa,Abiraterone,UO-31,1
Thiotepa,Docetaxel,HS 578T,0
Thiotepa,Docetaxel,HT29,1
Thiotepa,Docetaxel,IGROV1,1
Thiotepa,Docetaxel,LOX IMVI,0
Thiotepa,Docetaxel,NCI-H460,0
Thiotepa,Docetaxel,PC-3,0
Thiotepa,Docetaxel,RPMI-8226,1
Thiotepa,Docetaxel,T-47D,0
Thiotepa,Docetaxel,UO-31,0
Thiotepa,Erlotinib,HS 578T,0
Thiotepa,Erlotinib,HT29,0
Thiotepa,Erlotinib,IGROV1,1
Thiotepa,Erlotinib,LOX IMVI,0
Thiotepa,Erlotinib,MCF7,0
Thiotepa,Erlotinib,NCI-H460,0
Thiotepa,Erlotinib,PC-3,1
Thiotepa,Erlotinib,RPMI-8226,0
Thiotepa,Erlotinib,T-47D,0
Thiotepa,Lapatinib,HS 578T,0
Thiotepa,Lapatinib,HT29,0
Thiotepa,Lapatinib,IGROV1,0
Thiotepa,Lapatinib,LOX IMVI,0
Thiotepa,Lapatinib,MCF7,0
Thiotepa,Lapatinib,NCI-H460,0
Thiotepa,Lapatinib,PC-3,0
Thiotepa,Lapatinib,RPMI-8226,0
Thiotepa,Lapatinib,T-47D,0
Thiotepa,Lapatinib,UO-31,0
Thiotepa,Sorafenib,HS 578T,0
Thiotepa,Sorafenib,HT29,0
Thiotepa,Sorafenib,IGROV1,0
Thiotepa,Sorafenib,LOX IMVI,0
Thiotepa,Sorafenib,MCF7,0
Thiotepa,Sorafenib,NCI-H460,0
Thiotepa,Sorafenib,PC-3,0
Thiotepa,Sorafenib,RPMI-8226,0
Thiotepa,Sorafenib,SK-MEL-2,0
Thiotepa,Sorafenib,T-47D,0
Thiotepa,Sorafenib,UO-31,0
Thiotepa,Lenalidomide,HS 578T,0
Thiotepa,Lenalidomide,HT29,1
Thiotepa,Lenalidomide,IGROV1,1
Thiotepa,Lenalidomide,LOX IMVI,0
Thiotepa,Lenalidomide,MCF7,1
Thiotepa,Lenalidomide,NCI-H460,0
Thiotepa,Lenalidomide,PC-3,1
Thiotepa,Lenalidomide,RPMI-8226,1
Thiotepa,Lenalidomide,SK-MEL-2,0
Thiotepa,Lenalidomide,T-47D,0
Thiotepa,Lenalidomide,UO-31,0
Thiotepa,Capecitabine,HS 578T,0
Thiotepa,Capecitabine,HT29,1
Thiotepa,Capecitabine,IGROV1,0
Thiotepa,Capecitabine,LOX IMVI,0
Thiotepa,Capecitabine,MCF7,0
Thiotepa,Capecitabine,NCI-H460,0
Thiotepa,Capecitabine,PC-3,0
Thiotepa,Capecitabine,RPMI-8226,1
Thiotepa,Capecitabine,T-47D,0
Thiotepa,Capecitabine,UO-31,0
Thiotepa,Tretinoin,HS 578T,1
Thiotepa,Tretinoin,HT29,0
Thiotepa,Tretinoin,IGROV1,0
Thiotepa,Tretinoin,LOX IMVI,0
Thiotepa,Tretinoin,MCF7,1
Thiotepa,Tretinoin,NCI-H460,0
Thiotepa,Tretinoin,PC-3,0
Thiotepa,Tretinoin,RPMI-8226,0
Thiotepa,Tretinoin,T-47D,0
Thiotepa,Tretinoin,UO-31,0
Thiotepa,Decitabine,HS 578T,0
Thiotepa,Decitabine,HT29,0
Thiotepa,Decitabine,IGROV1,0
Thiotepa,Decitabine,LOX IMVI,1
Thiotepa,Decitabine,MCF7,0
Thiotepa,Decitabine,NCI-H460,1
Thiotepa,Decitabine,PC-3,1
Thiotepa,Decitabine,RPMI-8226,0
Thiotepa,Decitabine,T-47D,1
Thiotepa,Decitabine,UO-31,0
Thiotepa,Teniposide,HS 578T,0
Thiotepa,Teniposide,HT29,0
Thiotepa,Teniposide,IGROV1,1
Thiotepa,Teniposide,LOX IMVI,0
Thiotepa,Teniposide,MCF7,1
Thiotepa,Teniposide,NCI-H460,0
Thiotepa,Teniposide,PC-3,1
Thiotepa,Teniposide,RPMI-8226,1
Thiotepa,Teniposide,SK-MEL-2,0
Thiotepa,Teniposide,T-47D,0
Thiotepa,Teniposide,UO-31,0
Thiotepa,Dactinomycin,HS 578T,1
Thiotepa,Dactinomycin,HT29,1
Thiotepa,Dactinomycin,IGROV1,1
Thiotepa,Dactinomycin,LOX IMVI,0
Thiotepa,Dactinomycin,MCF7,1
Thiotepa,Dactinomycin,NCI-H460,1
Thiotepa,Dactinomycin,PC-3,1
Thiotepa,Dactinomycin,RPMI-8226,0
Thiotepa,Dactinomycin,T-47D,1
Thiotepa,Dactinomycin,UO-31,0
Thiotepa,Nilotinib,HS 578T,0
Thiotepa,Nilotinib,HT29,1
Thiotepa,Nilotinib,IGROV1,0
Thiotepa,Nilotinib,LOX IMVI,0
Thiotepa,Nilotinib,MCF7,0
Thiotepa,Nilotinib,NCI-H460,0
Thiotepa,Nilotinib,PC-3,0
Thiotepa,Nilotinib,RPMI-8226,0
Thiotepa,Nilotinib,T-47D,0
Thiotepa,Nilotinib,UO-31,0
Thiotepa,2-fluoroAraA (fludarabine),HS 578T,1
Thiotepa,2-fluoroAraA (fludarabine),HT29,0
Thiotepa,2-fluoroAraA (fludarabine),IGROV1,0
Thiotepa,2-fluoroAraA (fludarabine),LOX IMVI,0
Thiotepa,2-fluoroAraA (fludarabine),MCF7,0
Thiotepa,2-fluoroAraA (fludarabine),NCI-H460,0
Thiotepa,2-fluoroAraA (fludarabine),PC-3,0
Thiotepa,2-fluoroAraA (fludarabine),RPMI-8226,0
Thiotepa,2-fluoroAraA (fludarabine),T-47D,1
Thiotepa,2-fluoroAraA (fludarabine),UO-31,0
Thiotepa,Mercaptopurine,HS 578T,0
Thiotepa,Mercaptopurine,HT29,0
Thiotepa,Mercaptopurine,IGROV1,0
Thiotepa,Mercaptopurine,LOX IMVI,0
Thiotepa,Mercaptopurine,MCF7,0
Thiotepa,Mercaptopurine,NCI-H460,1
Thiotepa,Mercaptopurine,PC-3,0
Thiotepa,Mercaptopurine,RPMI-8226,0
Thiotepa,Mercaptopurine,SK-MEL-2,0
Thiotepa,Mercaptopurine,T-47D,0
Thiotepa,Mercaptopurine,UO-31,0
Thiotepa,Dasatinib,HS 578T,1
Thiotepa,Dasatinib,HT29,0
Thiotepa,Dasatinib,IGROV1,0
Thiotepa,Dasatinib,LOX IMVI,0
Thiotepa,Dasatinib,MCF7,0
Thiotepa,Dasatinib,NCI-H460,0
Thiotepa,Dasatinib,PC-3,0
Thiotepa,Dasatinib,RPMI-8226,0
Thiotepa,Dasatinib,T-47D,0
Thiotepa,Dasatinib,UO-31,1
Thiotepa,Sirolimus (rapamycin),HS 578T,1
Thiotepa,Sirolimus (rapamycin),HT29,0
Thiotepa,Sirolimus (rapamycin),IGROV1,0
Thiotepa,Sirolimus (rapamycin),LOX IMVI,1
Thiotepa,Sirolimus (rapamycin),MCF7,0
Thiotepa,Sirolimus (rapamycin),NCI-H460,0
Thiotepa,Sirolimus (rapamycin),PC-3,1
Thiotepa,Sirolimus (rapamycin),RPMI-8226,1
Thiotepa,Sirolimus (rapamycin),T-47D,1
Thiotepa,Sirolimus (rapamycin),UO-31,0
Thiotepa,Sunitinib,HS 578T,1
Thiotepa,Sunitinib,HT29,0
Thiotepa,Sunitinib,IGROV1,0
Thiotepa,Sunitinib,LOX IMVI,0
Thiotepa,Sunitinib,MCF7,1
Thiotepa,Sunitinib,NCI-H460,0
Thiotepa,Sunitinib,PC-3,0
Thiotepa,Sunitinib,RPMI-8226,0
Thiotepa,Sunitinib,T-47D,0
Thiotepa,Sunitinib,UO-31,0
Thiotepa,Axitinib,HS 578T,0
Thiotepa,Axitinib,HT29,0
Thiotepa,Axitinib,IGROV1,0
Thiotepa,Axitinib,LOX IMVI,0
Thiotepa,Axitinib,MCF7,1
Thiotepa,Axitinib,NCI-H460,0
Thiotepa,Axitinib,PC-3,0
Thiotepa,Axitinib,RPMI-8226,0
Thiotepa,Axitinib,SK-MEL-2,0
Thiotepa,Axitinib,T-47D,0
Thiotepa,Axitinib,UO-31,0
Thiotepa,Crizotinib,HS 578T,0
Thiotepa,Crizotinib,HT29,0
Thiotepa,Crizotinib,IGROV1,0
Thiotepa,Crizotinib,LOX IMVI,0
Thiotepa,Crizotinib,MCF7,0
Thiotepa,Crizotinib,NCI-H460,0
Thiotepa,Crizotinib,PC-3,1
Thiotepa,Crizotinib,RPMI-8226,0
Thiotepa,Crizotinib,SK-MEL-2,0
Thiotepa,Crizotinib,T-47D,0
Thiotepa,Crizotinib,UO-31,0
Thiotepa,Ruxolitinib,HS 578T,0
Thiotepa,Ruxolitinib,HT29,0
Thiotepa,Ruxolitinib,IGROV1,0
Thiotepa,Ruxolitinib,LOX IMVI,0
Thiotepa,Ruxolitinib,MCF7,0
Thiotepa,Ruxolitinib,NCI-H460,0
Thiotepa,Ruxolitinib,PC-3,0
Thiotepa,Ruxolitinib,RPMI-8226,0
Thiotepa,Ruxolitinib,SK-MEL-2,0
Thiotepa,Ruxolitinib,T-47D,0
Thiotepa,Ruxolitinib,UO-31,0
Thiotepa,Vemurafenib,HS 578T,0
Thiotepa,Vemurafenib,HT29,0
Thiotepa,Vemurafenib,IGROV1,0
Thiotepa,Vemurafenib,LOX IMVI,1
Thiotepa,Vemurafenib,MCF7,0
Thiotepa,Vemurafenib,NCI-H460,0
Thiotepa,Vemurafenib,PC-3,0
Thiotepa,Vemurafenib,RPMI-8226,0
Thiotepa,Vemurafenib,SK-MEL-2,0
Thiotepa,Vemurafenib,T-47D,0
Thiotepa,Vemurafenib,UO-31,0
Thiotepa,Everolimus,HS 578T,0
Thiotepa,Everolimus,HT29,1
Thiotepa,Everolimus,IGROV1,0
Thiotepa,Everolimus,LOX IMVI,0
Thiotepa,Everolimus,MCF7,0
Thiotepa,Everolimus,NCI-H460,0
Thiotepa,Everolimus,PC-3,1
Thiotepa,Everolimus,RPMI-8226,1
Thiotepa,Everolimus,T-47D,0
Thiotepa,Everolimus,UO-31,0
Thiotepa,Dacarbazine,HS 578T,0
Thiotepa,Dacarbazine,HT29,1
Thiotepa,Dacarbazine,IGROV1,1
Thiotepa,Dacarbazine,LOX IMVI,0
Thiotepa,Dacarbazine,MCF7,0
Thiotepa,Dacarbazine,NCI-H460,0
Thiotepa,Dacarbazine,PC-3,0
Thiotepa,Dacarbazine,RPMI-8226,0
Thiotepa,Dacarbazine,SK-MEL-2,0
Thiotepa,Dacarbazine,T-47D,0
Thiotepa,Dacarbazine,UO-31,1
Thiotepa,Allopurinol,HS 578T,0
Thiotepa,Allopurinol,HT29,1
Thiotepa,Allopurinol,IGROV1,0
Thiotepa,Allopurinol,LOX IMVI,0
Thiotepa,Allopurinol,MCF7,0
Thiotepa,Allopurinol,NCI-H460,0
Thiotepa,Allopurinol,PC-3,0
Thiotepa,Allopurinol,RPMI-8226,0
Thiotepa,Allopurinol,T-47D,0
Thiotepa,Allopurinol,UO-31,0
Mitomycin C,Floxuridine,HS 578T,0
Mitomycin C,Floxuridine,HT29,0
Mitomycin C,Floxuridine,IGROV1,1
Mitomycin C,Floxuridine,LOX IMVI,1
Mitomycin C,Floxuridine,MCF7,0
Mitomycin C,Floxuridine,NCI-H460,1
Mitomycin C,Floxuridine,PC-3,1
Mitomycin C,Floxuridine,RPMI-8226,1
Mitomycin C,Floxuridine,T-47D,0
Mitomycin C,Floxuridine,UO-31,0
Mitomycin C,Azacitidine,HS 578T,1
Mitomycin C,Azacitidine,HT29,1
Mitomycin C,Azacitidine,IGROV1,0
Mitomycin C,Azacitidine,LOX IMVI,1
Mitomycin C,Azacitidine,MCF7,0
Mitomycin C,Azacitidine,NCI-H460,1
Mitomycin C,Azacitidine,PC-3,1
Mitomycin C,Azacitidine,RPMI-8226,1
Mitomycin C,Azacitidine,T-47D,0
Mitomycin C,Azacitidine,UO-31,0
Mitomycin C,Megestrol,HS 578T,0
Mitomycin C,Megestrol,HT29,0
Mitomycin C,Megestrol,IGROV1,0
Mitomycin C,Megestrol,LOX IMVI,0
Mitomycin C,Megestrol,MCF7,0
Mitomycin C,Megestrol,NCI-H460,0
Mitomycin C,Megestrol,PC-3,0
Mitomycin C,Megestrol,RPMI-8226,0
Mitomycin C,Megestrol,SK-MEL-2,0
Mitomycin C,Megestrol,T-47D,0
Mitomycin C,Megestrol,UO-31,0
Mitomycin C,Cladribine,HS 578T,0
Mitomycin C,Cladribine,HT29,0
Mitomycin C,Cladribine,IGROV1,0
Mitomycin C,Cladribine,LOX IMVI,1
Mitomycin C,Cladribine,MCF7,0
Mitomycin C,Cladribine,NCI-H460,0
Mitomycin C,Cladribine,PC-3,1
Mitomycin C,Cladribine,RPMI-8226,0
Mitomycin C,Cladribine,T-47D,0
Mitomycin C,Cladribine,UO-31,0
Mitomycin C,Paclitaxel,HT29,0
Mitomycin C,Paclitaxel,IGROV1,0
Mitomycin C,Paclitaxel,LOX IMVI,0
Mitomycin C,Paclitaxel,MCF7,0
Mitomycin C,Paclitaxel,NCI-H460,0
Mitomycin C,Paclitaxel,PC-3,0
Mitomycin C,Paclitaxel,T-47D,0
Mitomycin C,Paclitaxel,UO-31,0
Mitomycin C,Etoposide,HS 578T,1
Mitomycin C,Etoposide,HT29,1
Mitomycin C,Etoposide,IGROV1,1
Mitomycin C,Etoposide,LOX IMVI,0
Mitomycin C,Etoposide,MCF7,1
Mitomycin C,Etoposide,NCI-H460,0
Mitomycin C,Etoposide,PC-3,0
Mitomycin C,Etoposide,RPMI-8226,1
Mitomycin C,Etoposide,SK-MEL-2,0
Mitomycin C,Etoposide,T-47D,1
Mitomycin C,Etoposide,UO-31,0
Mitomycin C,Imiquimod,HS 578T,0
Mitomycin C,Imiquimod,HT29,0
Mitomycin C,Imiquimod,IGROV1,0
Mitomycin C,Imiquimod,LOX IMVI,0
Mitomycin C,Imiquimod,MCF7,0
Mitomycin C,Imiquimod,NCI-H460,0
Mitomycin C,Imiquimod,PC-3,0
Mitomycin C,Imiquimod,RPMI-8226,0
Mitomycin C,Imiquimod,SK-MEL-2,1
Mitomycin C,Imiquimod,T-47D,0
Mitomycin C,Imiquimod,UO-31,0
Mitomycin C,Exemestane,HS 578T,1
Mitomycin C,Exemestane,HT29,0
Mitomycin C,Exemestane,IGROV1,1
Mitomycin C,Exemestane,LOX IMVI,0
Mitomycin C,Exemestane,MCF7,1
Mitomycin C,Exemestane,NCI-H460,0
Mitomycin C,Exemestane,PC-3,1
Mitomycin C,Exemestane,RPMI-8226,0
Mitomycin C,Exemestane,SK-MEL-2,0
Mitomycin C,Exemestane,T-47D,0
Mitomycin C,Exemestane,UO-31,1
Mitomycin C,Dexrazoxane,HS 578T,1
Mitomycin C,Dexrazoxane,HT29,1
Mitomycin C,Dexrazoxane,IGROV1,1
Mitomycin C,Dexrazoxane,LOX IMVI,0
Mitomycin C,Dexrazoxane,MCF7,1
Mitomycin C,Dexrazoxane,NCI-H460,0
Mitomycin C,Dexrazoxane,PC-3,0
Mitomycin C,Dexrazoxane,RPMI-8226,0
Mitomycin C,Dexrazoxane,SK-MEL-2,0
Mitomycin C,Dexrazoxane,T-47D,0
Mitomycin C,Dexrazoxane,UO-31,0
Mitomycin C,Fulvestrant,HS 578T,0
Mitomycin C,Fulvestrant,HT29,0
Mitomycin C,Fulvestrant,IGROV1,0
Mitomycin C,Fulvestrant,LOX IMVI,0
Mitomycin C,Fulvestrant,MCF7,1
Mitomycin C,Fulvestrant,NCI-H460,0
Mitomycin C,Fulvestrant,PC-3,0
Mitomycin C,Fulvestrant,RPMI-8226,0
Mitomycin C,Fulvestrant,T-47D,0
Mitomycin C,Fulvestrant,UO-31,0
Mitomycin C,Clofarabine,HS 578T,1
Mitomycin C,Clofarabine,HT29,0
Mitomycin C,Clofarabine,IGROV1,0
Mitomycin C,Clofarabine,LOX IMVI,0
Mitomycin C,Clofarabine,MCF7,0
Mitomycin C,Clofarabine,NCI-H460,0
Mitomycin C,Clofarabine,PC-3,0
Mitomycin C,Clofarabine,RPMI-8226,0
Mitomycin C,Clofarabine,T-47D,0
Mitomycin C,Clofarabine,UO-31,0
Mitomycin C,Gefitinib,HS 578T,1
Mitomycin C,Gefitinib,HT29,1
Mitomycin C,Gefitinib,IGROV1,1
Mitomycin C,Gefitinib,LOX IMVI,0
Mitomycin C,Gefitinib,MCF7,1
Mitomycin C,Gefitinib,NCI-H460,0
Mitomycin C,Gefitinib,PC-3,1
Mitomycin C,Gefitinib,RPMI-8226,1
Mitomycin C,Gefitinib,SK-MEL-2,0
Mitomycin C,Gefitinib,T-47D,0
Mitomycin C,Gefitinib,UO-31,1
Mitomycin C,Methotrexate,HT29,0
Mitomycin C,Methotrexate,IGROV1,0
Mitomycin C,Methotrexate,LOX IMVI,0
Mitomycin C,Methotrexate,MCF7,0
Mitomycin C,Methotrexate,NCI-H460,0
Mitomycin C,Methotrexate,PC-3,0
Mitomycin C,Methotrexate,RPMI-8226,0
Mitomycin C,Methotrexate,T-47D,0
Mitomycin C,Methotrexate,UO-31,0
Mitomycin C,Abiraterone,HS 578T,0
Mitomycin C,Abiraterone,HT29,0
Mitomycin C,Abiraterone,IGROV1,0
Mitomycin C,Abiraterone,LOX IMVI,0
Mitomycin C,Abiraterone,MCF7,0
Mitomycin C,Abiraterone,NCI-H460,0
Mitomycin C,Abiraterone,PC-3,0
Mitomycin C,Abiraterone,RPMI-8226,0
Mitomycin C,Abiraterone,SK-MEL-2,0
Mitomycin C,Abiraterone,T-47D,0
Mitomycin C,Abiraterone,UO-31,1
Mitomycin C,Docetaxel,HS 578T,0
Mitomycin C,Docetaxel,HT29,0
Mitomycin C,Docetaxel,IGROV1,0
Mitomycin C,Docetaxel,LOX IMVI,0
Mitomycin C,Docetaxel,MCF7,0
Mitomycin C,Docetaxel,NCI-H460,0
Mitomycin C,Docetaxel,PC-3,0
Mitomycin C,Docetaxel,RPMI-8226,0
Mitomycin C,Docetaxel,T-47D,0
Mitomycin C,Docetaxel,UO-31,0
Mitomycin C,Erlotinib,HS 578T,0
Mitomycin C,Erlotinib,HT29,0
Mitomycin C,Erlotinib,IGROV1,0
Mitomycin C,Erlotinib,LOX IMVI,0
Mitomycin C,Erlotinib,MCF7,0
Mitomycin C,Erlotinib,NCI-H460,0
Mitomycin C,Erlotinib,PC-3,0
Mitomycin C,Erlotinib,RPMI-8226,0
Mitomycin C,Erlotinib,SK-MEL-2,0
Mitomycin C,Erlotinib,T-47D,0
Mitomycin C,Erlotinib,UO-31,1
Mitomycin C,Lapatinib,HS 578T,0
Mitomycin C,Lapatinib,HT29,0
Mitomycin C,Lapatinib,IGROV1,0
Mitomycin C,Lapatinib,LOX IMVI,0
Mitomycin C,Lapatinib,MCF7,0
Mitomycin C,Lapatinib,NCI-H460,0
Mitomycin C,Lapatinib,PC-3,0
Mitomycin C,Lapatinib,RPMI-8226,1
Mitomycin C,Lapatinib,T-47D,0
Mitomycin C,Lapatinib,UO-31,0
Mitomycin C,Sorafenib,HS 578T,0
Mitomycin C,Sorafenib,HT29,0
Mitomycin C,Sorafenib,IGROV1,0
Mitomycin C,Sorafenib,LOX IMVI,0
Mitomycin C,Sorafenib,MCF7,0
Mitomycin C,Sorafenib,NCI-H460,0
Mitomycin C,Sorafenib,PC-3,0
Mitomycin C,Sorafenib,RPMI-8226,0
Mitomycin C,Sorafenib,T-47D,0
Mitomycin C,Sorafenib,UO-31,0
Mitomycin C,Lenalidomide,HS 578T,1
Mitomycin C,Lenalidomide,HT29,0
Mitomycin C,Lenalidomide,IGROV1,1
Mitomycin C,Lenalidomide,LOX IMVI,0
Mitomycin C,Lenalidomide,MCF7,0
Mitomycin C,Lenalidomide,NCI-H460,0
Mitomycin C,Lenalidomide,PC-3,0
Mitomycin C,Lenalidomide,RPMI-8226,1
Mitomycin C,Lenalidomide,SK-MEL-2,0
Mitomycin C,Lenalidomide,T-47D,0
Mitomycin C,Lenalidomide,UO-31,0
Mitomycin C,Capecitabine,HS 578T,0
Mitomycin C,Capecitabine,HT29,0
Mitomycin C,Capecitabine,IGROV1,0
Mitomycin C,Capecitabine,LOX IMVI,0
Mitomycin C,Capecitabine,MCF7,0
Mitomycin C,Capecitabine,NCI-H460,0
Mitomycin C,Capecitabine,PC-3,0
Mitomycin C,Capecitabine,RPMI-8226,1
Mitomycin C,Capecitabine,T-47D,0
Mitomycin C,Capecitabine,UO-31,0
Mitomycin C,Tretinoin,HS 578T,1
Mitomycin C,Tretinoin,HT29,0
Mitomycin C,Tretinoin,IGROV1,0
Mitomycin C,Tretinoin,LOX IMVI,0
Mitomycin C,Tretinoin,MCF7,1
Mitomycin C,Tretinoin,NCI-H460,0
Mitomycin C,Tretinoin,PC-3,0
Mitomycin C,Tretinoin,RPMI-8226,0
Mitomycin C,Tretinoin,T-47D,0
Mitomycin C,Tretinoin,UO-31,0
Mitomycin C,Decitabine,HS 578T,0
Mitomycin C,Decitabine,HT29,0
Mitomycin C,Decitabine,IGROV1,0
Mitomycin C,Decitabine,LOX IMVI,0
Mitomycin C,Decitabine,MCF7,0
Mitomycin C,Decitabine,NCI-H460,0
Mitomycin C,Decitabine,PC-3,1
Mitomycin C,Decitabine,RPMI-8226,0
Mitomycin C,Decitabine,SK-MEL-2,0
Mitomycin C,Decitabine,T-47D,0
Mitomycin C,Decitabine,UO-31,0
Mitomycin C,Teniposide,HS 578T,1
Mitomycin C,Teniposide,HT29,1
Mitomycin C,Teniposide,IGROV1,1
Mitomycin C,Teniposide,LOX IMVI,1
Mitomycin C,Teniposide,MCF7,1
Mitomycin C,Teniposide,NCI-H460,0
Mitomycin C,Teniposide,PC-3,1
Mitomycin C,Teniposide,RPMI-8226,1
Mitomycin C,Teniposide,SK-MEL-2,0
Mitomycin C,Teniposide,T-47D,1
Mitomycin C,Teniposide,UO-31,0
Mitomycin C,Dactinomycin,HS 578T,1
Mitomycin C,Dactinomycin,HT29,0
Mitomycin C,Dactinomycin,IGROV1,0
Mitomycin C,Dactinomycin,LOX IMVI,0
Mitomycin C,Dactinomycin,MCF7,0
Mitomycin C,Dactinomycin,NCI-H460,0
Mitomycin C,Dactinomycin,PC-3,0
Mitomycin C,Dactinomycin,RPMI-8226,0
Mitomycin C,Dactinomycin,T-47D,0
Mitomycin C,Dactinomycin,UO-31,0
Mitomycin C,Nilotinib,HS 578T,1
Mitomycin C,Nilotinib,HT29,0
Mitomycin C,Nilotinib,IGROV1,0
Mitomycin C,Nilotinib,LOX IMVI,0
Mitomycin C,Nilotinib,MCF7,0
Mitomycin C,Nilotinib,NCI-H460,0
Mitomycin C,Nilotinib,PC-3,0
Mitomycin C,Nilotinib,RPMI-8226,0
Mitomycin C,Nilotinib,T-47D,0
Mitomycin C,Nilotinib,UO-31,0
Mitomycin C,2-fluoroAraA (fludarabine),HS 578T,1
Mitomycin C,2-fluoroAraA (fludarabine),HT29,0
Mitomycin C,2-fluoroAraA (fludarabine),IGROV1,0
Mitomycin C,2-fluoroAraA (fludarabine),LOX IMVI,0
Mitomycin C,2-fluoroAraA (fludarabine),MCF7,0
Mitomycin C,2-fluoroAraA (fludarabine),NCI-H460,0
Mitomycin C,2-fluoroAraA (fludarabine),PC-3,0
Mitomycin C,2-fluoroAraA (fludarabine),RPMI-8226,0
Mitomycin C,2-fluoroAraA (fludarabine),T-47D,0
Mitomycin C,2-fluoroAraA (fludarabine),UO-31,0
Mitomycin C,Mercaptopurine,HS 578T,0
Mitomycin C,Mercaptopurine,HT29,0
Mitomycin C,Mercaptopurine,IGROV1,0
Mitomycin C,Mercaptopurine,LOX IMVI,0
Mitomycin C,Mercaptopurine,MCF7,0
Mitomycin C,Mercaptopurine,NCI-H460,0
Mitomycin C,Mercaptopurine,PC-3,0
Mitomycin C,Mercaptopurine,RPMI-8226,0
Mitomycin C,Mercaptopurine,T-47D,0
Mitomycin C,Mercaptopurine,UO-31,0
Mitomycin C,Dasatinib,HS 578T,1
Mitomycin C,Dasatinib,HT29,0
Mitomycin C,Dasatinib,IGROV1,0
Mitomycin C,Dasatinib,LOX IMVI,0
Mitomycin C,Dasatinib,MCF7,0
Mitomycin C,Dasatinib,NCI-H460,0
Mitomycin C,Dasatinib,PC-3,1
Mitomycin C,Dasatinib,RPMI-8226,1
Mitomycin C,Dasatinib,T-47D,0
Mitomycin C,Dasatinib,UO-31,0
Mitomycin C,Sirolimus (rapamycin),HS 578T,0
Mitomycin C,Sirolimus (rapamycin),HT29,0
Mitomycin C,Sirolimus (rapamycin),IGROV1,1
Mitomycin C,Sirolimus (rapamycin),LOX IMVI,0
Mitomycin C,Sirolimus (rapamycin),MCF7,1
Mitomycin C,Sirolimus (rapamycin),NCI-H460,0
Mitomycin C,Sirolimus (rapamycin),PC-3,1
Mitomycin C,Sirolimus (rapamycin),RPMI-8226,0
Mitomycin C,Sirolimus (rapamycin),T-47D,1
Mitomycin C,Sirolimus (rapamycin),UO-31,1
Mitomycin C,Sunitinib,HS 578T,1
Mitomycin C,Sunitinib,HT29,0
Mitomycin C,Sunitinib,IGROV1,0
Mitomycin C,Sunitinib,LOX IMVI,0
Mitomycin C,Sunitinib,MCF7,0
Mitomycin C,Sunitinib,NCI-H460,0
Mitomycin C,Sunitinib,PC-3,0
Mitomycin C,Sunitinib,RPMI-8226,0
Mitomycin C,Sunitinib,T-47D,0
Mitomycin C,Sunitinib,UO-31,0
Mitomycin C,Axitinib,HS 578T,0
Mitomycin C,Axitinib,HT29,0
Mitomycin C,Axitinib,IGROV1,0
Mitomycin C,Axitinib,LOX IMVI,0
Mitomycin C,Axitinib,MCF7,0
Mitomycin C,Axitinib,NCI-H460,0
Mitomycin C,Axitinib,PC-3,0
Mitomycin C,Axitinib,RPMI-8226,0
Mitomycin C,Axitinib,SK-MEL-2,0
Mitomycin C,Axitinib,T-47D,0
Mitomycin C,Axitinib,UO-31,0
Mitomycin C,Crizotinib,HS 578T,0
Mitomycin C,Crizotinib,HT29,0
Mitomycin C,Crizotinib,IGROV1,0
Mitomycin C,Crizotinib,LOX IMVI,0
Mitomycin C,Crizotinib,MCF7,1
Mitomycin C,Crizotinib,NCI-H460,0
Mitomycin C,Crizotinib,PC-3,0
Mitomycin C,Crizotinib,RPMI-8226,0
Mitomycin C,Crizotinib,SK-MEL-2,0
Mitomycin C,Crizotinib,T-47D,0
Mitomycin C,Crizotinib,UO-31,1
Mitomycin C,Ruxolitinib,HS 578T,0
Mitomycin C,Ruxolitinib,HT29,0
Mitomycin C,Ruxolitinib,IGROV1,0
Mitomycin C,Ruxolitinib,LOX IMVI,0
Mitomycin C,Ruxolitinib,MCF7,0
Mitomycin C,Ruxolitinib,NCI-H460,0
Mitomycin C,Ruxolitinib,PC-3,0
Mitomycin C,Ruxolitinib,RPMI-8226,0
Mitomycin C,Ruxolitinib,SK-MEL-2,0
Mitomycin C,Ruxolitinib,T-47D,0
Mitomycin C,Ruxolitinib,UO-31,1
Mitomycin C,Vemurafenib,HS 578T,0
Mitomycin C,Vemurafenib,HT29,1
Mitomycin C,Vemurafenib,IGROV1,0
Mitomycin C,Vemurafenib,LOX IMVI,1
Mitomycin C,Vemurafenib,MCF7,0
Mitomycin C,Vemurafenib,NCI-H460,0
Mitomycin C,Vemurafenib,PC-3,0
Mitomycin C,Vemurafenib,RPMI-8226,0
Mitomycin C,Vemurafenib,SK-MEL-2,0
Mitomycin C,Vemurafenib,T-47D,0
Mitomycin C,Vemurafenib,UO-31,1
Mitomycin C,Everolimus,HS 578T,0
Mitomycin C,Everolimus,HT29,1
Mitomycin C,Everolimus,IGROV1,1
Mitomycin C,Everolimus,LOX IMVI,0
Mitomycin C,Everolimus,MCF7,0
Mitomycin C,Everolimus,NCI-H460,0
Mitomycin C,Everolimus,PC-3,1
Mitomycin C,Everolimus,RPMI-8226,0
Mitomycin C,Everolimus,T-47D,0
Mitomycin C,Everolimus,UO-31,0
Mitomycin C,Dacarbazine,HS 578T,1
Mitomycin C,Dacarbazine,HT29,0
Mitomycin C,Dacarbazine,IGROV1,1
Mitomycin C,Dacarbazine,LOX IMVI,0
Mitomycin C,Dacarbazine,MCF7,0
Mitomycin C,Dacarbazine,NCI-H460,0
Mitomycin C,Dacarbazine,PC-3,0
Mitomycin C,Dacarbazine,RPMI-8226,0
Mitomycin C,Dacarbazine,SK-MEL-2,0
Mitomycin C,Dacarbazine,T-47D,0
Mitomycin C,Dacarbazine,UO-31,0
Mitomycin C,Allopurinol,HS 578T,0
Mitomycin C,Allopurinol,HT29,0
Mitomycin C,Allopurinol,IGROV1,0
Mitomycin C,Allopurinol,LOX IMVI,0
Mitomycin C,Allopurinol,MCF7,0
Mitomycin C,Allopurinol,NCI-H460,0
Mitomycin C,Allopurinol,PC-3,0
Mitomycin C,Allopurinol,RPMI-8226,0
Mitomycin C,Allopurinol,T-47D,0
Mitomycin C,Allopurinol,UO-31,0
Floxuridine,Azacitidine,HS 578T,0
Floxuridine,Azacitidine,HT29,0
Floxuridine,Azacitidine,IGROV1,1
Floxuridine,Azacitidine,LOX IMVI,1
Floxuridine,Azacitidine,MCF7,1
Floxuridine,Azacitidine,NCI-H460,1
Floxuridine,Azacitidine,PC-3,1
Floxuridine,Azacitidine,RPMI-8226,0
Floxuridine,Azacitidine,T-47D,1
Floxuridine,Azacitidine,UO-31,0
Floxuridine,Megestrol,HS 578T,0
Floxuridine,Megestrol,HT29,0
Floxuridine,Megestrol,IGROV1,0
Floxuridine,Megestrol,LOX IMVI,0
Floxuridine,Megestrol,MCF7,0
Floxuridine,Megestrol,NCI-H460,0
Floxuridine,Megestrol,PC-3,0
Floxuridine,Megestrol,RPMI-8226,0
Floxuridine,Megestrol,SK-MEL-2,0
Floxuridine,Megestrol,T-47D,1
Floxuridine,Megestrol,UO-31,0
Floxuridine,Cladribine,HT29,0
Floxuridine,Cladribine,IGROV1,1
Floxuridine,Cladribine,LOX IMVI,0
Floxuridine,Cladribine,MCF7,0
Floxuridine,Cladribine,NCI-H460,0
Floxuridine,Cladribine,PC-3,0
Floxuridine,Cladribine,RPMI-8226,0
Floxuridine,Cladribine,T-47D,0
Floxuridine,Cladribine,UO-31,0
Floxuridine,Paclitaxel,HS 578T,0
Floxuridine,Paclitaxel,HT29,1
Floxuridine,Paclitaxel,IGROV1,1
Floxuridine,Paclitaxel,LOX IMVI,0
Floxuridine,Paclitaxel,MCF7,0
Floxuridine,Paclitaxel,NCI-H460,0
Floxuridine,Paclitaxel,PC-3,0
Floxuridine,Paclitaxel,T-47D,0
Floxuridine,Paclitaxel,UO-31,0
Floxuridine,Etoposide,HS 578T,1
Floxuridine,Etoposide,HT29,0
Floxuridine,Etoposide,IGROV1,0
Floxuridine,Etoposide,LOX IMVI,0
Floxuridine,Etoposide,MCF7,1
Floxuridine,Etoposide,NCI-H460,0
Floxuridine,Etoposide,PC-3,1
Floxuridine,Etoposide,RPMI-8226,0
Floxuridine,Etoposide,SK-MEL-2,0
Floxuridine,Etoposide,T-47D,1
Floxuridine,Etoposide,UO-31,0
Floxuridine,Imiquimod,HS 578T,0
Floxuridine,Imiquimod,HT29,0
Floxuridine,Imiquimod,IGROV1,0
Floxuridine,Imiquimod,LOX IMVI,0
Floxuridine,Imiquimod,MCF7,0
Floxuridine,Imiquimod,NCI-H460,0
Floxuridine,Imiquimod,PC-3,0
Floxuridine,Imiquimod,RPMI-8226,0
Floxuridine,Imiquimod,T-47D,1
Floxuridine,Imiquimod,UO-31,0
Floxuridine,Exemestane,HS 578T,1
Floxuridine,Exemestane,HT29,1
Floxuridine,Exemestane,IGROV1,0
Floxuridine,Exemestane,LOX IMVI,0
Floxuridine,Exemestane,MCF7,1
Floxuridine,Exemestane,NCI-H460,0
Floxuridine,Exemestane,PC-3,1
Floxuridine,Exemestane,RPMI-8226,1
Floxuridine,Exemestane,SK-MEL-2,0
Floxuridine,Exemestane,T-47D,1
Floxuridine,Exemestane,UO-31,1
Floxuridine,Dexrazoxane,HS 578T,1
Floxuridine,Dexrazoxane,HT29,1
Floxuridine,Dexrazoxane,IGROV1,0
Floxuridine,Dexrazoxane,LOX IMVI,0
Floxuridine,Dexrazoxane,MCF7,1
Floxuridine,Dexrazoxane,NCI-H460,0
Floxuridine,Dexrazoxane,PC-3,1
Floxuridine,Dexrazoxane,RPMI-8226,1
Floxuridine,Dexrazoxane,SK-MEL-2,1
Floxuridine,Dexrazoxane,T-47D,0
Floxuridine,Dexrazoxane,UO-31,0
Floxuridine,Fulvestrant,HS 578T,0
Floxuridine,Fulvestrant,HT29,0
Floxuridine,Fulvestrant,IGROV1,0
Floxuridine,Fulvestrant,LOX IMVI,0
Floxuridine,Fulvestrant,MCF7,0
Floxuridine,Fulvestrant,NCI-H460,0
Floxuridine,Fulvestrant,PC-3,1
Floxuridine,Fulvestrant,RPMI-8226,0
Floxuridine,Fulvestrant,T-47D,0
Floxuridine,Fulvestrant,UO-31,0
Floxuridine,Clofarabine,HT29,1
Floxuridine,Clofarabine,IGROV1,0
Floxuridine,Clofarabine,LOX IMVI,0
Floxuridine,Clofarabine,MCF7,0
Floxuridine,Clofarabine,NCI-H460,0
Floxuridine,Clofarabine,PC-3,0
Floxuridine,Clofarabine,RPMI-8226,0
Floxuridine,Clofarabine,T-47D,0
Floxuridine,Clofarabine,UO-31,0
Floxuridine,Gefitinib,HS 578T,1
Floxuridine,Gefitinib,HT29,1
Floxuridine,Gefitinib,IGROV1,1
Floxuridine,Gefitinib,LOX IMVI,0
Floxuridine,Gefitinib,MCF7,1
Floxuridine,Gefitinib,NCI-H460,1
Floxuridine,Gefitinib,PC-3,1
Floxuridine,Gefitinib,RPMI-8226,1
Floxuridine,Gefitinib,SK-MEL-2,1
Floxuridine,Gefitinib,T-47D,1
Floxuridine,Gefitinib,UO-31,0
Floxuridine,Methotrexate,HS 578T,0
Floxuridine,Methotrexate,HT29,0
Floxuridine,Methotrexate,IGROV1,0
Floxuridine,Methotrexate,LOX IMVI,0
Floxuridine,Methotrexate,MCF7,0
Floxuridine,Methotrexate,NCI-H460,0
Floxuridine,Methotrexate,PC-3,0
Floxuridine,Methotrexate,RPMI-8226,0
Floxuridine,Methotrexate,T-47D,0
Floxuridine,Methotrexate,UO-31,0
Floxuridine,Abiraterone,HS 578T,0
Floxuridine,Abiraterone,HT29,0
Floxuridine,Abiraterone,IGROV1,0
Floxuridine,Abiraterone,LOX IMVI,1
Floxuridine,Abiraterone,MCF7,0
Floxuridine,Abiraterone,NCI-H460,0
Floxuridine,Abiraterone,PC-3,0
Floxuridine,Abiraterone,RPMI-8226,0
Floxuridine,Abiraterone,SK-MEL-2,0
Floxuridine,Abiraterone,T-47D,0
Floxuridine,Abiraterone,UO-31,0
Floxuridine,Docetaxel,HS 578T,0
Floxuridine,Docetaxel,HT29,0
Floxuridine,Docetaxel,IGROV1,0
Floxuridine,Docetaxel,LOX IMVI,0
Floxuridine,Docetaxel,MCF7,0
Floxuridine,Docetaxel,NCI-H460,0
Floxuridine,Docetaxel,PC-3,0
Floxuridine,Docetaxel,RPMI-8226,0
Floxuridine,Docetaxel,T-47D,0
Floxuridine,Docetaxel,UO-31,0
Floxuridine,Erlotinib,HS 578T,0
Floxuridine,Erlotinib,HT29,0
Floxuridine,Erlotinib,IGROV1,0
Floxuridine,Erlotinib,LOX IMVI,0
Floxuridine,Erlotinib,MCF7,0
Floxuridine,Erlotinib,NCI-H460,0
Floxuridine,Erlotinib,PC-3,0
Floxuridine,Erlotinib,RPMI-8226,0
Floxuridine,Erlotinib,T-47D,0
Floxuridine,Erlotinib,UO-31,0
Floxuridine,Lapatinib,HS 578T,0
Floxuridine,Lapatinib,HT29,0
Floxuridine,Lapatinib,IGROV1,0
Floxuridine,Lapatinib,LOX IMVI,0
Floxuridine,Lapatinib,MCF7,1
Floxuridine,Lapatinib,NCI-H460,0
Floxuridine,Lapatinib,PC-3,0
Floxuridine,Lapatinib,RPMI-8226,0
Floxuridine,Lapatinib,T-47D,0
Floxuridine,Lapatinib,UO-31,0
Floxuridine,Sorafenib,HS 578T,0
Floxuridine,Sorafenib,HT29,0
Floxuridine,Sorafenib,IGROV1,0
Floxuridine,Sorafenib,LOX IMVI,0
Floxuridine,Sorafenib,MCF7,0
Floxuridine,Sorafenib,NCI-H460,0
Floxuridine,Sorafenib,PC-3,0
Floxuridine,Sorafenib,RPMI-8226,0
Floxuridine,Sorafenib,SK-MEL-2,0
Floxuridine,Sorafenib,T-47D,1
Floxuridine,Sorafenib,UO-31,0
Floxuridine,Lenalidomide,HS 578T,0
Floxuridine,Lenalidomide,HT29,0
Floxuridine,Lenalidomide,IGROV1,0
Floxuridine,Lenalidomide,LOX IMVI,0
Floxuridine,Lenalidomide,MCF7,0
Floxuridine,Lenalidomide,NCI-H460,0
Floxuridine,Lenalidomide,PC-3,0
Floxuridine,Lenalidomide,RPMI-8226,1
Floxuridine,Lenalidomide,SK-MEL-2,0
Floxuridine,Lenalidomide,T-47D,0
Floxuridine,Lenalidomide,UO-31,0
Floxuridine,Capecitabine,HS 578T,0
Floxuridine,Capecitabine,HT29,1
Floxuridine,Capecitabine,IGROV1,0
Floxuridine,Capecitabine,LOX IMVI,0
Floxuridine,Capecitabine,MCF7,0
Floxuridine,Capecitabine,NCI-H460,0
Floxuridine,Capecitabine,PC-3,0
Floxuridine,Capecitabine,RPMI-8226,0
Floxuridine,Capecitabine,T-47D,0
Floxuridine,Capecitabine,UO-31,0
Floxuridine,Tretinoin,HS 578T,0
Floxuridine,Tretinoin,HT29,0
Floxuridine,Tretinoin,IGROV1,0
Floxuridine,Tretinoin,LOX IMVI,0
Floxuridine,Tretinoin,MCF7,1
Floxuridine,Tretinoin,NCI-H460,0
Floxuridine,Tretinoin,PC-3,0
Floxuridine,Tretinoin,RPMI-8226,1
Floxuridine,Tretinoin,T-47D,0
Floxuridine,Tretinoin,UO-31,0
Floxuridine,Decitabine,HS 578T,0
Floxuridine,Decitabine,HT29,0
Floxuridine,Decitabine,IGROV1,0
Floxuridine,Decitabine,LOX IMVI,0
Floxuridine,Decitabine,MCF7,0
Floxuridine,Decitabine,NCI-H460,1
Floxuridine,Decitabine,PC-3,0
Floxuridine,Decitabine,RPMI-8226,1
Floxuridine,Decitabine,T-47D,1
Floxuridine,Decitabine,UO-31,0
Floxuridine,Teniposide,HS 578T,1
Floxuridine,Teniposide,HT29,1
Floxuridine,Teniposide,IGROV1,0
Floxuridine,Teniposide,LOX IMVI,1
Floxuridine,Teniposide,MCF7,1
Floxuridine,Teniposide,NCI-H460,0
Floxuridine,Teniposide,PC-3,1
Floxuridine,Teniposide,RPMI-8226,0
Floxuridine,Teniposide,SK-MEL-2,0
Floxuridine,Teniposide,T-47D,1
Floxuridine,Teniposide,UO-31,0
Floxuridine,Dactinomycin,HS 578T,0
Floxuridine,Dactinomycin,HT29,0
Floxuridine,Dactinomycin,IGROV1,0
Floxuridine,Dactinomycin,LOX IMVI,0
Floxuridine,Dactinomycin,MCF7,0
Floxuridine,Dactinomycin,NCI-H460,0
Floxuridine,Dactinomycin,PC-3,0
Floxuridine,Dactinomycin,RPMI-8226,1
Floxuridine,Dactinomycin,T-47D,0
Floxuridine,Dactinomycin,UO-31,0
Floxuridine,Nilotinib,HS 578T,0
Floxuridine,Nilotinib,HT29,1
Floxuridine,Nilotinib,IGROV1,0
Floxuridine,Nilotinib,LOX IMVI,0
Floxuridine,Nilotinib,MCF7,0
Floxuridine,Nilotinib,NCI-H460,0
Floxuridine,Nilotinib,PC-3,0
Floxuridine,Nilotinib,RPMI-8226,0
Floxuridine,Nilotinib,T-47D,0
Floxuridine,Nilotinib,UO-31,0
Floxuridine,2-fluoroAraA (fludarabine),HS 578T,0
Floxuridine,2-fluoroAraA (fludarabine),HT29,0
Floxuridine,2-fluoroAraA (fludarabine),LOX IMVI,0
Floxuridine,2-fluoroAraA (fludarabine),MCF7,0
Floxuridine,2-fluoroAraA (fludarabine),NCI-H460,0
Floxuridine,2-fluoroAraA (fludarabine),PC-3,0
Floxuridine,2-fluoroAraA (fludarabine),RPMI-8226,0
Floxuridine,2-fluoroAraA (fludarabine),T-47D,0
Floxuridine,2-fluoroAraA (fludarabine),UO-31,0
Floxuridine,Mercaptopurine,HS 578T,1
Floxuridine,Mercaptopurine,HT29,0
Floxuridine,Mercaptopurine,IGROV1,1
Floxuridine,Mercaptopurine,LOX IMVI,0
Floxuridine,Mercaptopurine,MCF7,0
Floxuridine,Mercaptopurine,NCI-H460,0
Floxuridine,Mercaptopurine,PC-3,1
Floxuridine,Mercaptopurine,RPMI-8226,1
Floxuridine,Mercaptopurine,SK-MEL-2,1
Floxuridine,Mercaptopurine,T-47D,0
Floxuridine,Dasatinib,HS 578T,1
Floxuridine,Dasatinib,HT29,1
Floxuridine,Dasatinib,IGROV1,0
Floxuridine,Dasatinib,LOX IMVI,0
Floxuridine,Dasatinib,MCF7,0
Floxuridine,Dasatinib,NCI-H460,0
Floxuridine,Dasatinib,PC-3,0
Floxuridine,Dasatinib,RPMI-8226,0
Floxuridine,Dasatinib,T-47D,0
Floxuridine,Dasatinib,UO-31,0
Floxuridine,Sirolimus (rapamycin),HS 578T,0
Floxuridine,Sirolimus (rapamycin),HT29,0
Floxuridine,Sirolimus (rapamycin),IGROV1,0
Floxuridine,Sirolimus (rapamycin),LOX IMVI,0
Floxuridine,Sirolimus (rapamycin),MCF7,0
Floxuridine,Sirolimus (rapamycin),NCI-H460,0
Floxuridine,Sirolimus (rapamycin),PC-3,1
Floxuridine,Sirolimus (rapamycin),RPMI-8226,0
Floxuridine,Sirolimus (rapamycin),T-47D,0
Floxuridine,Sirolimus (rapamycin),UO-31,0
Floxuridine,Sunitinib,HS 578T,0
Floxuridine,Sunitinib,HT29,0
Floxuridine,Sunitinib,IGROV1,0
Floxuridine,Sunitinib,LOX IMVI,0
Floxuridine,Sunitinib,MCF7,0
Floxuridine,Sunitinib,NCI-H460,0
Floxuridine,Sunitinib,PC-3,0
Floxuridine,Sunitinib,RPMI-8226,0
Floxuridine,Sunitinib,T-47D,1
Floxuridine,Sunitinib,UO-31,0
Floxuridine,Axitinib,HS 578T,0
Floxuridine,Axitinib,HT29,0
Floxuridine,Axitinib,IGROV1,0
Floxuridine,Axitinib,LOX IMVI,0
Floxuridine,Axitinib,MCF7,0
Floxuridine,Axitinib,NCI-H460,0
Floxuridine,Axitinib,PC-3,0
Floxuridine,Axitinib,RPMI-8226,0
Floxuridine,Axitinib,SK-MEL-2,1
Floxuridine,Axitinib,T-47D,1
Floxuridine,Axitinib,UO-31,0
Floxuridine,Crizotinib,HS 578T,0
Floxuridine,Crizotinib,HT29,0
Floxuridine,Crizotinib,IGROV1,0
Floxuridine,Crizotinib,LOX IMVI,0
Floxuridine,Crizotinib,MCF7,1
Floxuridine,Crizotinib,NCI-H460,0
Floxuridine,Crizotinib,PC-3,1
Floxuridine,Crizotinib,RPMI-8226,1
Floxuridine,Crizotinib,SK-MEL-2,0
Floxuridine,Crizotinib,T-47D,0
Floxuridine,Crizotinib,UO-31,0
Floxuridine,Ruxolitinib,HS 578T,0
Floxuridine,Ruxolitinib,HT29,0
Floxuridine,Ruxolitinib,IGROV1,0
Floxuridine,Ruxolitinib,LOX IMVI,0
Floxuridine,Ruxolitinib,MCF7,0
Floxuridine,Ruxolitinib,NCI-H460,0
Floxuridine,Ruxolitinib,PC-3,0
Floxuridine,Ruxolitinib,RPMI-8226,0
Floxuridine,Ruxolitinib,SK-MEL-2,0
Floxuridine,Ruxolitinib,T-47D,1
Floxuridine,Ruxolitinib,UO-31,0
Floxuridine,Vemurafenib,HS 578T,0
Floxuridine,Vemurafenib,HT29,0
Floxuridine,Vemurafenib,IGROV1,0
Floxuridine,Vemurafenib,LOX IMVI,1
Floxuridine,Vemurafenib,MCF7,0
Floxuridine,Vemurafenib,NCI-H460,0
Floxuridine,Vemurafenib,PC-3,0
Floxuridine,Vemurafenib,RPMI-8226,0
Floxuridine,Vemurafenib,SK-MEL-2,1
Floxuridine,Vemurafenib,T-47D,1
Floxuridine,Vemurafenib,UO-31,0
Floxuridine,Everolimus,HS 578T,0
Floxuridine,Everolimus,HT29,0
Floxuridine,Everolimus,IGROV1,0
Floxuridine,Everolimus,LOX IMVI,0
Floxuridine,Everolimus,MCF7,0
Floxuridine,Everolimus,NCI-H460,0
Floxuridine,Everolimus,PC-3,0
Floxuridine,Everolimus,RPMI-8226,0
Floxuridine,Everolimus,T-47D,0
Floxuridine,Everolimus,UO-31,1
Floxuridine,Dacarbazine,HS 578T,0
Floxuridine,Dacarbazine,HT29,0
Floxuridine,Dacarbazine,IGROV1,0
Floxuridine,Dacarbazine,LOX IMVI,0
Floxuridine,Dacarbazine,MCF7,0
Floxuridine,Dacarbazine,NCI-H460,0
Floxuridine,Dacarbazine,PC-3,0
Floxuridine,Dacarbazine,RPMI-8226,1
Floxuridine,Dacarbazine,SK-MEL-2,0
Floxuridine,Dacarbazine,T-47D,0
Floxuridine,Dacarbazine,UO-31,0
Floxuridine,Allopurinol,HS 578T,0
Floxuridine,Allopurinol,HT29,0
Floxuridine,Allopurinol,IGROV1,0
Floxuridine,Allopurinol,LOX IMVI,0
Floxuridine,Allopurinol,MCF7,0
Floxuridine,Allopurinol,NCI-H460,0
Floxuridine,Allopurinol,PC-3,0
Floxuridine,Allopurinol,RPMI-8226,0
Floxuridine,Allopurinol,T-47D,0
Floxuridine,Allopurinol,UO-31,0
Azacitidine,Megestrol,HS 578T,0
Azacitidine,Megestrol,HT29,0
Azacitidine,Megestrol,IGROV1,0
Azacitidine,Megestrol,LOX IMVI,0
Azacitidine,Megestrol,MCF7,0
Azacitidine,Megestrol,NCI-H460,0
Azacitidine,Megestrol,PC-3,0
Azacitidine,Megestrol,RPMI-8226,0
Azacitidine,Megestrol,SK-MEL-2,0
Azacitidine,Megestrol,T-47D,0
Azacitidine,Megestrol,UO-31,1
Azacitidine,Cladribine,HS 578T,1
Azacitidine,Cladribine,HT29,1
Azacitidine,Cladribine,IGROV1,1
Azacitidine,Cladribine,LOX IMVI,0
Azacitidine,Cladribine,MCF7,0
Azacitidine,Cladribine,NCI-H460,0
Azacitidine,Cladribine,PC-3,0
Azacitidine,Cladribine,RPMI-8226,0
Azacitidine,Cladribine,T-47D,1
Azacitidine,Cladribine,UO-31,0
Azacitidine,Paclitaxel,HS 578T,0
Azacitidine,Paclitaxel,HT29,0
Azacitidine,Paclitaxel,IGROV1,0
Azacitidine,Paclitaxel,LOX IMVI,0
Azacitidine,Paclitaxel,MCF7,0
Azacitidine,Paclitaxel,NCI-H460,0
Azacitidine,Paclitaxel,PC-3,0
Azacitidine,Paclitaxel,RPMI-8226,0
Azacitidine,Paclitaxel,T-47D,1
Azacitidine,Paclitaxel,UO-31,0
Azacitidine,Etoposide,HS 578T,0
Azacitidine,Etoposide,HT29,1
Azacitidine,Etoposide,IGROV1,0
Azacitidine,Etoposide,LOX IMVI,0
Azacitidine,Etoposide,MCF7,0
Azacitidine,Etoposide,NCI-H460,1
Azacitidine,Etoposide,PC-3,0
Azacitidine,Etoposide,RPMI-8226,1
Azacitidine,Etoposide,SK-MEL-2,1
Azacitidine,Etoposide,T-47D,0
Azacitidine,Etoposide,UO-31,1
Azacitidine,Imiquimod,HS 578T,1
Azacitidine,Imiquimod,HT29,0
Azacitidine,Imiquimod,IGROV1,0
Azacitidine,Imiquimod,LOX IMVI,0
Azacitidine,Imiquimod,MCF7,0
Azacitidine,Imiquimod,NCI-H460,1
Azacitidine,Imiquimod,PC-3,1
Azacitidine,Imiquimod,RPMI-8226,0
Azacitidine,Imiquimod,T-47D,0
Azacitidine,Imiquimod,UO-31,0
Azacitidine,Exemestane,HS 578T,0
Azacitidine,Exemestane,HT29,1
Azacitidine,Exemestane,IGROV1,1
Azacitidine,Exemestane,LOX IMVI,0
Azacitidine,Exemestane,MCF7,0
Azacitidine,Exemestane,NCI-H460,0
Azacitidine,Exemestane,PC-3,1
Azacitidine,Exemestane,RPMI-8226,1
Azacitidine,Exemestane,SK-MEL-2,0
Azacitidine,Exemestane,T-47D,1
Azacitidine,Exemestane,UO-31,0
Azacitidine,Dexrazoxane,HS 578T,0
Azacitidine,Dexrazoxane,HT29,1
Azacitidine,Dexrazoxane,IGROV1,1
Azacitidine,Dexrazoxane,LOX IMVI,1
Azacitidine,Dexrazoxane,MCF7,0
Azacitidine,Dexrazoxane,NCI-H460,1
Azacitidine,Dexrazoxane,PC-3,0
Azacitidine,Dexrazoxane,RPMI-8226,1
Azacitidine,Dexrazoxane,SK-MEL-2,1
Azacitidine,Dexrazoxane,T-47D,1
Azacitidine,Dexrazoxane,UO-31,1
Azacitidine,Fulvestrant,HS 578T,0
Azacitidine,Fulvestrant,HT29,1
Azacitidine,Fulvestrant,IGROV1,0
Azacitidine,Fulvestrant,LOX IMVI,0
Azacitidine,Fulvestrant,MCF7,0
Azacitidine,Fulvestrant,NCI-H460,0
Azacitidine,Fulvestrant,PC-3,0
Azacitidine,Fulvestrant,RPMI-8226,0
Azacitidine,Fulvestrant,T-47D,0
Azacitidine,Fulvestrant,UO-31,0
Azacitidine,Clofarabine,HS 578T,1
Azacitidine,Clofarabine,HT29,1
Azacitidine,Clofarabine,IGROV1,1
Azacitidine,Clofarabine,LOX IMVI,1
Azacitidine,Clofarabine,MCF7,1
Azacitidine,Clofarabine,NCI-H460,0
Azacitidine,Clofarabine,PC-3,0
Azacitidine,Clofarabine,RPMI-8226,0
Azacitidine,Clofarabine,T-47D,0
Azacitidine,Clofarabine,UO-31,0
Azacitidine,Gefitinib,HS 578T,0
Azacitidine,Gefitinib,HT29,1
Azacitidine,Gefitinib,IGROV1,1
Azacitidine,Gefitinib,LOX IMVI,1
Azacitidine,Gefitinib,MCF7,1
Azacitidine,Gefitinib,NCI-H460,1
Azacitidine,Gefitinib,PC-3,1
Azacitidine,Gefitinib,RPMI-8226,1
Azacitidine,Gefitinib,SK-MEL-2,1
Azacitidine,Gefitinib,T-47D,1
Azacitidine,Gefitinib,UO-31,0
Azacitidine,Methotrexate,HS 578T,0
Azacitidine,Methotrexate,HT29,0
Azacitidine,Methotrexate,LOX IMVI,0
Azacitidine,Methotrexate,MCF7,0
Azacitidine,Methotrexate,NCI-H460,0
Azacitidine,Methotrexate,PC-3,0
Azacitidine,Methotrexate,RPMI-8226,0
Azacitidine,Methotrexate,T-47D,0
Azacitidine,Methotrexate,UO-31,0
Azacitidine,Abiraterone,HS 578T,1
Azacitidine,Abiraterone,HT29,1
Azacitidine,Abiraterone,IGROV1,1
Azacitidine,Abiraterone,LOX IMVI,1
Azacitidine,Abiraterone,MCF7,1
Azacitidine,Abiraterone,NCI-H460,0
Azacitidine,Abiraterone,PC-3,0
Azacitidine,Abiraterone,RPMI-8226,0
Azacitidine,Abiraterone,SK-MEL-2,0
Azacitidine,Abiraterone,T-47D,0
Azacitidine,Docetaxel,HS 578T,1
Azacitidine,Docetaxel,HT29,1
Azacitidine,Docetaxel,IGROV1,1
Azacitidine,Docetaxel,LOX IMVI,1
Azacitidine,Docetaxel,MCF7,1
Azacitidine,Docetaxel,NCI-H460,1
Azacitidine,Docetaxel,PC-3,0
Azacitidine,Docetaxel,RPMI-8226,0
Azacitidine,Docetaxel,T-47D,0
Azacitidine,Docetaxel,UO-31,0
Azacitidine,Erlotinib,HS 578T,0
Azacitidine,Erlotinib,HT29,0
Azacitidine,Erlotinib,IGROV1,1
Azacitidine,Erlotinib,LOX IMVI,0
Azacitidine,Erlotinib,MCF7,1
Azacitidine,Erlotinib,NCI-H460,0
Azacitidine,Erlotinib,PC-3,1
Azacitidine,Erlotinib,RPMI-8226,0
Azacitidine,Erlotinib,T-47D,0
Azacitidine,Erlotinib,UO-31,0
Azacitidine,Lapatinib,HS 578T,0
Azacitidine,Lapatinib,HT29,0
Azacitidine,Lapatinib,IGROV1,0
Azacitidine,Lapatinib,LOX IMVI,0
Azacitidine,Lapatinib,MCF7,1
Azacitidine,Lapatinib,NCI-H460,0
Azacitidine,Lapatinib,PC-3,0
Azacitidine,Lapatinib,RPMI-8226,0
Azacitidine,Lapatinib,T-47D,0
Azacitidine,Lapatinib,UO-31,0
Azacitidine,Sorafenib,HS 578T,0
Azacitidine,Sorafenib,HT29,0
Azacitidine,Sorafenib,IGROV1,0
Azacitidine,Sorafenib,LOX IMVI,0
Azacitidine,Sorafenib,MCF7,0
Azacitidine,Sorafenib,NCI-H460,0
Azacitidine,Sorafenib,PC-3,0
Azacitidine,Sorafenib,RPMI-8226,0
Azacitidine,Sorafenib,SK-MEL-2,0
Azacitidine,Sorafenib,T-47D,0
Azacitidine,Sorafenib,UO-31,0
Azacitidine,Lenalidomide,HS 578T,0
Azacitidine,Lenalidomide,HT29,0
Azacitidine,Lenalidomide,IGROV1,1
Azacitidine,Lenalidomide,LOX IMVI,1
Azacitidine,Lenalidomide,MCF7,1
Azacitidine,Lenalidomide,NCI-H460,0
Azacitidine,Lenalidomide,PC-3,0
Azacitidine,Lenalidomide,RPMI-8226,1
Azacitidine,Lenalidomide,SK-MEL-2,0
Azacitidine,Lenalidomide,T-47D,0
Azacitidine,Lenalidomide,UO-31,0
Azacitidine,Capecitabine,HS 578T,0
Azacitidine,Capecitabine,HT29,0
Azacitidine,Capecitabine,IGROV1,0
Azacitidine,Capecitabine,LOX IMVI,0
Azacitidine,Capecitabine,MCF7,0
Azacitidine,Capecitabine,NCI-H460,0
Azacitidine,Capecitabine,PC-3,0
Azacitidine,Capecitabine,RPMI-8226,0
Azacitidine,Capecitabine,T-47D,0
Azacitidine,Capecitabine,UO-31,0
Azacitidine,Tretinoin,HS 578T,1
Azacitidine,Tretinoin,HT29,1
Azacitidine,Tretinoin,IGROV1,0
Azacitidine,Tretinoin,LOX IMVI,0
Azacitidine,Tretinoin,MCF7,0
Azacitidine,Tretinoin,NCI-H460,0
Azacitidine,Tretinoin,PC-3,0
Azacitidine,Tretinoin,RPMI-8226,0
Azacitidine,Tretinoin,T-47D,0
Azacitidine,Tretinoin,UO-31,0
Azacitidine,Decitabine,HS 578T,0
Azacitidine,Decitabine,HT29,0
Azacitidine,Decitabine,IGROV1,0
Azacitidine,Decitabine,LOX IMVI,0
Azacitidine,Decitabine,MCF7,0
Azacitidine,Decitabine,NCI-H460,1
Azacitidine,Decitabine,PC-3,1
Azacitidine,Decitabine,RPMI-8226,1
Azacitidine,Decitabine,T-47D,1
Azacitidine,Decitabine,UO-31,1
Azacitidine,Teniposide,HS 578T,0
Azacitidine,Teniposide,HT29,0
Azacitidine,Teniposide,IGROV1,0
Azacitidine,Teniposide,LOX IMVI,1
Azacitidine,Teniposide,MCF7,0
Azacitidine,Teniposide,NCI-H460,0
Azacitidine,Teniposide,PC-3,0
Azacitidine,Teniposide,RPMI-8226,1
Azacitidine,Teniposide,SK-MEL-2,0
Azacitidine,Teniposide,T-47D,0
Azacitidine,Teniposide,UO-31,1
Azacitidine,Dactinomycin,HS 578T,1
Azacitidine,Dactinomycin,HT29,1
Azacitidine,Dactinomycin,IGROV1,1
Azacitidine,Dactinomycin,LOX IMVI,0
Azacitidine,Dactinomycin,MCF7,0
Azacitidine,Dactinomycin,NCI-H460,0
Azacitidine,Dactinomycin,PC-3,0
Azacitidine,Dactinomycin,RPMI-8226,1
Azacitidine,Dactinomycin,UO-31,0
Azacitidine,Nilotinib,HS 578T,1
Azacitidine,Nilotinib,HT29,0
Azacitidine,Nilotinib,IGROV1,0
Azacitidine,Nilotinib,LOX IMVI,0
Azacitidine,Nilotinib,MCF7,0
Azacitidine,Nilotinib,NCI-H460,0
Azacitidine,Nilotinib,PC-3,0
Azacitidine,Nilotinib,RPMI-8226,0
Azacitidine,Nilotinib,T-47D,0
Azacitidine,Nilotinib,UO-31,0
Azacitidine,2-fluoroAraA (fludarabine),HS 578T,0
Azacitidine,2-fluoroAraA (fludarabine),HT29,0
Azacitidine,2-fluoroAraA (fludarabine),IGROV1,0
Azacitidine,2-fluoroAraA (fludarabine),LOX IMVI,0
Azacitidine,2-fluoroAraA (fludarabine),MCF7,0
Azacitidine,2-fluoroAraA (fludarabine),NCI-H460,0
Azacitidine,2-fluoroAraA (fludarabine),PC-3,1
Azacitidine,2-fluoroAraA (fludarabine),RPMI-8226,0
Azacitidine,2-fluoroAraA (fludarabine),T-47D,0
Azacitidine,2-fluoroAraA (fludarabine),UO-31,0
Azacitidine,Mercaptopurine,HS 578T,0
Azacitidine,Mercaptopurine,HT29,0
Azacitidine,Mercaptopurine,IGROV1,0
Azacitidine,Mercaptopurine,LOX IMVI,0
Azacitidine,Mercaptopurine,MCF7,0
Azacitidine,Mercaptopurine,NCI-H460,0
Azacitidine,Mercaptopurine,PC-3,1
Azacitidine,Mercaptopurine,RPMI-8226,0
Azacitidine,Mercaptopurine,SK-MEL-2,0
Azacitidine,Mercaptopurine,T-47D,0
Azacitidine,Mercaptopurine,UO-31,0
Azacitidine,Dasatinib,HS 578T,0
Azacitidine,Dasatinib,HT29,1
Azacitidine,Dasatinib,IGROV1,0
Azacitidine,Dasatinib,LOX IMVI,0
Azacitidine,Dasatinib,MCF7,0
Azacitidine,Dasatinib,NCI-H460,0
Azacitidine,Dasatinib,PC-3,0
Azacitidine,Dasatinib,RPMI-8226,0
Azacitidine,Dasatinib,T-47D,0
Azacitidine,Dasatinib,UO-31,0
Azacitidine,Sirolimus (rapamycin),HS 578T,1
Azacitidine,Sirolimus (rapamycin),HT29,0
Azacitidine,Sirolimus (rapamycin),IGROV1,0
Azacitidine,Sirolimus (rapamycin),LOX IMVI,1
Azacitidine,Sirolimus (rapamycin),MCF7,1
Azacitidine,Sirolimus (rapamycin),NCI-H460,1
Azacitidine,Sirolimus (rapamycin),PC-3,0
Azacitidine,Sirolimus (rapamycin),RPMI-8226,0
Azacitidine,Sirolimus (rapamycin),T-47D,0
Azacitidine,Sirolimus (rapamycin),UO-31,1
Azacitidine,Sunitinib,HS 578T,1
Azacitidine,Sunitinib,HT29,0
Azacitidine,Sunitinib,IGROV1,0
Azacitidine,Sunitinib,LOX IMVI,0
Azacitidine,Sunitinib,MCF7,0
Azacitidine,Sunitinib,NCI-H460,0
Azacitidine,Sunitinib,PC-3,0
Azacitidine,Sunitinib,RPMI-8226,0
Azacitidine,Sunitinib,T-47D,1
Azacitidine,Sunitinib,UO-31,0
Azacitidine,Axitinib,HS 578T,0
Azacitidine,Axitinib,HT29,1
Azacitidine,Axitinib,IGROV1,1
Azacitidine,Axitinib,LOX IMVI,1
Azacitidine,Axitinib,MCF7,0
Azacitidine,Axitinib,NCI-H460,0
Azacitidine,Axitinib,PC-3,0
Azacitidine,Axitinib,RPMI-8226,0
Azacitidine,Axitinib,SK-MEL-2,0
Azacitidine,Axitinib,T-47D,0
Azacitidine,Axitinib,UO-31,0
Azacitidine,Crizotinib,HS 578T,0
Azacitidine,Crizotinib,HT29,1
Azacitidine,Crizotinib,IGROV1,1
Azacitidine,Crizotinib,LOX IMVI,1
Azacitidine,Crizotinib,MCF7,1
Azacitidine,Crizotinib,NCI-H460,0
Azacitidine,Crizotinib,PC-3,0
Azacitidine,Crizotinib,RPMI-8226,0
Azacitidine,Crizotinib,SK-MEL-2,0
Azacitidine,Crizotinib,T-47D,1
Azacitidine,Crizotinib,UO-31,0
Azacitidine,Ruxolitinib,HT29,0
Azacitidine,Ruxolitinib,IGROV1,1
Azacitidine,Ruxolitinib,LOX IMVI,1
Azacitidine,Ruxolitinib,MCF7,0
Azacitidine,Ruxolitinib,NCI-H460,0
Azacitidine,Ruxolitinib,PC-3,0
Azacitidine,Ruxolitinib,RPMI-8226,0
Azacitidine,Ruxolitinib,SK-MEL-2,0
Azacitidine,Ruxolitinib,T-47D,1
Azacitidine,Ruxolitinib,UO-31,0
Azacitidine,Vemurafenib,HS 578T,1
Azacitidine,Vemurafenib,HT29,1
Azacitidine,Vemurafenib,IGROV1,0
Azacitidine,Vemurafenib,LOX IMVI,1
Azacitidine,Vemurafenib,MCF7,0
Azacitidine,Vemurafenib,NCI-H460,0
Azacitidine,Vemurafenib,PC-3,0
Azacitidine,Vemurafenib,RPMI-8226,0
Azacitidine,Vemurafenib,SK-MEL-2,0
Azacitidine,Vemurafenib,T-47D,1
Azacitidine,Vemurafenib,UO-31,1
Azacitidine,Everolimus,HS 578T,0
Azacitidine,Everolimus,HT29,1
Azacitidine,Everolimus,IGROV1,0
Azacitidine,Everolimus,LOX IMVI,1
Azacitidine,Everolimus,MCF7,0
Azacitidine,Everolimus,NCI-H460,0
Azacitidine,Everolimus,PC-3,1
Azacitidine,Everolimus,RPMI-8226,0
Azacitidine,Everolimus,T-47D,0
Azacitidine,Everolimus,UO-31,1
Azacitidine,Dacarbazine,HS 578T,0
Azacitidine,Dacarbazine,HT29,1
Azacitidine,Dacarbazine,IGROV1,0
Azacitidine,Dacarbazine,LOX IMVI,0
Azacitidine,Dacarbazine,MCF7,0
Azacitidine,Dacarbazine,NCI-H460,0
Azacitidine,Dacarbazine,PC-3,0
Azacitidine,Dacarbazine,RPMI-8226,0
Azacitidine,Dacarbazine,SK-MEL-2,0
Azacitidine,Dacarbazine,T-47D,0
Azacitidine,Dacarbazine,UO-31,1
Azacitidine,Allopurinol,HS 578T,0
Azacitidine,Allopurinol,HT29,0
Azacitidine,Allopurinol,IGROV1,0
Azacitidine,Allopurinol,LOX IMVI,0
Azacitidine,Allopurinol,MCF7,0
Azacitidine,Allopurinol,NCI-H460,0
Azacitidine,Allopurinol,PC-3,0
Azacitidine,Allopurinol,RPMI-8226,0
Azacitidine,Allopurinol,T-47D,0
Azacitidine,Allopurinol,UO-31,0
Megestrol,Cladribine,HS 578T,0
Megestrol,Cladribine,HT29,0
Megestrol,Cladribine,IGROV1,0
Megestrol,Cladribine,LOX IMVI,0
Megestrol,Cladribine,MCF7,0
Megestrol,Cladribine,NCI-H460,0
Megestrol,Cladribine,PC-3,0
Megestrol,Cladribine,RPMI-8226,0
Megestrol,Cladribine,SK-MEL-2,0
Megestrol,Cladribine,T-47D,0
Megestrol,Cladribine,UO-31,0
Megestrol,Paclitaxel,HS 578T,0
Megestrol,Paclitaxel,HT29,0
Megestrol,Paclitaxel,IGROV1,0
Megestrol,Paclitaxel,LOX IMVI,0
Megestrol,Paclitaxel,MCF7,0
Megestrol,Paclitaxel,NCI-H460,0
Megestrol,Paclitaxel,PC-3,0
Megestrol,Paclitaxel,RPMI-8226,0
Megestrol,Paclitaxel,SK-MEL-2,0
Megestrol,Paclitaxel,T-47D,0
Megestrol,Paclitaxel,UO-31,0
Megestrol,Etoposide,HS 578T,0
Megestrol,Etoposide,HT29,0
Megestrol,Etoposide,IGROV1,0
Megestrol,Etoposide,LOX IMVI,0
Megestrol,Etoposide,MCF7,0
Megestrol,Etoposide,NCI-H460,0
Megestrol,Etoposide,PC-3,0
Megestrol,Etoposide,RPMI-8226,0
Megestrol,Etoposide,SK-MEL-2,0
Megestrol,Etoposide,T-47D,1
Megestrol,Etoposide,UO-31,0
Megestrol,Imiquimod,HS 578T,1
Megestrol,Imiquimod,HT29,1
Megestrol,Imiquimod,IGROV1,0
Megestrol,Imiquimod,LOX IMVI,0
Megestrol,Imiquimod,MCF7,0
Megestrol,Imiquimod,NCI-H460,1
Megestrol,Imiquimod,PC-3,0
Megestrol,Imiquimod,RPMI-8226,1
Megestrol,Imiquimod,SK-MEL-2,0
Megestrol,Imiquimod,T-47D,0
Megestrol,Imiquimod,UO-31,0
Megestrol,Exemestane,HS 578T,0
Megestrol,Exemestane,HT29,0
Megestrol,Exemestane,IGROV1,0
Megestrol,Exemestane,LOX IMVI,0
Megestrol,Exemestane,MCF7,0
Megestrol,Exemestane,NCI-H460,0
Megestrol,Exemestane,PC-3,0
Megestrol,Exemestane,RPMI-8226,0
Megestrol,Exemestane,SK-MEL-2,0
Megestrol,Exemestane,T-47D,1
Megestrol,Exemestane,UO-31,0
Megestrol,Dexrazoxane,HS 578T,1
Megestrol,Dexrazoxane,HT29,0
Megestrol,Dexrazoxane,IGROV1,1
Megestrol,Dexrazoxane,LOX IMVI,1
Megestrol,Dexrazoxane,MCF7,0
Megestrol,Dexrazoxane,NCI-H460,0
Megestrol,Dexrazoxane,PC-3,0
Megestrol,Dexrazoxane,RPMI-8226,0
Megestrol,Dexrazoxane,SK-MEL-2,1
Megestrol,Dexrazoxane,T-47D,1
Megestrol,Dexrazoxane,UO-31,0
Megestrol,Fulvestrant,HS 578T,0
Megestrol,Fulvestrant,HT29,0
Megestrol,Fulvestrant,IGROV1,0
Megestrol,Fulvestrant,LOX IMVI,0
Megestrol,Fulvestrant,MCF7,0
Megestrol,Fulvestrant,NCI-H460,1
Megestrol,Fulvestrant,PC-3,0
Megestrol,Fulvestrant,RPMI-8226,1
Megestrol,Fulvestrant,SK-MEL-2,1
Megestrol,Fulvestrant,T-47D,0
Megestrol,Fulvestrant,UO-31,0
Megestrol,Clofarabine,HS 578T,0
Megestrol,Clofarabine,HT29,0
Megestrol,Clofarabine,IGROV1,0
Megestrol,Clofarabine,LOX IMVI,0
Megestrol,Clofarabine,MCF7,0
Megestrol,Clofarabine,NCI-H460,0
Megestrol,Clofarabine,PC-3,0
Megestrol,Clofarabine,RPMI-8226,1
Megestrol,Clofarabine,SK-MEL-2,0
Megestrol,Clofarabine,T-47D,0
Megestrol,Clofarabine,UO-31,0
Megestrol,Gefitinib,HS 578T,0
Megestrol,Gefitinib,HT29,0
Megestrol,Gefitinib,IGROV1,0
Megestrol,Gefitinib,LOX IMVI,0
Megestrol,Gefitinib,MCF7,0
Megestrol,Gefitinib,NCI-H460,0
Megestrol,Gefitinib,PC-3,0
Megestrol,Gefitinib,RPMI-8226,0
Megestrol,Gefitinib,SK-MEL-2,0
Megestrol,Gefitinib,T-47D,1
Megestrol,Gefitinib,UO-31,0
Megestrol,Methotrexate,HS 578T,0
Megestrol,Methotrexate,HT29,0
Megestrol,Methotrexate,IGROV1,0
Megestrol,Methotrexate,LOX IMVI,0
Megestrol,Methotrexate,MCF7,0
Megestrol,Methotrexate,NCI-H460,0
Megestrol,Methotrexate,PC-3,0
Megestrol,Methotrexate,RPMI-8226,0
Megestrol,Methotrexate,SK-MEL-2,0
Megestrol,Methotrexate,T-47D,0
Megestrol,Methotrexate,UO-31,0
Megestrol,Abiraterone,HS 578T,0
Megestrol,Abiraterone,HT29,0
Megestrol,Abiraterone,IGROV1,0
Megestrol,Abiraterone,LOX IMVI,0
Megestrol,Abiraterone,MCF7,0
Megestrol,Abiraterone,NCI-H460,0
Megestrol,Abiraterone,PC-3,0
Megestrol,Abiraterone,RPMI-8226,1
Megestrol,Abiraterone,SK-MEL-2,0
Megestrol,Abiraterone,T-47D,1
Megestrol,Docetaxel,HS 578T,0
Megestrol,Docetaxel,HT29,0
Megestrol,Docetaxel,IGROV1,0
Megestrol,Docetaxel,LOX IMVI,0
Megestrol,Docetaxel,MCF7,0
Megestrol,Docetaxel,NCI-H460,0
Megestrol,Docetaxel,PC-3,0
Megestrol,Docetaxel,RPMI-8226,0
Megestrol,Docetaxel,SK-MEL-2,0
Megestrol,Docetaxel,T-47D,1
Megestrol,Docetaxel,UO-31,0
Megestrol,Erlotinib,HS 578T,1
Megestrol,Erlotinib,HT29,0
Megestrol,Erlotinib,IGROV1,1
Megestrol,Erlotinib,LOX IMVI,0
Megestrol,Erlotinib,MCF7,0
Megestrol,Erlotinib,NCI-H460,1
Megestrol,Erlotinib,PC-3,0
Megestrol,Erlotinib,RPMI-8226,1
Megestrol,Erlotinib,SK-MEL-2,0
Megestrol,Erlotinib,T-47D,1
Megestrol,Erlotinib,UO-31,0
Megestrol,Lapatinib,HS 578T,0
Megestrol,Lapatinib,HT29,1
Megestrol,Lapatinib,IGROV1,0
Megestrol,Lapatinib,LOX IMVI,0
Megestrol,Lapatinib,MCF7,0
Megestrol,Lapatinib,NCI-H460,1
Megestrol,Lapatinib,PC-3,0
Megestrol,Lapatinib,SK-MEL-2,1
Megestrol,Lapatinib,T-47D,1
Megestrol,Lapatinib,UO-31,0
Megestrol,Sorafenib,HS 578T,0
Megestrol,Sorafenib,HT29,0
Megestrol,Sorafenib,IGROV1,0
Megestrol,Sorafenib,LOX IMVI,0
Megestrol,Sorafenib,MCF7,0
Megestrol,Sorafenib,NCI-H460,0
Megestrol,Sorafenib,PC-3,0
Megestrol,Sorafenib,RPMI-8226,1
Megestrol,Sorafenib,T-47D,1
Megestrol,Sorafenib,UO-31,0
Megestrol,Lenalidomide,HS 578T,0
Megestrol,Lenalidomide,HT29,0
Megestrol,Lenalidomide,IGROV1,0
Megestrol,Lenalidomide,LOX IMVI,1
Megestrol,Lenalidomide,MCF7,0
Megestrol,Lenalidomide,NCI-H460,0
Megestrol,Lenalidomide,PC-3,0
Megestrol,Lenalidomide,RPMI-8226,0
Megestrol,Lenalidomide,SK-MEL-2,1
Megestrol,Lenalidomide,T-47D,1
Megestrol,Lenalidomide,UO-31,0
Megestrol,Capecitabine,HS 578T,0
Megestrol,Capecitabine,HT29,0
Megestrol,Capecitabine,IGROV1,0
Megestrol,Capecitabine,LOX IMVI,0
Megestrol,Capecitabine,MCF7,0
Megestrol,Capecitabine,NCI-H460,1
Megestrol,Capecitabine,PC-3,0
Megestrol,Capecitabine,RPMI-8226,0
Megestrol,Capecitabine,SK-MEL-2,0
Megestrol,Capecitabine,T-47D,1
Megestrol,Capecitabine,UO-31,0
Megestrol,Tretinoin,HS 578T,0
Megestrol,Tretinoin,HT29,1
Megestrol,Tretinoin,IGROV1,0
Megestrol,Tretinoin,LOX IMVI,0
Megestrol,Tretinoin,MCF7,0
Megestrol,Tretinoin,NCI-H460,0
Megestrol,Tretinoin,PC-3,0
Megestrol,Tretinoin,RPMI-8226,1
Megestrol,Tretinoin,SK-MEL-2,0
Megestrol,Tretinoin,T-47D,0
Megestrol,Tretinoin,UO-31,1
Megestrol,Decitabine,HS 578T,0
Megestrol,Decitabine,HT29,0
Megestrol,Decitabine,IGROV1,0
Megestrol,Decitabine,LOX IMVI,0
Megestrol,Decitabine,MCF7,0
Megestrol,Decitabine,NCI-H460,0
Megestrol,Decitabine,PC-3,0
Megestrol,Decitabine,RPMI-8226,0
Megestrol,Decitabine,SK-MEL-2,0
Megestrol,Decitabine,T-47D,0
Megestrol,Decitabine,UO-31,0
Megestrol,Teniposide,HS 578T,0
Megestrol,Teniposide,HT29,0
Megestrol,Teniposide,IGROV1,0
Megestrol,Teniposide,LOX IMVI,0
Megestrol,Teniposide,MCF7,0
Megestrol,Teniposide,NCI-H460,0
Megestrol,Teniposide,PC-3,0
Megestrol,Teniposide,RPMI-8226,0
Megestrol,Teniposide,SK-MEL-2,0
Megestrol,Teniposide,T-47D,0
Megestrol,Teniposide,UO-31,0
Megestrol,Dactinomycin,HS 578T,1
Megestrol,Dactinomycin,HT29,1
Megestrol,Dactinomycin,IGROV1,1
Megestrol,Dactinomycin,LOX IMVI,1
Megestrol,Dactinomycin,MCF7,1
Megestrol,Dactinomycin,NCI-H460,1
Megestrol,Dactinomycin,PC-3,1
Megestrol,Dactinomycin,SK-MEL-2,1
Megestrol,Dactinomycin,T-47D,1
Megestrol,Dactinomycin,UO-31,1
Megestrol,Nilotinib,HS 578T,0
Megestrol,Nilotinib,HT29,0
Megestrol,Nilotinib,IGROV1,1
Megestrol,Nilotinib,LOX IMVI,1
Megestrol,Nilotinib,MCF7,0
Megestrol,Nilotinib,NCI-H460,0
Megestrol,Nilotinib,PC-3,0
Megestrol,Nilotinib,RPMI-8226,1
Megestrol,Nilotinib,T-47D,1
Megestrol,Nilotinib,UO-31,0
Megestrol,2-fluoroAraA (fludarabine),HS 578T,0
Megestrol,2-fluoroAraA (fludarabine),HT29,0
Megestrol,2-fluoroAraA (fludarabine),IGROV1,0
Megestrol,2-fluoroAraA (fludarabine),LOX IMVI,0
Megestrol,2-fluoroAraA (fludarabine),MCF7,0
Megestrol,2-fluoroAraA (fludarabine),NCI-H460,0
Megestrol,2-fluoroAraA (fludarabine),PC-3,0
Megestrol,2-fluoroAraA (fludarabine),RPMI-8226,0
Megestrol,2-fluoroAraA (fludarabine),SK-MEL-2,0
Megestrol,2-fluoroAraA (fludarabine),T-47D,0
Megestrol,2-fluoroAraA (fludarabine),UO-31,1
Megestrol,Mercaptopurine,HS 578T,0
Megestrol,Mercaptopurine,HT29,0
Megestrol,Mercaptopurine,IGROV1,0
Megestrol,Mercaptopurine,LOX IMVI,0
Megestrol,Mercaptopurine,MCF7,0
Megestrol,Mercaptopurine,NCI-H460,0
Megestrol,Mercaptopurine,PC-3,0
Megestrol,Mercaptopurine,RPMI-8226,0
Megestrol,Mercaptopurine,SK-MEL-2,0
Megestrol,Mercaptopurine,T-47D,0
Megestrol,Mercaptopurine,UO-31,1
Megestrol,Dasatinib,HS 578T,0
Megestrol,Dasatinib,HT29,0
Megestrol,Dasatinib,IGROV1,0
Megestrol,Dasatinib,LOX IMVI,0
Megestrol,Dasatinib,MCF7,0
Megestrol,Dasatinib,NCI-H460,0
Megestrol,Dasatinib,PC-3,0
Megestrol,Dasatinib,RPMI-8226,1
Megestrol,Dasatinib,T-47D,1
Megestrol,Dasatinib,UO-31,0
Megestrol,Sirolimus (rapamycin),HS 578T,0
Megestrol,Sirolimus (rapamycin),HT29,0
Megestrol,Sirolimus (rapamycin),IGROV1,0
Megestrol,Sirolimus (rapamycin),LOX IMVI,0
Megestrol,Sirolimus (rapamycin),MCF7,0
Megestrol,Sirolimus (rapamycin),NCI-H460,0
Megestrol,Sirolimus (rapamycin),PC-3,0
Megestrol,Sirolimus (rapamycin),RPMI-8226,0
Megestrol,Sirolimus (rapamycin),SK-MEL-2,0
Megestrol,Sirolimus (rapamycin),T-47D,1
Megestrol,Sirolimus (rapamycin),UO-31,0
Megestrol,Sunitinib,HS 578T,0
Megestrol,Sunitinib,HT29,1
Megestrol,Sunitinib,IGROV1,1
Megestrol,Sunitinib,LOX IMVI,0
Megestrol,Sunitinib,MCF7,0
Megestrol,Sunitinib,NCI-H460,1
Megestrol,Sunitinib,PC-3,0
Megestrol,Sunitinib,RPMI-8226,1
Megestrol,Sunitinib,T-47D,1
Megestrol,Sunitinib,UO-31,0
Megestrol,Axitinib,HS 578T,0
Megestrol,Axitinib,HT29,0
Megestrol,Axitinib,IGROV1,1
Megestrol,Axitinib,LOX IMVI,0
Megestrol,Axitinib,MCF7,0
Megestrol,Axitinib,NCI-H460,0
Megestrol,Axitinib,PC-3,0
Megestrol,Axitinib,RPMI-8226,0
Megestrol,Axitinib,SK-MEL-2,0
Megestrol,Axitinib,T-47D,1
Megestrol,Axitinib,UO-31,1
Megestrol,Crizotinib,HS 578T,0
Megestrol,Crizotinib,HT29,0
Megestrol,Crizotinib,IGROV1,1
Megestrol,Crizotinib,LOX IMVI,0
Megestrol,Crizotinib,MCF7,0
Megestrol,Crizotinib,NCI-H460,0
Megestrol,Crizotinib,PC-3,0
Megestrol,Crizotinib,RPMI-8226,1
Megestrol,Crizotinib,SK-MEL-2,0
Megestrol,Crizotinib,T-47D,1
Megestrol,Crizotinib,UO-31,0
Megestrol,Ruxolitinib,HS 578T,0
Megestrol,Ruxolitinib,HT29,0
Megestrol,Ruxolitinib,IGROV1,0
Megestrol,Ruxolitinib,LOX IMVI,0
Megestrol,Ruxolitinib,MCF7,0
Megestrol,Ruxolitinib,NCI-H460,0
Megestrol,Ruxolitinib,PC-3,0
Megestrol,Ruxolitinib,RPMI-8226,0
Megestrol,Ruxolitinib,SK-MEL-2,0
Megestrol,Ruxolitinib,T-47D,0
Megestrol,Ruxolitinib,UO-31,0
Megestrol,Vemurafenib,HS 578T,1
Megestrol,Vemurafenib,HT29,0
Megestrol,Vemurafenib,IGROV1,1
Megestrol,Vemurafenib,LOX IMVI,0
Megestrol,Vemurafenib,MCF7,0
Megestrol,Vemurafenib,NCI-H460,1
Megestrol,Vemurafenib,PC-3,1
Megestrol,Vemurafenib,RPMI-8226,1
Megestrol,Vemurafenib,SK-MEL-2,0
Megestrol,Vemurafenib,T-47D,1
Megestrol,Vemurafenib,UO-31,0
Megestrol,Everolimus,HS 578T,0
Megestrol,Everolimus,HT29,0
Megestrol,Everolimus,IGROV1,0
Megestrol,Everolimus,LOX IMVI,0
Megestrol,Everolimus,MCF7,0
Megestrol,Everolimus,NCI-H460,1
Megestrol,Everolimus,PC-3,0
Megestrol,Everolimus,RPMI-8226,1
Megestrol,Everolimus,SK-MEL-2,0
Megestrol,Everolimus,T-47D,1
Megestrol,Everolimus,UO-31,0
Megestrol,Dacarbazine,HS 578T,1
Megestrol,Dacarbazine,HT29,0
Megestrol,Dacarbazine,IGROV1,0
Megestrol,Dacarbazine,LOX IMVI,0
Megestrol,Dacarbazine,MCF7,0
Megestrol,Dacarbazine,NCI-H460,0
Megestrol,Dacarbazine,PC-3,0
Megestrol,Dacarbazine,RPMI-8226,1
Megestrol,Dacarbazine,SK-MEL-2,1
Megestrol,Dacarbazine,T-47D,1
Megestrol,Dacarbazine,UO-31,0
Megestrol,Allopurinol,HS 578T,0
Megestrol,Allopurinol,HT29,1
Megestrol,Allopurinol,IGROV1,0
Megestrol,Allopurinol,LOX IMVI,0
Megestrol,Allopurinol,MCF7,0
Megestrol,Allopurinol,NCI-H460,0
Megestrol,Allopurinol,PC-3,0
Megestrol,Allopurinol,RPMI-8226,0
Megestrol,Allopurinol,SK-MEL-2,0
Megestrol,Allopurinol,T-47D,0
Megestrol,Allopurinol,UO-31,1
Cladribine,Paclitaxel,HS 578T,0
Cladribine,Paclitaxel,HT29,0
Cladribine,Paclitaxel,IGROV1,1
Cladribine,Paclitaxel,LOX IMVI,0
Cladribine,Paclitaxel,MCF7,0
Cladribine,Paclitaxel,NCI-H460,0
Cladribine,Paclitaxel,PC-3,0
Cladribine,Paclitaxel,RPMI-8226,1
Cladribine,Paclitaxel,T-47D,0
Cladribine,Paclitaxel,UO-31,0
Cladribine,Etoposide,HS 578T,0
Cladribine,Etoposide,HT29,0
Cladribine,Etoposide,IGROV1,1
Cladribine,Etoposide,LOX IMVI,0
Cladribine,Etoposide,MCF7,0
Cladribine,Etoposide,NCI-H460,0
Cladribine,Etoposide,PC-3,0
Cladribine,Etoposide,RPMI-8226,0
Cladribine,Etoposide,SK-MEL-2,0
Cladribine,Etoposide,T-47D,0
Cladribine,Etoposide,UO-31,1
Cladribine,Imiquimod,HS 578T,0
Cladribine,Imiquimod,HT29,0
Cladribine,Imiquimod,IGROV1,1
Cladribine,Imiquimod,LOX IMVI,0
Cladribine,Imiquimod,MCF7,0
Cladribine,Imiquimod,NCI-H460,1
Cladribine,Imiquimod,PC-3,1
Cladribine,Imiquimod,RPMI-8226,0
Cladribine,Imiquimod,T-47D,1
Cladribine,Imiquimod,UO-31,0
Cladribine,Exemestane,HS 578T,0
Cladribine,Exemestane,HT29,0
Cladribine,Exemestane,IGROV1,1
Cladribine,Exemestane,LOX IMVI,1
Cladribine,Exemestane,MCF7,1
Cladribine,Exemestane,NCI-H460,1
Cladribine,Exemestane,PC-3,1
Cladribine,Exemestane,RPMI-8226,0
Cladribine,Exemestane,SK-MEL-2,0
Cladribine,Exemestane,T-47D,1
Cladribine,Exemestane,UO-31,0
Cladribine,Dexrazoxane,HS 578T,0
Cladribine,Dexrazoxane,HT29,1
Cladribine,Dexrazoxane,IGROV1,1
Cladribine,Dexrazoxane,LOX IMVI,0
Cladribine,Dexrazoxane,MCF7,0
Cladribine,Dexrazoxane,NCI-H460,0
Cladribine,Dexrazoxane,PC-3,1
Cladribine,Dexrazoxane,RPMI-8226,0
Cladribine,Dexrazoxane,SK-MEL-2,1
Cladribine,Dexrazoxane,T-47D,1
Cladribine,Dexrazoxane,UO-31,1
Cladribine,Fulvestrant,HS 578T,0
Cladribine,Fulvestrant,HT29,1
Cladribine,Fulvestrant,IGROV1,0
Cladribine,Fulvestrant,LOX IMVI,0
Cladribine,Fulvestrant,MCF7,0
Cladribine,Fulvestrant,NCI-H460,1
Cladribine,Fulvestrant,PC-3,0
Cladribine,Fulvestrant,RPMI-8226,0
Cladribine,Fulvestrant,T-47D,0
Cladribine,Fulvestrant,UO-31,0
Cladribine,Clofarabine,HS 578T,0
Cladribine,Clofarabine,HT29,1
Cladribine,Clofarabine,IGROV1,0
Cladribine,Clofarabine,LOX IMVI,0
Cladribine,Clofarabine,MCF7,1
Cladribine,Clofarabine,NCI-H460,0
Cladribine,Clofarabine,PC-3,0
Cladribine,Clofarabine,RPMI-8226,0
Cladribine,Clofarabine,UO-31,0
Cladribine,Gefitinib,HS 578T,1
Cladribine,Gefitinib,HT29,0
Cladribine,Gefitinib,IGROV1,1
Cladribine,Gefitinib,LOX IMVI,0
Cladribine,Gefitinib,MCF7,1
Cladribine,Gefitinib,NCI-H460,1
Cladribine,Gefitinib,PC-3,1
Cladribine,Gefitinib,RPMI-8226,1
Cladribine,Gefitinib,SK-MEL-2,1
Cladribine,Gefitinib,T-47D,1
Cladribine,Gefitinib,UO-31,0
Cladribine,Methotrexate,HS 578T,0
Cladribine,Methotrexate,HT29,0
Cladribine,Methotrexate,LOX IMVI,0
Cladribine,Methotrexate,MCF7,0
Cladribine,Methotrexate,NCI-H460,0
Cladribine,Methotrexate,RPMI-8226,0
Cladribine,Methotrexate,T-47D,0
Cladribine,Methotrexate,UO-31,0
Cladribine,Abiraterone,HS 578T,1
Cladribine,Abiraterone,HT29,0
Cladribine,Abiraterone,IGROV1,0
Cladribine,Abiraterone,LOX IMVI,1
Cladribine,Abiraterone,MCF7,1
Cladribine,Abiraterone,NCI-H460,0
Cladribine,Abiraterone,PC-3,0
Cladribine,Abiraterone,RPMI-8226,0
Cladribine,Abiraterone,SK-MEL-2,0
Cladribine,Abiraterone,T-47D,0
Cladribine,Abiraterone,UO-31,1
Cladribine,Docetaxel,HS 578T,1
Cladribine,Docetaxel,HT29,0
Cladribine,Docetaxel,IGROV1,0
Cladribine,Docetaxel,LOX IMVI,1
Cladribine,Docetaxel,MCF7,0
Cladribine,Docetaxel,NCI-H460,0
Cladribine,Docetaxel,PC-3,0
Cladribine,Docetaxel,RPMI-8226,0
Cladribine,Docetaxel,T-47D,0
Cladribine,Docetaxel,UO-31,0
Cladribine,Erlotinib,HS 578T,0
Cladribine,Erlotinib,HT29,0
Cladribine,Erlotinib,IGROV1,1
Cladribine,Erlotinib,LOX IMVI,0
Cladribine,Erlotinib,MCF7,0
Cladribine,Erlotinib,NCI-H460,1
Cladribine,Erlotinib,PC-3,0
Cladribine,Erlotinib,RPMI-8226,0
Cladribine,Erlotinib,T-47D,1
Cladribine,Erlotinib,UO-31,0
Cladribine,Lapatinib,HS 578T,0
Cladribine,Lapatinib,HT29,0
Cladribine,Lapatinib,IGROV1,0
Cladribine,Lapatinib,LOX IMVI,0
Cladribine,Lapatinib,MCF7,0
Cladribine,Lapatinib,NCI-H460,0
Cladribine,Lapatinib,PC-3,0
Cladribine,Lapatinib,RPMI-8226,0
Cladribine,Lapatinib,T-47D,0
Cladribine,Lapatinib,UO-31,0
Cladribine,Sorafenib,HS 578T,0
Cladribine,Sorafenib,HT29,0
Cladribine,Sorafenib,IGROV1,0
Cladribine,Sorafenib,LOX IMVI,0
Cladribine,Sorafenib,MCF7,0
Cladribine,Sorafenib,NCI-H460,0
Cladribine,Sorafenib,PC-3,0
Cladribine,Sorafenib,RPMI-8226,0
Cladribine,Sorafenib,SK-MEL-2,0
Cladribine,Sorafenib,T-47D,1
Cladribine,Sorafenib,UO-31,1
Cladribine,Lenalidomide,HS 578T,0
Cladribine,Lenalidomide,HT29,0
Cladribine,Lenalidomide,IGROV1,1
Cladribine,Lenalidomide,LOX IMVI,1
Cladribine,Lenalidomide,MCF7,1
Cladribine,Lenalidomide,NCI-H460,1
Cladribine,Lenalidomide,PC-3,1
Cladribine,Lenalidomide,RPMI-8226,0
Cladribine,Lenalidomide,SK-MEL-2,0
Cladribine,Lenalidomide,T-47D,0
Cladribine,Lenalidomide,UO-31,0
Cladribine,Capecitabine,HS 578T,0
Cladribine,Capecitabine,HT29,1
Cladribine,Capecitabine,IGROV1,0
Cladribine,Capecitabine,LOX IMVI,0
Cladribine,Capecitabine,MCF7,0
Cladribine,Capecitabine,NCI-H460,0
Cladribine,Capecitabine,PC-3,0
Cladribine,Capecitabine,RPMI-8226,0
Cladribine,Capecitabine,T-47D,0
Cladribine,Capecitabine,UO-31,0
Cladribine,Tretinoin,HS 578T,1
Cladribine,Tretinoin,HT29,0
Cladribine,Tretinoin,IGROV1,0
Cladribine,Tretinoin,LOX IMVI,0
Cladribine,Tretinoin,MCF7,1
Cladribine,Tretinoin,NCI-H460,0
Cladribine,Tretinoin,PC-3,0
Cladribine,Tretinoin,RPMI-8226,1
Cladribine,Tretinoin,T-47D,0
Cladribine,Tretinoin,UO-31,0
Cladribine,Decitabine,HS 578T,0
Cladribine,Decitabine,HT29,1
Cladribine,Decitabine,IGROV1,0
Cladribine,Decitabine,LOX IMVI,1
Cladribine,Decitabine,MCF7,0
Cladribine,Decitabine,NCI-H460,1
Cladribine,Decitabine,PC-3,1
Cladribine,Decitabine,RPMI-8226,0
Cladribine,Decitabine,T-47D,1
Cladribine,Decitabine,UO-31,1
Cladribine,Teniposide,HS 578T,0
Cladribine,Teniposide,HT29,0
Cladribine,Teniposide,IGROV1,1
Cladribine,Teniposide,LOX IMVI,0
Cladribine,Teniposide,MCF7,0
Cladribine,Teniposide,NCI-H460,0
Cladribine,Teniposide,PC-3,0
Cladribine,Teniposide,RPMI-8226,0
Cladribine,Teniposide,SK-MEL-2,0
Cladribine,Teniposide,T-47D,0
Cladribine,Teniposide,UO-31,1
Cladribine,Dactinomycin,HS 578T,1
Cladribine,Dactinomycin,HT29,1
Cladribine,Dactinomycin,IGROV1,1
Cladribine,Dactinomycin,LOX IMVI,0
Cladribine,Dactinomycin,MCF7,0
Cladribine,Dactinomycin,NCI-H460,0
Cladribine,Dactinomycin,PC-3,1
Cladribine,Dactinomycin,RPMI-8226,0
Cladribine,Dactinomycin,T-47D,1
Cladribine,Dactinomycin,UO-31,0
Cladribine,Nilotinib,HS 578T,0
Cladribine,Nilotinib,HT29,1
Cladribine,Nilotinib,IGROV1,0
Cladribine,Nilotinib,LOX IMVI,0
Cladribine,Nilotinib,MCF7,1
Cladribine,Nilotinib,NCI-H460,0
Cladribine,Nilotinib,PC-3,0
Cladribine,Nilotinib,RPMI-8226,0
Cladribine,Nilotinib,T-47D,0
Cladribine,Nilotinib,UO-31,0
Cladribine,2-fluoroAraA (fludarabine),HS 578T,1
Cladribine,2-fluoroAraA (fludarabine),HT29,0
Cladribine,2-fluoroAraA (fludarabine),IGROV1,0
Cladribine,2-fluoroAraA (fludarabine),LOX IMVI,0
Cladribine,2-fluoroAraA (fludarabine),MCF7,0
Cladribine,2-fluoroAraA (fludarabine),NCI-H460,0
Cladribine,2-fluoroAraA (fludarabine),PC-3,0
Cladribine,2-fluoroAraA (fludarabine),RPMI-8226,0
Cladribine,2-fluoroAraA (fludarabine),T-47D,0
Cladribine,2-fluoroAraA (fludarabine),UO-31,1
Cladribine,Mercaptopurine,HS 578T,0
Cladribine,Mercaptopurine,HT29,0
Cladribine,Mercaptopurine,IGROV1,1
Cladribine,Mercaptopurine,LOX IMVI,0
Cladribine,Mercaptopurine,MCF7,0
Cladribine,Mercaptopurine,NCI-H460,1
Cladribine,Mercaptopurine,PC-3,0
Cladribine,Mercaptopurine,RPMI-8226,0
Cladribine,Mercaptopurine,SK-MEL-2,0
Cladribine,Mercaptopurine,T-47D,0
Cladribine,Mercaptopurine,UO-31,1
Cladribine,Dasatinib,HS 578T,1
Cladribine,Dasatinib,HT29,0
Cladribine,Dasatinib,IGROV1,0
Cladribine,Dasatinib,LOX IMVI,0
Cladribine,Dasatinib,MCF7,0
Cladribine,Dasatinib,NCI-H460,0
Cladribine,Dasatinib,PC-3,0
Cladribine,Dasatinib,RPMI-8226,0
Cladribine,Dasatinib,T-47D,1
Cladribine,Dasatinib,UO-31,0
Cladribine,Sirolimus (rapamycin),HS 578T,0
Cladribine,Sirolimus (rapamycin),HT29,0
Cladribine,Sirolimus (rapamycin),IGROV1,0
Cladribine,Sirolimus (rapamycin),LOX IMVI,0
Cladribine,Sirolimus (rapamycin),MCF7,0
Cladribine,Sirolimus (rapamycin),NCI-H460,0
Cladribine,Sirolimus (rapamycin),PC-3,0
Cladribine,Sirolimus (rapamycin),RPMI-8226,0
Cladribine,Sirolimus (rapamycin),T-47D,0
Cladribine,Sirolimus (rapamycin),UO-31,0
Cladribine,Sunitinib,HS 578T,1
Cladribine,Sunitinib,HT29,0
Cladribine,Sunitinib,IGROV1,1
Cladribine,Sunitinib,LOX IMVI,0
Cladribine,Sunitinib,MCF7,0
Cladribine,Sunitinib,NCI-H460,0
Cladribine,Sunitinib,PC-3,0
Cladribine,Sunitinib,RPMI-8226,0
Cladribine,Sunitinib,T-47D,0
Cladribine,Sunitinib,UO-31,0
Cladribine,Axitinib,HS 578T,0
Cladribine,Axitinib,HT29,0
Cladribine,Axitinib,IGROV1,0
Cladribine,Axitinib,LOX IMVI,1
Cladribine,Axitinib,MCF7,1
Cladribine,Axitinib,NCI-H460,0
Cladribine,Axitinib,PC-3,0
Cladribine,Axitinib,RPMI-8226,0
Cladribine,Axitinib,SK-MEL-2,0
Cladribine,Axitinib,T-47D,1
Cladribine,Axitinib,UO-31,0
Cladribine,Crizotinib,HS 578T,0
Cladribine,Crizotinib,HT29,0
Cladribine,Crizotinib,IGROV1,0
Cladribine,Crizotinib,LOX IMVI,1
Cladribine,Crizotinib,MCF7,0
Cladribine,Crizotinib,NCI-H460,1
Cladribine,Crizotinib,PC-3,1
Cladribine,Crizotinib,RPMI-8226,1
Cladribine,Crizotinib,SK-MEL-2,0
Cladribine,Crizotinib,T-47D,0
Cladribine,Crizotinib,UO-31,1
Cladribine,Ruxolitinib,HS 578T,0
Cladribine,Ruxolitinib,HT29,0
Cladribine,Ruxolitinib,IGROV1,0
Cladribine,Ruxolitinib,LOX IMVI,1
Cladribine,Ruxolitinib,MCF7,1
Cladribine,Ruxolitinib,NCI-H460,0
Cladribine,Ruxolitinib,PC-3,0
Cladribine,Ruxolitinib,RPMI-8226,0
Cladribine,Ruxolitinib,SK-MEL-2,0
Cladribine,Ruxolitinib,T-47D,0
Cladribine,Ruxolitinib,UO-31,0
Cladribine,Vemurafenib,HS 578T,1
Cladribine,Vemurafenib,HT29,0
Cladribine,Vemurafenib,IGROV1,0
Cladribine,Vemurafenib,LOX IMVI,1
Cladribine,Vemurafenib,MCF7,0
Cladribine,Vemurafenib,NCI-H460,0
Cladribine,Vemurafenib,PC-3,0
Cladribine,Vemurafenib,RPMI-8226,1
Cladribine,Vemurafenib,SK-MEL-2,0
Cladribine,Vemurafenib,T-47D,0
Cladribine,Vemurafenib,UO-31,1
Cladribine,Everolimus,HS 578T,0
Cladribine,Everolimus,HT29,0
Cladribine,Everolimus,IGROV1,0
Cladribine,Everolimus,LOX IMVI,0
Cladribine,Everolimus,MCF7,0
Cladribine,Everolimus,NCI-H460,0
Cladribine,Everolimus,PC-3,0
Cladribine,Everolimus,RPMI-8226,0
Cladribine,Everolimus,T-47D,1
Cladribine,Everolimus,UO-31,0
Cladribine,Dacarbazine,HS 578T,0
Cladribine,Dacarbazine,HT29,0
Cladribine,Dacarbazine,IGROV1,0
Cladribine,Dacarbazine,LOX IMVI,0
Cladribine,Dacarbazine,MCF7,0
Cladribine,Dacarbazine,NCI-H460,0
Cladribine,Dacarbazine,PC-3,0
Cladribine,Dacarbazine,RPMI-8226,0
Cladribine,Dacarbazine,SK-MEL-2,0
Cladribine,Dacarbazine,T-47D,1
Cladribine,Dacarbazine,UO-31,1
Cladribine,Allopurinol,HS 578T,1
Cladribine,Allopurinol,HT29,0
Cladribine,Allopurinol,IGROV1,0
Cladribine,Allopurinol,LOX IMVI,0
Cladribine,Allopurinol,MCF7,1
Cladribine,Allopurinol,NCI-H460,0
Cladribine,Allopurinol,PC-3,0
Cladribine,Allopurinol,RPMI-8226,0
Cladribine,Allopurinol,T-47D,0
Cladribine,Allopurinol,UO-31,0
Paclitaxel,Etoposide,HS 578T,0
Paclitaxel,Etoposide,HT29,0
Paclitaxel,Etoposide,IGROV1,0
Paclitaxel,Etoposide,LOX IMVI,0
Paclitaxel,Etoposide,MCF7,0
Paclitaxel,Etoposide,NCI-H460,0
Paclitaxel,Etoposide,PC-3,0
Paclitaxel,Etoposide,SK-MEL-2,0
Paclitaxel,Etoposide,T-47D,0
Paclitaxel,Etoposide,UO-31,0
Paclitaxel,Imiquimod,HS 578T,0
Paclitaxel,Imiquimod,HT29,0
Paclitaxel,Imiquimod,IGROV1,0
Paclitaxel,Imiquimod,LOX IMVI,0
Paclitaxel,Imiquimod,MCF7,0
Paclitaxel,Imiquimod,NCI-H460,1
Paclitaxel,Imiquimod,PC-3,1
Paclitaxel,Imiquimod,RPMI-8226,0
Paclitaxel,Imiquimod,T-47D,1
Paclitaxel,Imiquimod,UO-31,0
Paclitaxel,Exemestane,HS 578T,0
Paclitaxel,Exemestane,HT29,0
Paclitaxel,Exemestane,IGROV1,0
Paclitaxel,Exemestane,LOX IMVI,0
Paclitaxel,Exemestane,MCF7,0
Paclitaxel,Exemestane,NCI-H460,0
Paclitaxel,Exemestane,PC-3,0
Paclitaxel,Exemestane,RPMI-8226,0
Paclitaxel,Exemestane,SK-MEL-2,0
Paclitaxel,Exemestane,T-47D,0
Paclitaxel,Exemestane,UO-31,0
Paclitaxel,Dexrazoxane,HS 578T,0
Paclitaxel,Dexrazoxane,HT29,0
Paclitaxel,Dexrazoxane,IGROV1,0
Paclitaxel,Dexrazoxane,LOX IMVI,0
Paclitaxel,Dexrazoxane,MCF7,0
Paclitaxel,Dexrazoxane,NCI-H460,0
Paclitaxel,Dexrazoxane,PC-3,0
Paclitaxel,Dexrazoxane,RPMI-8226,0
Paclitaxel,Dexrazoxane,SK-MEL-2,0
Paclitaxel,Dexrazoxane,T-47D,0
Paclitaxel,Dexrazoxane,UO-31,0
Paclitaxel,Fulvestrant,HS 578T,1
Paclitaxel,Fulvestrant,HT29,1
Paclitaxel,Fulvestrant,IGROV1,0
Paclitaxel,Fulvestrant,LOX IMVI,0
Paclitaxel,Fulvestrant,MCF7,1
Paclitaxel,Fulvestrant,NCI-H460,0
Paclitaxel,Fulvestrant,PC-3,1
Paclitaxel,Fulvestrant,RPMI-8226,0
Paclitaxel,Fulvestrant,T-47D,1
Paclitaxel,Fulvestrant,UO-31,0
Paclitaxel,Clofarabine,HS 578T,0
Paclitaxel,Clofarabine,HT29,0
Paclitaxel,Clofarabine,IGROV1,0
Paclitaxel,Clofarabine,LOX IMVI,0
Paclitaxel,Clofarabine,MCF7,0
Paclitaxel,Clofarabine,NCI-H460,0
Paclitaxel,Clofarabine,PC-3,0
Paclitaxel,Clofarabine,RPMI-8226,0
Paclitaxel,Clofarabine,T-47D,0
Paclitaxel,Clofarabine,UO-31,0
Paclitaxel,Gefitinib,HS 578T,0
Paclitaxel,Gefitinib,HT29,0
Paclitaxel,Gefitinib,IGROV1,1
Paclitaxel,Gefitinib,LOX IMVI,0
Paclitaxel,Gefitinib,MCF7,1
Paclitaxel,Gefitinib,NCI-H460,1
Paclitaxel,Gefitinib,PC-3,0
Paclitaxel,Gefitinib,RPMI-8226,0
Paclitaxel,Gefitinib,SK-MEL-2,0
Paclitaxel,Gefitinib,T-47D,1
Paclitaxel,Gefitinib,UO-31,1
Paclitaxel,Methotrexate,HS 578T,0
Paclitaxel,Methotrexate,HT29,0
Paclitaxel,Methotrexate,IGROV1,0
Paclitaxel,Methotrexate,LOX IMVI,0
Paclitaxel,Methotrexate,NCI-H460,0
Paclitaxel,Methotrexate,PC-3,0
Paclitaxel,Methotrexate,RPMI-8226,0
Paclitaxel,Methotrexate,T-47D,1
Paclitaxel,Methotrexate,UO-31,0
Paclitaxel,Abiraterone,HS 578T,0
Paclitaxel,Abiraterone,HT29,0
Paclitaxel,Abiraterone,IGROV1,0
Paclitaxel,Abiraterone,LOX IMVI,1
Paclitaxel,Abiraterone,MCF7,0
Paclitaxel,Abiraterone,NCI-H460,0
Paclitaxel,Abiraterone,PC-3,0
Paclitaxel,Abiraterone,RPMI-8226,0
Paclitaxel,Abiraterone,SK-MEL-2,0
Paclitaxel,Abiraterone,T-47D,0
Paclitaxel,Abiraterone,UO-31,1
Paclitaxel,Docetaxel,HS 578T,0
Paclitaxel,Docetaxel,IGROV1,0
Paclitaxel,Docetaxel,LOX IMVI,0
Paclitaxel,Docetaxel,MCF7,1
Paclitaxel,Docetaxel,NCI-H460,1
Paclitaxel,Docetaxel,PC-3,1
Paclitaxel,Docetaxel,T-47D,1
Paclitaxel,Docetaxel,UO-31,1
Paclitaxel,Erlotinib,HS 578T,0
Paclitaxel,Erlotinib,HT29,0
Paclitaxel,Erlotinib,IGROV1,1
Paclitaxel,Erlotinib,LOX IMVI,0
Paclitaxel,Erlotinib,MCF7,1
Paclitaxel,Erlotinib,NCI-H460,1
Paclitaxel,Erlotinib,PC-3,0
Paclitaxel,Erlotinib,RPMI-8226,0
Paclitaxel,Erlotinib,T-47D,1
Paclitaxel,Erlotinib,UO-31,0
Paclitaxel,Lapatinib,HS 578T,0
Paclitaxel,Lapatinib,HT29,0
Paclitaxel,Lapatinib,IGROV1,1
Paclitaxel,Lapatinib,LOX IMVI,0
Paclitaxel,Lapatinib,MCF7,1
Paclitaxel,Lapatinib,NCI-H460,0
Paclitaxel,Lapatinib,PC-3,1
Paclitaxel,Lapatinib,RPMI-8226,0
Paclitaxel,Lapatinib,T-47D,1
Paclitaxel,Lapatinib,UO-31,1
Paclitaxel,Sorafenib,HT29,0
Paclitaxel,Sorafenib,IGROV1,0
Paclitaxel,Sorafenib,LOX IMVI,1
Paclitaxel,Sorafenib,MCF7,1
Paclitaxel,Sorafenib,NCI-H460,0
Paclitaxel,Sorafenib,PC-3,1
Paclitaxel,Sorafenib,SK-MEL-2,1
Paclitaxel,Sorafenib,T-47D,1
Paclitaxel,Sorafenib,UO-31,1
Paclitaxel,Lenalidomide,HS 578T,0
Paclitaxel,Lenalidomide,HT29,0
Paclitaxel,Lenalidomide,IGROV1,0
Paclitaxel,Lenalidomide,LOX IMVI,0
Paclitaxel,Lenalidomide,MCF7,0
Paclitaxel,Lenalidomide,NCI-H460,0
Paclitaxel,Lenalidomide,PC-3,0
Paclitaxel,Lenalidomide,SK-MEL-2,0
Paclitaxel,Lenalidomide,T-47D,0
Paclitaxel,Lenalidomide,UO-31,0
Paclitaxel,Capecitabine,HS 578T,0
Paclitaxel,Capecitabine,HT29,0
Paclitaxel,Capecitabine,IGROV1,0
Paclitaxel,Capecitabine,LOX IMVI,0
Paclitaxel,Capecitabine,MCF7,0
Paclitaxel,Capecitabine,NCI-H460,0
Paclitaxel,Capecitabine,PC-3,0
Paclitaxel,Capecitabine,RPMI-8226,0
Paclitaxel,Capecitabine,T-47D,0
Paclitaxel,Capecitabine,UO-31,0
Paclitaxel,Tretinoin,HS 578T,1
Paclitaxel,Tretinoin,HT29,0
Paclitaxel,Tretinoin,IGROV1,1
Paclitaxel,Tretinoin,LOX IMVI,0
Paclitaxel,Tretinoin,MCF7,1
Paclitaxel,Tretinoin,NCI-H460,1
Paclitaxel,Tretinoin,PC-3,1
Paclitaxel,Tretinoin,RPMI-8226,1
Paclitaxel,Tretinoin,T-47D,1
Paclitaxel,Tretinoin,UO-31,0
Paclitaxel,Decitabine,HS 578T,0
Paclitaxel,Decitabine,HT29,0
Paclitaxel,Decitabine,IGROV1,0
Paclitaxel,Decitabine,LOX IMVI,1
Paclitaxel,Decitabine,MCF7,0
Paclitaxel,Decitabine,NCI-H460,0
Paclitaxel,Decitabine,PC-3,0
Paclitaxel,Decitabine,RPMI-8226,0
Paclitaxel,Decitabine,T-47D,0
Paclitaxel,Decitabine,UO-31,0
Paclitaxel,Teniposide,HS 578T,0
Paclitaxel,Teniposide,HT29,0
Paclitaxel,Teniposide,IGROV1,1
Paclitaxel,Teniposide,LOX IMVI,0
Paclitaxel,Teniposide,MCF7,1
Paclitaxel,Teniposide,NCI-H460,0
Paclitaxel,Teniposide,PC-3,0
Paclitaxel,Teniposide,UO-31,1
Paclitaxel,Dactinomycin,HS 578T,0
Paclitaxel,Dactinomycin,HT29,0
Paclitaxel,Dactinomycin,IGROV1,0
Paclitaxel,Dactinomycin,LOX IMVI,0
Paclitaxel,Dactinomycin,MCF7,0
Paclitaxel,Dactinomycin,NCI-H460,1
Paclitaxel,Dactinomycin,PC-3,0
Paclitaxel,Dactinomycin,RPMI-8226,1
Paclitaxel,Dactinomycin,T-47D,0
Paclitaxel,Dactinomycin,UO-31,0
Paclitaxel,Nilotinib,HS 578T,0
Paclitaxel,Nilotinib,HT29,0
Paclitaxel,Nilotinib,IGROV1,0
Paclitaxel,Nilotinib,LOX IMVI,0
Paclitaxel,Nilotinib,MCF7,0
Paclitaxel,Nilotinib,NCI-H460,0
Paclitaxel,Nilotinib,PC-3,0
Paclitaxel,Nilotinib,RPMI-8226,0
Paclitaxel,Nilotinib,T-47D,0
Paclitaxel,Nilotinib,UO-31,0
Paclitaxel,2-fluoroAraA (fludarabine),HS 578T,0
Paclitaxel,2-fluoroAraA (fludarabine),HT29,0
Paclitaxel,2-fluoroAraA (fludarabine),IGROV1,0
Paclitaxel,2-fluoroAraA (fludarabine),LOX IMVI,0
Paclitaxel,2-fluoroAraA (fludarabine),MCF7,0
Paclitaxel,2-fluoroAraA (fludarabine),NCI-H460,0
Paclitaxel,2-fluoroAraA (fludarabine),PC-3,0
Paclitaxel,2-fluoroAraA (fludarabine),T-47D,0
Paclitaxel,2-fluoroAraA (fludarabine),UO-31,0
Paclitaxel,Mercaptopurine,HS 578T,0
Paclitaxel,Mercaptopurine,HT29,0
Paclitaxel,Mercaptopurine,IGROV1,0
Paclitaxel,Mercaptopurine,LOX IMVI,0
Paclitaxel,Mercaptopurine,MCF7,0
Paclitaxel,Mercaptopurine,NCI-H460,0
Paclitaxel,Mercaptopurine,PC-3,0
Paclitaxel,Mercaptopurine,RPMI-8226,0
Paclitaxel,Mercaptopurine,SK-MEL-2,0
Paclitaxel,Mercaptopurine,T-47D,0
Paclitaxel,Mercaptopurine,UO-31,0
Paclitaxel,Dasatinib,HS 578T,1
Paclitaxel,Dasatinib,HT29,0
Paclitaxel,Dasatinib,IGROV1,0
Paclitaxel,Dasatinib,LOX IMVI,1
Paclitaxel,Dasatinib,MCF7,0
Paclitaxel,Dasatinib,NCI-H460,1
Paclitaxel,Dasatinib,PC-3,1
Paclitaxel,Dasatinib,RPMI-8226,1
Paclitaxel,Dasatinib,T-47D,0
Paclitaxel,Dasatinib,UO-31,1
Paclitaxel,Sirolimus (rapamycin),HS 578T,0
Paclitaxel,Sirolimus (rapamycin),HT29,0
Paclitaxel,Sirolimus (rapamycin),IGROV1,1
Paclitaxel,Sirolimus (rapamycin),LOX IMVI,0
Paclitaxel,Sirolimus (rapamycin),MCF7,1
Paclitaxel,Sirolimus (rapamycin),NCI-H460,1
Paclitaxel,Sirolimus (rapamycin),PC-3,1
Paclitaxel,Sirolimus (rapamycin),RPMI-8226,0
Paclitaxel,Sirolimus (rapamycin),T-47D,0
Paclitaxel,Sirolimus (rapamycin),UO-31,1
Paclitaxel,Sunitinib,HS 578T,0
Paclitaxel,Sunitinib,HT29,0
Paclitaxel,Sunitinib,IGROV1,0
Paclitaxel,Sunitinib,LOX IMVI,1
Paclitaxel,Sunitinib,MCF7,0
Paclitaxel,Sunitinib,NCI-H460,0
Paclitaxel,Sunitinib,PC-3,1
Paclitaxel,Sunitinib,RPMI-8226,1
Paclitaxel,Sunitinib,T-47D,0
Paclitaxel,Sunitinib,UO-31,1
Paclitaxel,Axitinib,HS 578T,0
Paclitaxel,Axitinib,HT29,0
Paclitaxel,Axitinib,IGROV1,0
Paclitaxel,Axitinib,LOX IMVI,0
Paclitaxel,Axitinib,MCF7,0
Paclitaxel,Axitinib,NCI-H460,0
Paclitaxel,Axitinib,PC-3,0
Paclitaxel,Axitinib,RPMI-8226,0
Paclitaxel,Axitinib,SK-MEL-2,0
Paclitaxel,Axitinib,T-47D,0
Paclitaxel,Axitinib,UO-31,1
Paclitaxel,Crizotinib,HS 578T,0
Paclitaxel,Crizotinib,HT29,0
Paclitaxel,Crizotinib,IGROV1,0
Paclitaxel,Crizotinib,LOX IMVI,1
Paclitaxel,Crizotinib,MCF7,0
Paclitaxel,Crizotinib,NCI-H460,0
Paclitaxel,Crizotinib,PC-3,0
Paclitaxel,Crizotinib,RPMI-8226,0
Paclitaxel,Crizotinib,SK-MEL-2,0
Paclitaxel,Crizotinib,T-47D,0
Paclitaxel,Crizotinib,UO-31,1
Paclitaxel,Ruxolitinib,HS 578T,0
Paclitaxel,Ruxolitinib,HT29,0
Paclitaxel,Ruxolitinib,IGROV1,0
Paclitaxel,Ruxolitinib,LOX IMVI,0
Paclitaxel,Ruxolitinib,MCF7,0
Paclitaxel,Ruxolitinib,NCI-H460,0
Paclitaxel,Ruxolitinib,PC-3,0
Paclitaxel,Ruxolitinib,RPMI-8226,0
Paclitaxel,Ruxolitinib,SK-MEL-2,0
Paclitaxel,Ruxolitinib,T-47D,0
Paclitaxel,Ruxolitinib,UO-31,1
Paclitaxel,Vemurafenib,HS 578T,0
Paclitaxel,Vemurafenib,HT29,1
Paclitaxel,Vemurafenib,IGROV1,0
Paclitaxel,Vemurafenib,LOX IMVI,1
Paclitaxel,Vemurafenib,MCF7,0
Paclitaxel,Vemurafenib,NCI-H460,0
Paclitaxel,Vemurafenib,PC-3,0
Paclitaxel,Vemurafenib,RPMI-8226,0
Paclitaxel,Vemurafenib,SK-MEL-2,0
Paclitaxel,Vemurafenib,T-47D,0
Paclitaxel,Vemurafenib,UO-31,1
Paclitaxel,Everolimus,HS 578T,1
Paclitaxel,Everolimus,HT29,1
Paclitaxel,Everolimus,IGROV1,0
Paclitaxel,Everolimus,LOX IMVI,0
Paclitaxel,Everolimus,MCF7,0
Paclitaxel,Everolimus,NCI-H460,0
Paclitaxel,Everolimus,PC-3,1
Paclitaxel,Everolimus,RPMI-8226,1
Paclitaxel,Everolimus,T-47D,1
Paclitaxel,Everolimus,UO-31,0
Paclitaxel,Dacarbazine,HS 578T,0
Paclitaxel,Dacarbazine,HT29,0
Paclitaxel,Dacarbazine,IGROV1,0
Paclitaxel,Dacarbazine,LOX IMVI,0
Paclitaxel,Dacarbazine,MCF7,0
Paclitaxel,Dacarbazine,NCI-H460,0
Paclitaxel,Dacarbazine,PC-3,0
Paclitaxel,Dacarbazine,RPMI-8226,0
Paclitaxel,Dacarbazine,SK-MEL-2,0
Paclitaxel,Dacarbazine,T-47D,0
Paclitaxel,Dacarbazine,UO-31,0
Paclitaxel,Allopurinol,HS 578T,0
Paclitaxel,Allopurinol,HT29,0
Paclitaxel,Allopurinol,IGROV1,0
Paclitaxel,Allopurinol,LOX IMVI,0
Paclitaxel,Allopurinol,MCF7,0
Paclitaxel,Allopurinol,NCI-H460,0
Paclitaxel,Allopurinol,PC-3,0
Paclitaxel,Allopurinol,RPMI-8226,0
Paclitaxel,Allopurinol,T-47D,0
Paclitaxel,Allopurinol,UO-31,0
Etoposide,Imiquimod,HS 578T,0
Etoposide,Imiquimod,HT29,0
Etoposide,Imiquimod,IGROV1,0
Etoposide,Imiquimod,LOX IMVI,0
Etoposide,Imiquimod,MCF7,0
Etoposide,Imiquimod,NCI-H460,0
Etoposide,Imiquimod,PC-3,0
Etoposide,Imiquimod,RPMI-8226,0
Etoposide,Imiquimod,SK-MEL-2,0
Etoposide,Imiquimod,T-47D,0
Etoposide,Imiquimod,UO-31,0
Etoposide,Exemestane,HS 578T,1
Etoposide,Exemestane,HT29,0
Etoposide,Exemestane,IGROV1,1
Etoposide,Exemestane,LOX IMVI,1
Etoposide,Exemestane,MCF7,0
Etoposide,Exemestane,NCI-H460,1
Etoposide,Exemestane,PC-3,0
Etoposide,Exemestane,RPMI-8226,1
Etoposide,Exemestane,SK-MEL-2,1
Etoposide,Exemestane,T-47D,0
Etoposide,Exemestane,UO-31,1
Etoposide,Dexrazoxane,HS 578T,1
Etoposide,Dexrazoxane,HT29,1
Etoposide,Dexrazoxane,IGROV1,1
Etoposide,Dexrazoxane,LOX IMVI,1
Etoposide,Dexrazoxane,MCF7,0
Etoposide,Dexrazoxane,NCI-H460,1
Etoposide,Dexrazoxane,PC-3,1
Etoposide,Dexrazoxane,SK-MEL-2,1
Etoposide,Dexrazoxane,T-47D,0
Etoposide,Dexrazoxane,UO-31,1
Etoposide,Fulvestrant,HS 578T,0
Etoposide,Fulvestrant,HT29,1
Etoposide,Fulvestrant,IGROV1,0
Etoposide,Fulvestrant,LOX IMVI,0
Etoposide,Fulvestrant,MCF7,1
Etoposide,Fulvestrant,NCI-H460,0
Etoposide,Fulvestrant,PC-3,0
Etoposide,Fulvestrant,RPMI-8226,0
Etoposide,Fulvestrant,SK-MEL-2,0
Etoposide,Fulvestrant,T-47D,0
Etoposide,Fulvestrant,UO-31,0
Etoposide,Clofarabine,HS 578T,0
Etoposide,Clofarabine,HT29,0
Etoposide,Clofarabine,IGROV1,0
Etoposide,Clofarabine,LOX IMVI,0
Etoposide,Clofarabine,MCF7,1
Etoposide,Clofarabine,NCI-H460,0
Etoposide,Clofarabine,PC-3,0
Etoposide,Clofarabine,RPMI-8226,0
Etoposide,Clofarabine,SK-MEL-2,0
Etoposide,Clofarabine,T-47D,0
Etoposide,Clofarabine,UO-31,0
Etoposide,Gefitinib,HS 578T,1
Etoposide,Gefitinib,HT29,1
Etoposide,Gefitinib,IGROV1,1
Etoposide,Gefitinib,LOX IMVI,1
Etoposide,Gefitinib,MCF7,1
Etoposide,Gefitinib,NCI-H460,1
Etoposide,Gefitinib,PC-3,1
Etoposide,Gefitinib,RPMI-8226,0
Etoposide,Gefitinib,SK-MEL-2,1
Etoposide,Gefitinib,T-47D,1
Etoposide,Gefitinib,UO-31,1
Etoposide,Methotrexate,HS 578T,0
Etoposide,Methotrexate,HT29,0
Etoposide,Methotrexate,IGROV1,0
Etoposide,Methotrexate,LOX IMVI,0
Etoposide,Methotrexate,MCF7,1
Etoposide,Methotrexate,NCI-H460,0
Etoposide,Methotrexate,PC-3,0
Etoposide,Methotrexate,RPMI-8226,0
Etoposide,Methotrexate,SK-MEL-2,0
Etoposide,Methotrexate,T-47D,0
Etoposide,Methotrexate,UO-31,0
Etoposide,Abiraterone,HS 578T,0
Etoposide,Abiraterone,HT29,1
Etoposide,Abiraterone,IGROV1,1
Etoposide,Abiraterone,LOX IMVI,1
Etoposide,Abiraterone,MCF7,0
Etoposide,Abiraterone,NCI-H460,0
Etoposide,Abiraterone,PC-3,0
Etoposide,Abiraterone,RPMI-8226,0
Etoposide,Abiraterone,SK-MEL-2,0
Etoposide,Abiraterone,T-47D,0
Etoposide,Docetaxel,HS 578T,0
Etoposide,Docetaxel,HT29,0
Etoposide,Docetaxel,IGROV1,0
Etoposide,Docetaxel,LOX IMVI,0
Etoposide,Docetaxel,MCF7,0
Etoposide,Docetaxel,NCI-H460,0
Etoposide,Docetaxel,PC-3,0
Etoposide,Docetaxel,SK-MEL-2,0
Etoposide,Docetaxel,T-47D,0
Etoposide,Docetaxel,UO-31,1
Etoposide,Erlotinib,HS 578T,0
Etoposide,Erlotinib,HT29,0
Etoposide,Erlotinib,IGROV1,1
Etoposide,Erlotinib,LOX IMVI,0
Etoposide,Erlotinib,MCF7,1
Etoposide,Erlotinib,NCI-H460,0
Etoposide,Erlotinib,PC-3,0
Etoposide,Erlotinib,RPMI-8226,0
Etoposide,Erlotinib,SK-MEL-2,0
Etoposide,Erlotinib,T-47D,0
Etoposide,Erlotinib,UO-31,1
Etoposide,Lapatinib,HS 578T,0
Etoposide,Lapatinib,HT29,0
Etoposide,Lapatinib,IGROV1,1
Etoposide,Lapatinib,LOX IMVI,0
Etoposide,Lapatinib,MCF7,0
Etoposide,Lapatinib,NCI-H460,0
Etoposide,Lapatinib,PC-3,0
Etoposide,Lapatinib,T-47D,0
Etoposide,Lapatinib,UO-31,1
Etoposide,Sorafenib,HS 578T,0
Etoposide,Sorafenib,HT29,0
Etoposide,Sorafenib,IGROV1,1
Etoposide,Sorafenib,LOX IMVI,0
Etoposide,Sorafenib,MCF7,0
Etoposide,Sorafenib,NCI-H460,1
Etoposide,Sorafenib,PC-3,0
Etoposide,Sorafenib,RPMI-8226,0
Etoposide,Sorafenib,T-47D,0
Etoposide,Sorafenib,UO-31,0
Etoposide,Lenalidomide,HS 578T,0
Etoposide,Lenalidomide,HT29,0
Etoposide,Lenalidomide,IGROV1,1
Etoposide,Lenalidomide,LOX IMVI,1
Etoposide,Lenalidomide,MCF7,0
Etoposide,Lenalidomide,NCI-H460,0
Etoposide,Lenalidomide,PC-3,0
Etoposide,Lenalidomide,RPMI-8226,0
Etoposide,Lenalidomide,SK-MEL-2,0
Etoposide,Lenalidomide,T-47D,0
Etoposide,Lenalidomide,UO-31,0
Etoposide,Capecitabine,HS 578T,0
Etoposide,Capecitabine,HT29,0
Etoposide,Capecitabine,IGROV1,0
Etoposide,Capecitabine,LOX IMVI,0
Etoposide,Capecitabine,MCF7,0
Etoposide,Capecitabine,NCI-H460,0
Etoposide,Capecitabine,PC-3,0
Etoposide,Capecitabine,RPMI-8226,0
Etoposide,Capecitabine,SK-MEL-2,0
Etoposide,Capecitabine,T-47D,0
Etoposide,Capecitabine,UO-31,0
Etoposide,Tretinoin,HS 578T,1
Etoposide,Tretinoin,HT29,1
Etoposide,Tretinoin,IGROV1,1
Etoposide,Tretinoin,LOX IMVI,0
Etoposide,Tretinoin,MCF7,1
Etoposide,Tretinoin,NCI-H460,0
Etoposide,Tretinoin,PC-3,0
Etoposide,Tretinoin,RPMI-8226,1
Etoposide,Tretinoin,SK-MEL-2,0
Etoposide,Tretinoin,T-47D,0
Etoposide,Tretinoin,UO-31,1
Etoposide,Decitabine,HS 578T,0
Etoposide,Decitabine,HT29,1
Etoposide,Decitabine,IGROV1,1
Etoposide,Decitabine,LOX IMVI,1
Etoposide,Decitabine,MCF7,1
Etoposide,Decitabine,NCI-H460,0
Etoposide,Decitabine,PC-3,0
Etoposide,Decitabine,RPMI-8226,1
Etoposide,Decitabine,SK-MEL-2,1
Etoposide,Decitabine,T-47D,0
Etoposide,Decitabine,UO-31,0
Etoposide,Teniposide,HS 578T,1
Etoposide,Teniposide,HT29,1
Etoposide,Teniposide,IGROV1,1
Etoposide,Teniposide,LOX IMVI,1
Etoposide,Teniposide,MCF7,0
Etoposide,Teniposide,NCI-H460,1
Etoposide,Teniposide,PC-3,1
Etoposide,Teniposide,RPMI-8226,0
Etoposide,Teniposide,SK-MEL-2,0
Etoposide,Teniposide,T-47D,1
Etoposide,Teniposide,UO-31,1
Etoposide,Dactinomycin,HS 578T,1
Etoposide,Dactinomycin,HT29,1
Etoposide,Dactinomycin,IGROV1,1
Etoposide,Dactinomycin,LOX IMVI,1
Etoposide,Dactinomycin,MCF7,1
Etoposide,Dactinomycin,NCI-H460,1
Etoposide,Dactinomycin,PC-3,1
Etoposide,Dactinomycin,RPMI-8226,1
Etoposide,Dactinomycin,SK-MEL-2,1
Etoposide,Dactinomycin,T-47D,0
Etoposide,Dactinomycin,UO-31,0
Etoposide,Nilotinib,HS 578T,0
Etoposide,Nilotinib,HT29,0
Etoposide,Nilotinib,IGROV1,0
Etoposide,Nilotinib,LOX IMVI,0
Etoposide,Nilotinib,MCF7,0
Etoposide,Nilotinib,NCI-H460,0
Etoposide,Nilotinib,PC-3,0
Etoposide,Nilotinib,RPMI-8226,0
Etoposide,Nilotinib,T-47D,0
Etoposide,Nilotinib,UO-31,0
Etoposide,2-fluoroAraA (fludarabine),HS 578T,0
Etoposide,2-fluoroAraA (fludarabine),HT29,0
Etoposide,2-fluoroAraA (fludarabine),IGROV1,0
Etoposide,2-fluoroAraA (fludarabine),LOX IMVI,0
Etoposide,2-fluoroAraA (fludarabine),MCF7,0
Etoposide,2-fluoroAraA (fludarabine),NCI-H460,0
Etoposide,2-fluoroAraA (fludarabine),PC-3,0
Etoposide,2-fluoroAraA (fludarabine),RPMI-8226,0
Etoposide,2-fluoroAraA (fludarabine),SK-MEL-2,0
Etoposide,2-fluoroAraA (fludarabine),T-47D,0
Etoposide,2-fluoroAraA (fludarabine),UO-31,0
Etoposide,Mercaptopurine,HS 578T,0
Etoposide,Mercaptopurine,HT29,0
Etoposide,Mercaptopurine,IGROV1,1
Etoposide,Mercaptopurine,LOX IMVI,0
Etoposide,Mercaptopurine,MCF7,0
Etoposide,Mercaptopurine,NCI-H460,0
Etoposide,Mercaptopurine,PC-3,0
Etoposide,Mercaptopurine,RPMI-8226,0
Etoposide,Mercaptopurine,SK-MEL-2,0
Etoposide,Mercaptopurine,T-47D,0
Etoposide,Mercaptopurine,UO-31,1
Etoposide,Dasatinib,HS 578T,1
Etoposide,Dasatinib,HT29,1
Etoposide,Dasatinib,IGROV1,1
Etoposide,Dasatinib,LOX IMVI,1
Etoposide,Dasatinib,MCF7,1
Etoposide,Dasatinib,NCI-H460,1
Etoposide,Dasatinib,PC-3,0
Etoposide,Dasatinib,RPMI-8226,0
Etoposide,Dasatinib,T-47D,1
Etoposide,Dasatinib,UO-31,1
Etoposide,Sirolimus (rapamycin),HS 578T,0
Etoposide,Sirolimus (rapamycin),HT29,0
Etoposide,Sirolimus (rapamycin),IGROV1,0
Etoposide,Sirolimus (rapamycin),LOX IMVI,0
Etoposide,Sirolimus (rapamycin),MCF7,0
Etoposide,Sirolimus (rapamycin),NCI-H460,1
Etoposide,Sirolimus (rapamycin),PC-3,0
Etoposide,Sirolimus (rapamycin),RPMI-8226,0
Etoposide,Sirolimus (rapamycin),SK-MEL-2,1
Etoposide,Sirolimus (rapamycin),T-47D,0
Etoposide,Sirolimus (rapamycin),UO-31,0
Etoposide,Sunitinib,HS 578T,0
Etoposide,Sunitinib,HT29,0
Etoposide,Sunitinib,IGROV1,0
Etoposide,Sunitinib,LOX IMVI,0
Etoposide,Sunitinib,MCF7,0
Etoposide,Sunitinib,NCI-H460,0
Etoposide,Sunitinib,PC-3,0
Etoposide,Sunitinib,RPMI-8226,0
Etoposide,Sunitinib,T-47D,0
Etoposide,Sunitinib,UO-31,0
Etoposide,Axitinib,HS 578T,1
Etoposide,Axitinib,HT29,1
Etoposide,Axitinib,IGROV1,0
Etoposide,Axitinib,LOX IMVI,1
Etoposide,Axitinib,MCF7,0
Etoposide,Axitinib,NCI-H460,0
Etoposide,Axitinib,PC-3,0
Etoposide,Axitinib,RPMI-8226,0
Etoposide,Axitinib,SK-MEL-2,0
Etoposide,Axitinib,T-47D,0
Etoposide,Axitinib,UO-31,1
Etoposide,Crizotinib,HS 578T,0
Etoposide,Crizotinib,HT29,1
Etoposide,Crizotinib,IGROV1,0
Etoposide,Crizotinib,LOX IMVI,1
Etoposide,Crizotinib,MCF7,0
Etoposide,Crizotinib,NCI-H460,0
Etoposide,Crizotinib,PC-3,0
Etoposide,Crizotinib,RPMI-8226,0
Etoposide,Crizotinib,SK-MEL-2,1
Etoposide,Crizotinib,T-47D,0
Etoposide,Crizotinib,UO-31,1
Etoposide,Ruxolitinib,HS 578T,0
Etoposide,Ruxolitinib,HT29,0
Etoposide,Ruxolitinib,IGROV1,0
Etoposide,Ruxolitinib,LOX IMVI,1
Etoposide,Ruxolitinib,MCF7,0
Etoposide,Ruxolitinib,NCI-H460,0
Etoposide,Ruxolitinib,PC-3,0
Etoposide,Ruxolitinib,RPMI-8226,0
Etoposide,Ruxolitinib,SK-MEL-2,0
Etoposide,Ruxolitinib,T-47D,0
Etoposide,Ruxolitinib,UO-31,1
Etoposide,Vemurafenib,HS 578T,0
Etoposide,Vemurafenib,HT29,0
Etoposide,Vemurafenib,IGROV1,0
Etoposide,Vemurafenib,LOX IMVI,1
Etoposide,Vemurafenib,MCF7,0
Etoposide,Vemurafenib,NCI-H460,0
Etoposide,Vemurafenib,PC-3,0
Etoposide,Vemurafenib,RPMI-8226,0
Etoposide,Vemurafenib,SK-MEL-2,0
Etoposide,Vemurafenib,T-47D,0
Etoposide,Vemurafenib,UO-31,1
Etoposide,Everolimus,HS 578T,1
Etoposide,Everolimus,HT29,1
Etoposide,Everolimus,IGROV1,1
Etoposide,Everolimus,LOX IMVI,1
Etoposide,Everolimus,MCF7,1
Etoposide,Everolimus,NCI-H460,1
Etoposide,Everolimus,PC-3,0
Etoposide,Everolimus,RPMI-8226,1
Etoposide,Everolimus,SK-MEL-2,0
Etoposide,Everolimus,T-47D,1
Etoposide,Everolimus,UO-31,1
Etoposide,Dacarbazine,HS 578T,1
Etoposide,Dacarbazine,HT29,0
Etoposide,Dacarbazine,IGROV1,1
Etoposide,Dacarbazine,LOX IMVI,1
Etoposide,Dacarbazine,MCF7,0
Etoposide,Dacarbazine,NCI-H460,0
Etoposide,Dacarbazine,PC-3,0
Etoposide,Dacarbazine,RPMI-8226,0
Etoposide,Dacarbazine,SK-MEL-2,0
Etoposide,Dacarbazine,T-47D,0
Etoposide,Dacarbazine,UO-31,0
Etoposide,Allopurinol,HS 578T,0
Etoposide,Allopurinol,HT29,0
Etoposide,Allopurinol,IGROV1,0
Etoposide,Allopurinol,LOX IMVI,0
Etoposide,Allopurinol,MCF7,0
Etoposide,Allopurinol,NCI-H460,0
Etoposide,Allopurinol,PC-3,0
Etoposide,Allopurinol,RPMI-8226,0
Etoposide,Allopurinol,SK-MEL-2,0
Etoposide,Allopurinol,T-47D,0
Etoposide,Allopurinol,UO-31,1
Imiquimod,Exemestane,HS 578T,1
Imiquimod,Exemestane,HT29,0
Imiquimod,Exemestane,IGROV1,0
Imiquimod,Exemestane,LOX IMVI,1
Imiquimod,Exemestane,MCF7,0
Imiquimod,Exemestane,NCI-H460,0
Imiquimod,Exemestane,PC-3,1
Imiquimod,Exemestane,RPMI-8226,1
Imiquimod,Exemestane,SK-MEL-2,1
Imiquimod,Exemestane,T-47D,0
Imiquimod,Exemestane,UO-31,1
Imiquimod,Dexrazoxane,HS 578T,1
Imiquimod,Dexrazoxane,HT29,1
Imiquimod,Dexrazoxane,IGROV1,0
Imiquimod,Dexrazoxane,LOX IMVI,0
Imiquimod,Dexrazoxane,MCF7,0
Imiquimod,Dexrazoxane,NCI-H460,0
Imiquimod,Dexrazoxane,PC-3,1
Imiquimod,Dexrazoxane,RPMI-8226,0
Imiquimod,Dexrazoxane,SK-MEL-2,1
Imiquimod,Dexrazoxane,T-47D,0
Imiquimod,Dexrazoxane,UO-31,0
Imiquimod,Fulvestrant,HS 578T,0
Imiquimod,Fulvestrant,HT29,0
Imiquimod,Fulvestrant,IGROV1,0
Imiquimod,Fulvestrant,MCF7,0
Imiquimod,Fulvestrant,NCI-H460,0
Imiquimod,Fulvestrant,PC-3,1
Imiquimod,Fulvestrant,RPMI-8226,1
Imiquimod,Fulvestrant,SK-MEL-2,1
Imiquimod,Fulvestrant,T-47D,1
Imiquimod,Fulvestrant,UO-31,0
Imiquimod,Clofarabine,HS 578T,1
Imiquimod,Clofarabine,HT29,0
Imiquimod,Clofarabine,IGROV1,1
Imiquimod,Clofarabine,LOX IMVI,0
Imiquimod,Clofarabine,MCF7,1
Imiquimod,Clofarabine,NCI-H460,1
Imiquimod,Clofarabine,PC-3,0
Imiquimod,Clofarabine,RPMI-8226,1
Imiquimod,Clofarabine,T-47D,1
Imiquimod,Clofarabine,UO-31,1
Imiquimod,Gefitinib,HS 578T,0
Imiquimod,Gefitinib,HT29,1
Imiquimod,Gefitinib,IGROV1,0
Imiquimod,Gefitinib,LOX IMVI,0
Imiquimod,Gefitinib,MCF7,0
Imiquimod,Gefitinib,NCI-H460,0
Imiquimod,Gefitinib,PC-3,0
Imiquimod,Gefitinib,RPMI-8226,0
Imiquimod,Gefitinib,SK-MEL-2,0
Imiquimod,Gefitinib,T-47D,0
Imiquimod,Gefitinib,UO-31,0
Imiquimod,Methotrexate,HS 578T,1
Imiquimod,Methotrexate,HT29,0
Imiquimod,Methotrexate,IGROV1,0
Imiquimod,Methotrexate,LOX IMVI,0
Imiquimod,Methotrexate,MCF7,0
Imiquimod,Methotrexate,NCI-H460,0
Imiquimod,Methotrexate,PC-3,0
Imiquimod,Methotrexate,RPMI-8226,0
Imiquimod,Methotrexate,T-47D,1
Imiquimod,Methotrexate,UO-31,0
Imiquimod,Abiraterone,HS 578T,0
Imiquimod,Abiraterone,HT29,0
Imiquimod,Abiraterone,IGROV1,0
Imiquimod,Abiraterone,LOX IMVI,1
Imiquimod,Abiraterone,MCF7,0
Imiquimod,Abiraterone,NCI-H460,1
Imiquimod,Abiraterone,PC-3,1
Imiquimod,Abiraterone,RPMI-8226,0
Imiquimod,Abiraterone,SK-MEL-2,1
Imiquimod,Abiraterone,T-47D,0
Imiquimod,Abiraterone,UO-31,0
Imiquimod,Docetaxel,HS 578T,0
Imiquimod,Docetaxel,HT29,0
Imiquimod,Docetaxel,LOX IMVI,0
Imiquimod,Docetaxel,MCF7,0
Imiquimod,Docetaxel,PC-3,0
Imiquimod,Docetaxel,RPMI-8226,0
Imiquimod,Docetaxel,T-47D,0
Imiquimod,Docetaxel,UO-31,1
Imiquimod,Erlotinib,HS 578T,0
Imiquimod,Erlotinib,HT29,0
Imiquimod,Erlotinib,IGROV1,0
Imiquimod,Erlotinib,LOX IMVI,0
Imiquimod,Erlotinib,MCF7,0
Imiquimod,Erlotinib,NCI-H460,0
Imiquimod,Erlotinib,PC-3,1
Imiquimod,Erlotinib,RPMI-8226,0
Imiquimod,Erlotinib,SK-MEL-2,0
Imiquimod,Erlotinib,T-47D,1
Imiquimod,Erlotinib,UO-31,0
Imiquimod,Lapatinib,HS 578T,1
Imiquimod,Lapatinib,HT29,1
Imiquimod,Lapatinib,IGROV1,0
Imiquimod,Lapatinib,MCF7,0
Imiquimod,Lapatinib,NCI-H460,0
Imiquimod,Lapatinib,PC-3,1
Imiquimod,Lapatinib,RPMI-8226,0
Imiquimod,Lapatinib,SK-MEL-2,0
Imiquimod,Lapatinib,T-47D,1
Imiquimod,Lapatinib,UO-31,0
Imiquimod,Sorafenib,HS 578T,1
Imiquimod,Sorafenib,HT29,1
Imiquimod,Sorafenib,IGROV1,0
Imiquimod,Sorafenib,MCF7,1
Imiquimod,Sorafenib,NCI-H460,1
Imiquimod,Sorafenib,PC-3,1
Imiquimod,Sorafenib,RPMI-8226,1
Imiquimod,Sorafenib,T-47D,0
Imiquimod,Sorafenib,UO-31,0
Imiquimod,Lenalidomide,HS 578T,1
Imiquimod,Lenalidomide,HT29,1
Imiquimod,Lenalidomide,IGROV1,1
Imiquimod,Lenalidomide,LOX IMVI,0
Imiquimod,Lenalidomide,MCF7,0
Imiquimod,Lenalidomide,NCI-H460,1
Imiquimod,Lenalidomide,PC-3,1
Imiquimod,Lenalidomide,RPMI-8226,0
Imiquimod,Lenalidomide,SK-MEL-2,0
Imiquimod,Lenalidomide,T-47D,1
Imiquimod,Lenalidomide,UO-31,0
Imiquimod,Capecitabine,HS 578T,0
Imiquimod,Capecitabine,HT29,0
Imiquimod,Capecitabine,IGROV1,0
Imiquimod,Capecitabine,MCF7,0
Imiquimod,Capecitabine,NCI-H460,0
Imiquimod,Capecitabine,PC-3,1
Imiquimod,Capecitabine,RPMI-8226,1
Imiquimod,Capecitabine,SK-MEL-2,0
Imiquimod,Capecitabine,T-47D,0
Imiquimod,Capecitabine,UO-31,0
Imiquimod,Tretinoin,HS 578T,0
Imiquimod,Tretinoin,HT29,0
Imiquimod,Tretinoin,IGROV1,0
Imiquimod,Tretinoin,LOX IMVI,0
Imiquimod,Tretinoin,MCF7,1
Imiquimod,Tretinoin,NCI-H460,1
Imiquimod,Tretinoin,PC-3,0
Imiquimod,Tretinoin,RPMI-8226,0
Imiquimod,Tretinoin,T-47D,1
Imiquimod,Tretinoin,UO-31,0
Imiquimod,Decitabine,HS 578T,0
Imiquimod,Decitabine,HT29,0
Imiquimod,Decitabine,IGROV1,0
Imiquimod,Decitabine,LOX IMVI,0
Imiquimod,Decitabine,MCF7,0
Imiquimod,Decitabine,NCI-H460,0
Imiquimod,Decitabine,PC-3,0
Imiquimod,Decitabine,RPMI-8226,0
Imiquimod,Decitabine,SK-MEL-2,0
Imiquimod,Decitabine,T-47D,0
Imiquimod,Decitabine,UO-31,0
Imiquimod,Teniposide,HS 578T,0
Imiquimod,Teniposide,HT29,0
Imiquimod,Teniposide,IGROV1,0
Imiquimod,Teniposide,LOX IMVI,0
Imiquimod,Teniposide,MCF7,0
Imiquimod,Teniposide,NCI-H460,0
Imiquimod,Teniposide,PC-3,0
Imiquimod,Teniposide,RPMI-8226,0
Imiquimod,Teniposide,SK-MEL-2,0
Imiquimod,Teniposide,T-47D,0
Imiquimod,Teniposide,UO-31,0
Imiquimod,Dactinomycin,HS 578T,0
Imiquimod,Dactinomycin,HT29,0
Imiquimod,Dactinomycin,IGROV1,0
Imiquimod,Dactinomycin,LOX IMVI,0
Imiquimod,Dactinomycin,MCF7,0
Imiquimod,Dactinomycin,PC-3,0
Imiquimod,Dactinomycin,UO-31,0
Imiquimod,Nilotinib,HS 578T,0
Imiquimod,Nilotinib,HT29,0
Imiquimod,Nilotinib,IGROV1,0
Imiquimod,Nilotinib,MCF7,0
Imiquimod,Nilotinib,NCI-H460,1
Imiquimod,Nilotinib,PC-3,1
Imiquimod,Nilotinib,RPMI-8226,1
Imiquimod,Nilotinib,SK-MEL-2,1
Imiquimod,Nilotinib,T-47D,0
Imiquimod,Nilotinib,UO-31,0
Imiquimod,2-fluoroAraA (fludarabine),HS 578T,0
Imiquimod,2-fluoroAraA (fludarabine),HT29,0
Imiquimod,2-fluoroAraA (fludarabine),IGROV1,0
Imiquimod,2-fluoroAraA (fludarabine),LOX IMVI,0
Imiquimod,2-fluoroAraA (fludarabine),MCF7,0
Imiquimod,2-fluoroAraA (fludarabine),NCI-H460,0
Imiquimod,2-fluoroAraA (fludarabine),PC-3,0
Imiquimod,2-fluoroAraA (fludarabine),RPMI-8226,1
Imiquimod,2-fluoroAraA (fludarabine),T-47D,0
Imiquimod,2-fluoroAraA (fludarabine),UO-31,0
Imiquimod,Mercaptopurine,HS 578T,0
Imiquimod,Mercaptopurine,HT29,1
Imiquimod,Mercaptopurine,IGROV1,0
Imiquimod,Mercaptopurine,LOX IMVI,0
Imiquimod,Mercaptopurine,MCF7,0
Imiquimod,Mercaptopurine,NCI-H460,1
Imiquimod,Mercaptopurine,PC-3,1
Imiquimod,Mercaptopurine,RPMI-8226,0
Imiquimod,Mercaptopurine,T-47D,0
Imiquimod,Mercaptopurine,UO-31,0
Imiquimod,Dasatinib,HS 578T,0
Imiquimod,Dasatinib,HT29,1
Imiquimod,Dasatinib,IGROV1,0
Imiquimod,Dasatinib,MCF7,0
Imiquimod,Dasatinib,NCI-H460,0
Imiquimod,Dasatinib,PC-3,0
Imiquimod,Dasatinib,RPMI-8226,0
Imiquimod,Dasatinib,SK-MEL-2,1
Imiquimod,Dasatinib,T-47D,1
Imiquimod,Dasatinib,UO-31,0
Imiquimod,Sirolimus (rapamycin),HS 578T,0
Imiquimod,Sirolimus (rapamycin),HT29,1
Imiquimod,Sirolimus (rapamycin),IGROV1,0
Imiquimod,Sirolimus (rapamycin),LOX IMVI,0
Imiquimod,Sirolimus (rapamycin),MCF7,0
Imiquimod,Sirolimus (rapamycin),NCI-H460,0
Imiquimod,Sirolimus (rapamycin),PC-3,0
Imiquimod,Sirolimus (rapamycin),RPMI-8226,0
Imiquimod,Sirolimus (rapamycin),T-47D,0
Imiquimod,Sirolimus (rapamycin),UO-31,0
Imiquimod,Sunitinib,HS 578T,0
Imiquimod,Sunitinib,HT29,0
Imiquimod,Sunitinib,IGROV1,0
Imiquimod,Sunitinib,MCF7,0
Imiquimod,Sunitinib,NCI-H460,0
Imiquimod,Sunitinib,PC-3,1
Imiquimod,Sunitinib,RPMI-8226,1
Imiquimod,Sunitinib,SK-MEL-2,1
Imiquimod,Sunitinib,T-47D,1
Imiquimod,Sunitinib,UO-31,0
Imiquimod,Axitinib,HS 578T,0
Imiquimod,Axitinib,HT29,0
Imiquimod,Axitinib,IGROV1,0
Imiquimod,Axitinib,LOX IMVI,1
Imiquimod,Axitinib,MCF7,0
Imiquimod,Axitinib,NCI-H460,1
Imiquimod,Axitinib,PC-3,0
Imiquimod,Axitinib,RPMI-8226,0
Imiquimod,Axitinib,SK-MEL-2,1
Imiquimod,Axitinib,T-47D,0
Imiquimod,Axitinib,UO-31,0
Imiquimod,Crizotinib,HS 578T,0
Imiquimod,Crizotinib,HT29,0
Imiquimod,Crizotinib,IGROV1,0
Imiquimod,Crizotinib,LOX IMVI,0
Imiquimod,Crizotinib,MCF7,0
Imiquimod,Crizotinib,NCI-H460,1
Imiquimod,Crizotinib,PC-3,0
Imiquimod,Crizotinib,RPMI-8226,0
Imiquimod,Crizotinib,SK-MEL-2,0
Imiquimod,Crizotinib,T-47D,0
Imiquimod,Crizotinib,UO-31,1
Imiquimod,Ruxolitinib,HS 578T,0
Imiquimod,Ruxolitinib,HT29,0
Imiquimod,Ruxolitinib,IGROV1,0
Imiquimod,Ruxolitinib,LOX IMVI,0
Imiquimod,Ruxolitinib,MCF7,0
Imiquimod,Ruxolitinib,NCI-H460,1
Imiquimod,Ruxolitinib,PC-3,0
Imiquimod,Ruxolitinib,RPMI-8226,0
Imiquimod,Ruxolitinib,SK-MEL-2,1
Imiquimod,Ruxolitinib,T-47D,0
Imiquimod,Ruxolitinib,UO-31,0
Imiquimod,Vemurafenib,HS 578T,0
Imiquimod,Vemurafenib,HT29,0
Imiquimod,Vemurafenib,IGROV1,1
Imiquimod,Vemurafenib,LOX IMVI,0
Imiquimod,Vemurafenib,MCF7,0
Imiquimod,Vemurafenib,NCI-H460,1
Imiquimod,Vemurafenib,PC-3,1
Imiquimod,Vemurafenib,RPMI-8226,0
Imiquimod,Vemurafenib,SK-MEL-2,0
Imiquimod,Vemurafenib,T-47D,0
Imiquimod,Vemurafenib,UO-31,0
Imiquimod,Everolimus,HS 578T,0
Imiquimod,Everolimus,HT29,0
Imiquimod,Everolimus,IGROV1,1
Imiquimod,Everolimus,MCF7,0
Imiquimod,Everolimus,NCI-H460,1
Imiquimod,Everolimus,PC-3,1
Imiquimod,Everolimus,SK-MEL-2,1
Imiquimod,Everolimus,T-47D,1
Imiquimod,Everolimus,UO-31,1
Imiquimod,Dacarbazine,HS 578T,0
Imiquimod,Dacarbazine,HT29,0
Imiquimod,Dacarbazine,IGROV1,0
Imiquimod,Dacarbazine,LOX IMVI,0
Imiquimod,Dacarbazine,MCF7,0
Imiquimod,Dacarbazine,NCI-H460,1
Imiquimod,Dacarbazine,PC-3,0
Imiquimod,Dacarbazine,RPMI-8226,1
Imiquimod,Dacarbazine,SK-MEL-2,1
Imiquimod,Dacarbazine,T-47D,0
Imiquimod,Dacarbazine,UO-31,0
Imiquimod,Allopurinol,HS 578T,0
Imiquimod,Allopurinol,HT29,0
Imiquimod,Allopurinol,IGROV1,0
Imiquimod,Allopurinol,MCF7,0
Imiquimod,Allopurinol,NCI-H460,0
Imiquimod,Allopurinol,PC-3,0
Imiquimod,Allopurinol,RPMI-8226,0
Imiquimod,Allopurinol,T-47D,1
Imiquimod,Allopurinol,UO-31,0
Exemestane,Dexrazoxane,HS 578T,0
Exemestane,Dexrazoxane,HT29,1
Exemestane,Dexrazoxane,IGROV1,1
Exemestane,Dexrazoxane,LOX IMVI,1
Exemestane,Dexrazoxane,MCF7,0
Exemestane,Dexrazoxane,NCI-H460,1
Exemestane,Dexrazoxane,PC-3,1
Exemestane,Dexrazoxane,RPMI-8226,0
Exemestane,Dexrazoxane,SK-MEL-2,0
Exemestane,Dexrazoxane,T-47D,0
Exemestane,Dexrazoxane,UO-31,1
Exemestane,Fulvestrant,HS 578T,0
Exemestane,Fulvestrant,HT29,0
Exemestane,Fulvestrant,IGROV1,0
Exemestane,Fulvestrant,LOX IMVI,0
Exemestane,Fulvestrant,MCF7,0
Exemestane,Fulvestrant,NCI-H460,1
Exemestane,Fulvestrant,PC-3,1
Exemestane,Fulvestrant,RPMI-8226,1
Exemestane,Fulvestrant,SK-MEL-2,0
Exemestane,Fulvestrant,T-47D,0
Exemestane,Fulvestrant,UO-31,0
Exemestane,Clofarabine,HS 578T,0
Exemestane,Clofarabine,HT29,0
Exemestane,Clofarabine,IGROV1,0
Exemestane,Clofarabine,LOX IMVI,0
Exemestane,Clofarabine,MCF7,0
Exemestane,Clofarabine,NCI-H460,0
Exemestane,Clofarabine,PC-3,0
Exemestane,Clofarabine,RPMI-8226,0
Exemestane,Clofarabine,SK-MEL-2,0
Exemestane,Clofarabine,T-47D,0
Exemestane,Clofarabine,UO-31,0
Exemestane,Gefitinib,HS 578T,0
Exemestane,Gefitinib,HT29,0
Exemestane,Gefitinib,IGROV1,1
Exemestane,Gefitinib,LOX IMVI,0
Exemestane,Gefitinib,MCF7,0
Exemestane,Gefitinib,NCI-H460,0
Exemestane,Gefitinib,PC-3,1
Exemestane,Gefitinib,RPMI-8226,0
Exemestane,Gefitinib,SK-MEL-2,0
Exemestane,Gefitinib,T-47D,1
Exemestane,Gefitinib,UO-31,1
Exemestane,Methotrexate,HS 578T,0
Exemestane,Methotrexate,HT29,1
Exemestane,Methotrexate,IGROV1,0
Exemestane,Methotrexate,LOX IMVI,1
Exemestane,Methotrexate,MCF7,0
Exemestane,Methotrexate,NCI-H460,0
Exemestane,Methotrexate,PC-3,1
Exemestane,Methotrexate,RPMI-8226,0
Exemestane,Methotrexate,SK-MEL-2,0
Exemestane,Methotrexate,T-47D,0
Exemestane,Methotrexate,UO-31,0
Exemestane,Abiraterone,HS 578T,0
Exemestane,Abiraterone,HT29,0
Exemestane,Abiraterone,IGROV1,0
Exemestane,Abiraterone,LOX IMVI,0
Exemestane,Abiraterone,MCF7,0
Exemestane,Abiraterone,NCI-H460,0
Exemestane,Abiraterone,PC-3,0
Exemestane,Abiraterone,RPMI-8226,0
Exemestane,Abiraterone,SK-MEL-2,0
Exemestane,Abiraterone,T-47D,0
Exemestane,Abiraterone,UO-31,1
Exemestane,Docetaxel,HS 578T,0
Exemestane,Docetaxel,HT29,0
Exemestane,Docetaxel,IGROV1,0
Exemestane,Docetaxel,LOX IMVI,0
Exemestane,Docetaxel,MCF7,0
Exemestane,Docetaxel,NCI-H460,0
Exemestane,Docetaxel,PC-3,0
Exemestane,Docetaxel,RPMI-8226,0
Exemestane,Docetaxel,SK-MEL-2,0
Exemestane,Docetaxel,T-47D,0
Exemestane,Docetaxel,UO-31,0
Exemestane,Erlotinib,HS 578T,1
Exemestane,Erlotinib,HT29,1
Exemestane,Erlotinib,IGROV1,1
Exemestane,Erlotinib,LOX IMVI,0
Exemestane,Erlotinib,MCF7,0
Exemestane,Erlotinib,NCI-H460,1
Exemestane,Erlotinib,PC-3,1
Exemestane,Erlotinib,RPMI-8226,1
Exemestane,Erlotinib,SK-MEL-2,0
Exemestane,Erlotinib,T-47D,1
Exemestane,Erlotinib,UO-31,0
Exemestane,Lapatinib,HS 578T,0
Exemestane,Lapatinib,HT29,1
Exemestane,Lapatinib,IGROV1,0
Exemestane,Lapatinib,LOX IMVI,0
Exemestane,Lapatinib,MCF7,0
Exemestane,Lapatinib,NCI-H460,0
Exemestane,Lapatinib,PC-3,0
Exemestane,Lapatinib,T-47D,0
Exemestane,Lapatinib,UO-31,0
Exemestane,Sorafenib,HS 578T,0
Exemestane,Sorafenib,HT29,1
Exemestane,Sorafenib,IGROV1,0
Exemestane,Sorafenib,LOX IMVI,0
Exemestane,Sorafenib,MCF7,0
Exemestane,Sorafenib,NCI-H460,0
Exemestane,Sorafenib,PC-3,1
Exemestane,Sorafenib,RPMI-8226,0
Exemestane,Sorafenib,T-47D,0
Exemestane,Sorafenib,UO-31,0
Exemestane,Lenalidomide,HS 578T,0
Exemestane,Lenalidomide,HT29,0
Exemestane,Lenalidomide,IGROV1,1
Exemestane,Lenalidomide,LOX IMVI,1
Exemestane,Lenalidomide,MCF7,0
Exemestane,Lenalidomide,NCI-H460,0
Exemestane,Lenalidomide,PC-3,1
Exemestane,Lenalidomide,RPMI-8226,0
Exemestane,Lenalidomide,SK-MEL-2,0
Exemestane,Lenalidomide,T-47D,0
Exemestane,Lenalidomide,UO-31,0
Exemestane,Capecitabine,HS 578T,0
Exemestane,Capecitabine,HT29,0
Exemestane,Capecitabine,IGROV1,0
Exemestane,Capecitabine,LOX IMVI,0
Exemestane,Capecitabine,MCF7,0
Exemestane,Capecitabine,NCI-H460,1
Exemestane,Capecitabine,PC-3,0
Exemestane,Capecitabine,RPMI-8226,0
Exemestane,Capecitabine,SK-MEL-2,0
Exemestane,Capecitabine,T-47D,1
Exemestane,Capecitabine,UO-31,0
Exemestane,Tretinoin,HS 578T,0
Exemestane,Tretinoin,HT29,1
Exemestane,Tretinoin,IGROV1,0
Exemestane,Tretinoin,LOX IMVI,0
Exemestane,Tretinoin,MCF7,0
Exemestane,Tretinoin,NCI-H460,1
Exemestane,Tretinoin,PC-3,1
Exemestane,Tretinoin,RPMI-8226,1
Exemestane,Tretinoin,SK-MEL-2,1
Exemestane,Tretinoin,T-47D,0
Exemestane,Tretinoin,UO-31,1
Exemestane,Decitabine,HS 578T,1
Exemestane,Decitabine,HT29,1
Exemestane,Decitabine,IGROV1,1
Exemestane,Decitabine,LOX IMVI,0
Exemestane,Decitabine,MCF7,0
Exemestane,Decitabine,NCI-H460,0
Exemestane,Decitabine,PC-3,1
Exemestane,Decitabine,RPMI-8226,0
Exemestane,Decitabine,SK-MEL-2,1
Exemestane,Decitabine,T-47D,1
Exemestane,Decitabine,UO-31,0
Exemestane,Teniposide,HS 578T,1
Exemestane,Teniposide,HT29,0
Exemestane,Teniposide,IGROV1,0
Exemestane,Teniposide,LOX IMVI,1
Exemestane,Teniposide,MCF7,0
Exemestane,Teniposide,NCI-H460,1
Exemestane,Teniposide,PC-3,0
Exemestane,Teniposide,RPMI-8226,0
Exemestane,Teniposide,SK-MEL-2,0
Exemestane,Teniposide,T-47D,0
Exemestane,Teniposide,UO-31,1
Exemestane,Dactinomycin,HS 578T,1
Exemestane,Dactinomycin,HT29,1
Exemestane,Dactinomycin,IGROV1,1
Exemestane,Dactinomycin,LOX IMVI,1
Exemestane,Dactinomycin,MCF7,1
Exemestane,Dactinomycin,NCI-H460,1
Exemestane,Dactinomycin,PC-3,1
Exemestane,Dactinomycin,RPMI-8226,1
Exemestane,Dactinomycin,SK-MEL-2,1
Exemestane,Dactinomycin,T-47D,1
Exemestane,Dactinomycin,UO-31,1
Exemestane,Nilotinib,HS 578T,0
Exemestane,Nilotinib,HT29,1
Exemestane,Nilotinib,IGROV1,0
Exemestane,Nilotinib,LOX IMVI,0
Exemestane,Nilotinib,MCF7,0
Exemestane,Nilotinib,NCI-H460,0
Exemestane,Nilotinib,PC-3,0
Exemestane,Nilotinib,RPMI-8226,1
Exemestane,Nilotinib,SK-MEL-2,0
Exemestane,Nilotinib,T-47D,1
Exemestane,Nilotinib,UO-31,0
Exemestane,2-fluoroAraA (fludarabine),HS 578T,1
Exemestane,2-fluoroAraA (fludarabine),HT29,1
Exemestane,2-fluoroAraA (fludarabine),IGROV1,0
Exemestane,2-fluoroAraA (fludarabine),LOX IMVI,0
Exemestane,2-fluoroAraA (fludarabine),MCF7,1
Exemestane,2-fluoroAraA (fludarabine),NCI-H460,0
Exemestane,2-fluoroAraA (fludarabine),PC-3,1
Exemestane,2-fluoroAraA (fludarabine),RPMI-8226,0
Exemestane,2-fluoroAraA (fludarabine),SK-MEL-2,0
Exemestane,2-fluoroAraA (fludarabine),T-47D,0
Exemestane,2-fluoroAraA (fludarabine),UO-31,0
Exemestane,Mercaptopurine,HS 578T,0
Exemestane,Mercaptopurine,HT29,0
Exemestane,Mercaptopurine,IGROV1,0
Exemestane,Mercaptopurine,LOX IMVI,0
Exemestane,Mercaptopurine,MCF7,0
Exemestane,Mercaptopurine,NCI-H460,1
Exemestane,Mercaptopurine,PC-3,0
Exemestane,Mercaptopurine,RPMI-8226,0
Exemestane,Mercaptopurine,SK-MEL-2,1
Exemestane,Mercaptopurine,T-47D,0
Exemestane,Mercaptopurine,UO-31,1
Exemestane,Dasatinib,HS 578T,0
Exemestane,Dasatinib,HT29,0
Exemestane,Dasatinib,IGROV1,0
Exemestane,Dasatinib,LOX IMVI,0
Exemestane,Dasatinib,MCF7,0
Exemestane,Dasatinib,NCI-H460,0
Exemestane,Dasatinib,PC-3,1
Exemestane,Dasatinib,RPMI-8226,1
Exemestane,Dasatinib,T-47D,0
Exemestane,Dasatinib,UO-31,0
Exemestane,Sirolimus (rapamycin),HS 578T,0
Exemestane,Sirolimus (rapamycin),HT29,0
Exemestane,Sirolimus (rapamycin),IGROV1,0
Exemestane,Sirolimus (rapamycin),LOX IMVI,0
Exemestane,Sirolimus (rapamycin),MCF7,0
Exemestane,Sirolimus (rapamycin),NCI-H460,0
Exemestane,Sirolimus (rapamycin),PC-3,0
Exemestane,Sirolimus (rapamycin),RPMI-8226,0
Exemestane,Sirolimus (rapamycin),SK-MEL-2,1
Exemestane,Sirolimus (rapamycin),T-47D,0
Exemestane,Sirolimus (rapamycin),UO-31,0
Exemestane,Sunitinib,HS 578T,0
Exemestane,Sunitinib,HT29,1
Exemestane,Sunitinib,IGROV1,0
Exemestane,Sunitinib,LOX IMVI,1
Exemestane,Sunitinib,MCF7,1
Exemestane,Sunitinib,NCI-H460,0
Exemestane,Sunitinib,PC-3,0
Exemestane,Sunitinib,RPMI-8226,0
Exemestane,Sunitinib,T-47D,0
Exemestane,Sunitinib,UO-31,0
Exemestane,Axitinib,HS 578T,0
Exemestane,Axitinib,HT29,0
Exemestane,Axitinib,IGROV1,0
Exemestane,Axitinib,LOX IMVI,0
Exemestane,Axitinib,MCF7,0
Exemestane,Axitinib,NCI-H460,0
Exemestane,Axitinib,PC-3,0
Exemestane,Axitinib,RPMI-8226,0
Exemestane,Axitinib,SK-MEL-2,0
Exemestane,Axitinib,T-47D,0
Exemestane,Axitinib,UO-31,1
Exemestane,Crizotinib,HS 578T,1
Exemestane,Crizotinib,HT29,0
Exemestane,Crizotinib,IGROV1,0
Exemestane,Crizotinib,LOX IMVI,1
Exemestane,Crizotinib,MCF7,0
Exemestane,Crizotinib,NCI-H460,0
Exemestane,Crizotinib,PC-3,1
Exemestane,Crizotinib,RPMI-8226,1
Exemestane,Crizotinib,SK-MEL-2,0
Exemestane,Crizotinib,T-47D,0
Exemestane,Crizotinib,UO-31,1
Exemestane,Ruxolitinib,HS 578T,0
Exemestane,Ruxolitinib,HT29,0
Exemestane,Ruxolitinib,IGROV1,0
Exemestane,Ruxolitinib,LOX IMVI,0
Exemestane,Ruxolitinib,MCF7,0
Exemestane,Ruxolitinib,NCI-H460,0
Exemestane,Ruxolitinib,PC-3,0
Exemestane,Ruxolitinib,RPMI-8226,0
Exemestane,Ruxolitinib,SK-MEL-2,0
Exemestane,Ruxolitinib,T-47D,0
Exemestane,Ruxolitinib,UO-31,0
Exemestane,Vemurafenib,HS 578T,0
Exemestane,Vemurafenib,HT29,0
Exemestane,Vemurafenib,IGROV1,0
Exemestane,Vemurafenib,LOX IMVI,0
Exemestane,Vemurafenib,MCF7,0
Exemestane,Vemurafenib,NCI-H460,0
Exemestane,Vemurafenib,PC-3,0
Exemestane,Vemurafenib,RPMI-8226,0
Exemestane,Vemurafenib,SK-MEL-2,0
Exemestane,Vemurafenib,T-47D,0
Exemestane,Vemurafenib,UO-31,1
Exemestane,Everolimus,HS 578T,1
Exemestane,Everolimus,HT29,0
Exemestane,Everolimus,IGROV1,0
Exemestane,Everolimus,LOX IMVI,0
Exemestane,Everolimus,MCF7,0
Exemestane,Everolimus,NCI-H460,0
Exemestane,Everolimus,PC-3,1
Exemestane,Everolimus,RPMI-8226,0
Exemestane,Everolimus,SK-MEL-2,0
Exemestane,Everolimus,T-47D,0
Exemestane,Everolimus,UO-31,0
Exemestane,Dacarbazine,HS 578T,0
Exemestane,Dacarbazine,HT29,0
Exemestane,Dacarbazine,IGROV1,0
Exemestane,Dacarbazine,LOX IMVI,1
Exemestane,Dacarbazine,MCF7,0
Exemestane,Dacarbazine,NCI-H460,0
Exemestane,Dacarbazine,PC-3,0
Exemestane,Dacarbazine,RPMI-8226,0
Exemestane,Dacarbazine,SK-MEL-2,0
Exemestane,Dacarbazine,T-47D,0
Exemestane,Dacarbazine,UO-31,1
Exemestane,Allopurinol,HS 578T,0
Exemestane,Allopurinol,HT29,0
Exemestane,Allopurinol,IGROV1,0
Exemestane,Allopurinol,LOX IMVI,1
Exemestane,Allopurinol,MCF7,0
Exemestane,Allopurinol,NCI-H460,0
Exemestane,Allopurinol,PC-3,0
Exemestane,Allopurinol,RPMI-8226,0
Exemestane,Allopurinol,SK-MEL-2,0
Exemestane,Allopurinol,T-47D,0
Exemestane,Allopurinol,UO-31,1
Dexrazoxane,Fulvestrant,HS 578T,0
Dexrazoxane,Fulvestrant,HT29,0
Dexrazoxane,Fulvestrant,IGROV1,1
Dexrazoxane,Fulvestrant,LOX IMVI,0
Dexrazoxane,Fulvestrant,MCF7,1
Dexrazoxane,Fulvestrant,NCI-H460,0
Dexrazoxane,Fulvestrant,PC-3,1
Dexrazoxane,Fulvestrant,RPMI-8226,1
Dexrazoxane,Fulvestrant,SK-MEL-2,0
Dexrazoxane,Fulvestrant,T-47D,0
Dexrazoxane,Fulvestrant,UO-31,0
Dexrazoxane,Clofarabine,HS 578T,0
Dexrazoxane,Clofarabine,HT29,1
Dexrazoxane,Clofarabine,IGROV1,0
Dexrazoxane,Clofarabine,LOX IMVI,0
Dexrazoxane,Clofarabine,MCF7,0
Dexrazoxane,Clofarabine,NCI-H460,0
Dexrazoxane,Clofarabine,PC-3,1
Dexrazoxane,Clofarabine,RPMI-8226,0
Dexrazoxane,Clofarabine,SK-MEL-2,0
Dexrazoxane,Clofarabine,T-47D,0
Dexrazoxane,Clofarabine,UO-31,0
Dexrazoxane,Gefitinib,HS 578T,1
Dexrazoxane,Gefitinib,HT29,1
Dexrazoxane,Gefitinib,IGROV1,1
Dexrazoxane,Gefitinib,LOX IMVI,1
Dexrazoxane,Gefitinib,MCF7,1
Dexrazoxane,Gefitinib,NCI-H460,1
Dexrazoxane,Gefitinib,PC-3,1
Dexrazoxane,Gefitinib,RPMI-8226,0
Dexrazoxane,Gefitinib,SK-MEL-2,0
Dexrazoxane,Gefitinib,T-47D,1
Dexrazoxane,Gefitinib,UO-31,1
Dexrazoxane,Methotrexate,HS 578T,0
Dexrazoxane,Methotrexate,HT29,0
Dexrazoxane,Methotrexate,IGROV1,0
Dexrazoxane,Methotrexate,LOX IMVI,0
Dexrazoxane,Methotrexate,MCF7,0
Dexrazoxane,Methotrexate,NCI-H460,0
Dexrazoxane,Methotrexate,PC-3,0
Dexrazoxane,Methotrexate,RPMI-8226,0
Dexrazoxane,Methotrexate,SK-MEL-2,0
Dexrazoxane,Methotrexate,T-47D,0
Dexrazoxane,Methotrexate,UO-31,0
Dexrazoxane,Abiraterone,HS 578T,1
Dexrazoxane,Abiraterone,HT29,1
Dexrazoxane,Abiraterone,IGROV1,1
Dexrazoxane,Abiraterone,LOX IMVI,0
Dexrazoxane,Abiraterone,MCF7,1
Dexrazoxane,Abiraterone,NCI-H460,0
Dexrazoxane,Abiraterone,PC-3,0
Dexrazoxane,Abiraterone,RPMI-8226,1
Dexrazoxane,Abiraterone,SK-MEL-2,0
Dexrazoxane,Abiraterone,T-47D,1
Dexrazoxane,Docetaxel,HS 578T,0
Dexrazoxane,Docetaxel,HT29,0
Dexrazoxane,Docetaxel,IGROV1,0
Dexrazoxane,Docetaxel,LOX IMVI,0
Dexrazoxane,Docetaxel,MCF7,0
Dexrazoxane,Docetaxel,NCI-H460,0
Dexrazoxane,Docetaxel,PC-3,0
Dexrazoxane,Docetaxel,RPMI-8226,0
Dexrazoxane,Docetaxel,SK-MEL-2,0
Dexrazoxane,Docetaxel,T-47D,0
Dexrazoxane,Docetaxel,UO-31,1
Dexrazoxane,Erlotinib,HS 578T,0
Dexrazoxane,Erlotinib,HT29,0
Dexrazoxane,Erlotinib,IGROV1,1
Dexrazoxane,Erlotinib,LOX IMVI,0
Dexrazoxane,Erlotinib,MCF7,0
Dexrazoxane,Erlotinib,NCI-H460,1
Dexrazoxane,Erlotinib,PC-3,1
Dexrazoxane,Erlotinib,RPMI-8226,1
Dexrazoxane,Erlotinib,SK-MEL-2,0
Dexrazoxane,Erlotinib,T-47D,0
Dexrazoxane,Erlotinib,UO-31,1
Dexrazoxane,Lapatinib,HS 578T,0
Dexrazoxane,Lapatinib,HT29,1
Dexrazoxane,Lapatinib,IGROV1,0
Dexrazoxane,Lapatinib,LOX IMVI,0
Dexrazoxane,Lapatinib,MCF7,0
Dexrazoxane,Lapatinib,NCI-H460,0
Dexrazoxane,Lapatinib,PC-3,0
Dexrazoxane,Lapatinib,T-47D,0
Dexrazoxane,Lapatinib,UO-31,1
Dexrazoxane,Sorafenib,HS 578T,0
Dexrazoxane,Sorafenib,HT29,1
Dexrazoxane,Sorafenib,IGROV1,0
Dexrazoxane,Sorafenib,LOX IMVI,0
Dexrazoxane,Sorafenib,MCF7,0
Dexrazoxane,Sorafenib,NCI-H460,0
Dexrazoxane,Sorafenib,PC-3,0
Dexrazoxane,Sorafenib,RPMI-8226,0
Dexrazoxane,Sorafenib,T-47D,0
Dexrazoxane,Sorafenib,UO-31,0
Dexrazoxane,Lenalidomide,HS 578T,1
Dexrazoxane,Lenalidomide,HT29,0
Dexrazoxane,Lenalidomide,IGROV1,1
Dexrazoxane,Lenalidomide,LOX IMVI,1
Dexrazoxane,Lenalidomide,MCF7,1
Dexrazoxane,Lenalidomide,NCI-H460,0
Dexrazoxane,Lenalidomide,PC-3,1
Dexrazoxane,Lenalidomide,RPMI-8226,0
Dexrazoxane,Lenalidomide,SK-MEL-2,0
Dexrazoxane,Lenalidomide,T-47D,1
Dexrazoxane,Lenalidomide,UO-31,0
Dexrazoxane,Capecitabine,HS 578T,0
Dexrazoxane,Capecitabine,HT29,0
Dexrazoxane,Capecitabine,IGROV1,0
Dexrazoxane,Capecitabine,LOX IMVI,0
Dexrazoxane,Capecitabine,MCF7,0
Dexrazoxane,Capecitabine,NCI-H460,1
Dexrazoxane,Capecitabine,PC-3,0
Dexrazoxane,Capecitabine,RPMI-8226,0
Dexrazoxane,Capecitabine,SK-MEL-2,0
Dexrazoxane,Capecitabine,T-47D,0
Dexrazoxane,Capecitabine,UO-31,0
Dexrazoxane,Tretinoin,HS 578T,0
Dexrazoxane,Tretinoin,HT29,1
Dexrazoxane,Tretinoin,IGROV1,1
Dexrazoxane,Tretinoin,LOX IMVI,0
Dexrazoxane,Tretinoin,MCF7,0
Dexrazoxane,Tretinoin,NCI-H460,1
Dexrazoxane,Tretinoin,PC-3,1
Dexrazoxane,Tretinoin,RPMI-8226,0
Dexrazoxane,Tretinoin,SK-MEL-2,1
Dexrazoxane,Tretinoin,T-47D,0
Dexrazoxane,Tretinoin,UO-31,1
Dexrazoxane,Decitabine,HS 578T,1
Dexrazoxane,Decitabine,HT29,1
Dexrazoxane,Decitabine,IGROV1,1
Dexrazoxane,Decitabine,LOX IMVI,0
Dexrazoxane,Decitabine,MCF7,1
Dexrazoxane,Decitabine,NCI-H460,0
Dexrazoxane,Decitabine,PC-3,0
Dexrazoxane,Decitabine,RPMI-8226,1
Dexrazoxane,Decitabine,SK-MEL-2,1
Dexrazoxane,Decitabine,T-47D,0
Dexrazoxane,Decitabine,UO-31,0
Dexrazoxane,Teniposide,HS 578T,1
Dexrazoxane,Teniposide,HT29,0
Dexrazoxane,Teniposide,IGROV1,1
Dexrazoxane,Teniposide,LOX IMVI,1
Dexrazoxane,Teniposide,MCF7,0
Dexrazoxane,Teniposide,NCI-H460,1
Dexrazoxane,Teniposide,PC-3,1
Dexrazoxane,Teniposide,RPMI-8226,0
Dexrazoxane,Teniposide,SK-MEL-2,0
Dexrazoxane,Teniposide,T-47D,0
Dexrazoxane,Teniposide,UO-31,1
Dexrazoxane,Dactinomycin,HS 578T,1
Dexrazoxane,Dactinomycin,HT29,1
Dexrazoxane,Dactinomycin,IGROV1,1
Dexrazoxane,Dactinomycin,LOX IMVI,1
Dexrazoxane,Dactinomycin,MCF7,1
Dexrazoxane,Dactinomycin,NCI-H460,1
Dexrazoxane,Dactinomycin,PC-3,1
Dexrazoxane,Dactinomycin,RPMI-8226,1
Dexrazoxane,Dactinomycin,SK-MEL-2,1
Dexrazoxane,Dactinomycin,T-47D,1
Dexrazoxane,Dactinomycin,UO-31,0
Dexrazoxane,Nilotinib,HS 578T,0
Dexrazoxane,Nilotinib,HT29,1
Dexrazoxane,Nilotinib,IGROV1,0
Dexrazoxane,Nilotinib,LOX IMVI,0
Dexrazoxane,Nilotinib,MCF7,0
Dexrazoxane,Nilotinib,NCI-H460,0
Dexrazoxane,Nilotinib,PC-3,0
Dexrazoxane,Nilotinib,RPMI-8226,0
Dexrazoxane,Nilotinib,SK-MEL-2,0
Dexrazoxane,Nilotinib,T-47D,0
Dexrazoxane,Nilotinib,UO-31,0
Dexrazoxane,2-fluoroAraA (fludarabine),HS 578T,0
Dexrazoxane,2-fluoroAraA (fludarabine),HT29,0
Dexrazoxane,2-fluoroAraA (fludarabine),IGROV1,1
Dexrazoxane,2-fluoroAraA (fludarabine),LOX IMVI,0
Dexrazoxane,2-fluoroAraA (fludarabine),MCF7,0
Dexrazoxane,2-fluoroAraA (fludarabine),NCI-H460,0
Dexrazoxane,2-fluoroAraA (fludarabine),PC-3,0
Dexrazoxane,2-fluoroAraA (fludarabine),RPMI-8226,0
Dexrazoxane,2-fluoroAraA (fludarabine),SK-MEL-2,0
Dexrazoxane,2-fluoroAraA (fludarabine),T-47D,1
Dexrazoxane,2-fluoroAraA (fludarabine),UO-31,1
Dexrazoxane,Mercaptopurine,HS 578T,0
Dexrazoxane,Mercaptopurine,HT29,0
Dexrazoxane,Mercaptopurine,IGROV1,1
Dexrazoxane,Mercaptopurine,LOX IMVI,0
Dexrazoxane,Mercaptopurine,MCF7,0
Dexrazoxane,Mercaptopurine,NCI-H460,1
Dexrazoxane,Mercaptopurine,PC-3,0
Dexrazoxane,Mercaptopurine,RPMI-8226,0
Dexrazoxane,Mercaptopurine,SK-MEL-2,1
Dexrazoxane,Mercaptopurine,T-47D,0
Dexrazoxane,Mercaptopurine,UO-31,1
Dexrazoxane,Dasatinib,HS 578T,0
Dexrazoxane,Dasatinib,HT29,1
Dexrazoxane,Dasatinib,IGROV1,1
Dexrazoxane,Dasatinib,LOX IMVI,1
Dexrazoxane,Dasatinib,MCF7,1
Dexrazoxane,Dasatinib,NCI-H460,1
Dexrazoxane,Dasatinib,PC-3,0
Dexrazoxane,Dasatinib,RPMI-8226,0
Dexrazoxane,Dasatinib,T-47D,1
Dexrazoxane,Dasatinib,UO-31,1
Dexrazoxane,Sirolimus (rapamycin),HS 578T,0
Dexrazoxane,Sirolimus (rapamycin),HT29,0
Dexrazoxane,Sirolimus (rapamycin),IGROV1,0
Dexrazoxane,Sirolimus (rapamycin),LOX IMVI,0
Dexrazoxane,Sirolimus (rapamycin),MCF7,0
Dexrazoxane,Sirolimus (rapamycin),NCI-H460,1
Dexrazoxane,Sirolimus (rapamycin),PC-3,0
Dexrazoxane,Sirolimus (rapamycin),RPMI-8226,0
Dexrazoxane,Sirolimus (rapamycin),SK-MEL-2,1
Dexrazoxane,Sirolimus (rapamycin),T-47D,0
Dexrazoxane,Sirolimus (rapamycin),UO-31,0
Dexrazoxane,Sunitinib,HS 578T,0
Dexrazoxane,Sunitinib,HT29,1
Dexrazoxane,Sunitinib,IGROV1,0
Dexrazoxane,Sunitinib,LOX IMVI,0
Dexrazoxane,Sunitinib,MCF7,0
Dexrazoxane,Sunitinib,NCI-H460,0
Dexrazoxane,Sunitinib,PC-3,0
Dexrazoxane,Sunitinib,RPMI-8226,0
Dexrazoxane,Sunitinib,T-47D,0
Dexrazoxane,Sunitinib,UO-31,1
Dexrazoxane,Axitinib,HS 578T,1
Dexrazoxane,Axitinib,HT29,1
Dexrazoxane,Axitinib,IGROV1,0
Dexrazoxane,Axitinib,LOX IMVI,1
Dexrazoxane,Axitinib,MCF7,1
Dexrazoxane,Axitinib,NCI-H460,0
Dexrazoxane,Axitinib,PC-3,0
Dexrazoxane,Axitinib,RPMI-8226,0
Dexrazoxane,Axitinib,SK-MEL-2,0
Dexrazoxane,Axitinib,T-47D,1
Dexrazoxane,Axitinib,UO-31,1
Dexrazoxane,Crizotinib,HS 578T,0
Dexrazoxane,Crizotinib,HT29,1
Dexrazoxane,Crizotinib,IGROV1,1
Dexrazoxane,Crizotinib,LOX IMVI,1
Dexrazoxane,Crizotinib,MCF7,0
Dexrazoxane,Crizotinib,NCI-H460,1
Dexrazoxane,Crizotinib,PC-3,0
Dexrazoxane,Crizotinib,RPMI-8226,0
Dexrazoxane,Crizotinib,SK-MEL-2,0
Dexrazoxane,Crizotinib,T-47D,0
Dexrazoxane,Crizotinib,UO-31,1
Dexrazoxane,Ruxolitinib,HS 578T,1
Dexrazoxane,Ruxolitinib,HT29,0
Dexrazoxane,Ruxolitinib,IGROV1,0
Dexrazoxane,Ruxolitinib,LOX IMVI,1
Dexrazoxane,Ruxolitinib,MCF7,0
Dexrazoxane,Ruxolitinib,NCI-H460,0
Dexrazoxane,Ruxolitinib,PC-3,0
Dexrazoxane,Ruxolitinib,RPMI-8226,0
Dexrazoxane,Ruxolitinib,SK-MEL-2,0
Dexrazoxane,Ruxolitinib,T-47D,0
Dexrazoxane,Ruxolitinib,UO-31,1
Dexrazoxane,Vemurafenib,HS 578T,0
Dexrazoxane,Vemurafenib,HT29,1
Dexrazoxane,Vemurafenib,IGROV1,0
Dexrazoxane,Vemurafenib,LOX IMVI,1
Dexrazoxane,Vemurafenib,MCF7,0
Dexrazoxane,Vemurafenib,NCI-H460,0
Dexrazoxane,Vemurafenib,PC-3,0
Dexrazoxane,Vemurafenib,RPMI-8226,0
Dexrazoxane,Vemurafenib,SK-MEL-2,0
Dexrazoxane,Vemurafenib,T-47D,1
Dexrazoxane,Vemurafenib,UO-31,1
Dexrazoxane,Everolimus,HS 578T,0
Dexrazoxane,Everolimus,HT29,1
Dexrazoxane,Everolimus,IGROV1,1
Dexrazoxane,Everolimus,LOX IMVI,1
Dexrazoxane,Everolimus,MCF7,0
Dexrazoxane,Everolimus,NCI-H460,1
Dexrazoxane,Everolimus,PC-3,0
Dexrazoxane,Everolimus,RPMI-8226,0
Dexrazoxane,Everolimus,SK-MEL-2,0
Dexrazoxane,Everolimus,T-47D,0
Dexrazoxane,Everolimus,UO-31,1
Dexrazoxane,Dacarbazine,HS 578T,1
Dexrazoxane,Dacarbazine,HT29,0
Dexrazoxane,Dacarbazine,IGROV1,1
Dexrazoxane,Dacarbazine,LOX IMVI,1
Dexrazoxane,Dacarbazine,MCF7,0
Dexrazoxane,Dacarbazine,NCI-H460,1
Dexrazoxane,Dacarbazine,PC-3,1
Dexrazoxane,Dacarbazine,RPMI-8226,0
Dexrazoxane,Dacarbazine,SK-MEL-2,0
Dexrazoxane,Dacarbazine,T-47D,1
Dexrazoxane,Dacarbazine,UO-31,0
Dexrazoxane,Allopurinol,HS 578T,0
Dexrazoxane,Allopurinol,HT29,0
Dexrazoxane,Allopurinol,IGROV1,0
Dexrazoxane,Allopurinol,LOX IMVI,0
Dexrazoxane,Allopurinol,MCF7,0
Dexrazoxane,Allopurinol,NCI-H460,0
Dexrazoxane,Allopurinol,PC-3,0
Dexrazoxane,Allopurinol,RPMI-8226,0
Dexrazoxane,Allopurinol,SK-MEL-2,0
Dexrazoxane,Allopurinol,T-47D,0
Dexrazoxane,Allopurinol,UO-31,1
Fulvestrant,Clofarabine,HS 578T,0
Fulvestrant,Clofarabine,HT29,1
Fulvestrant,Clofarabine,IGROV1,0
Fulvestrant,Clofarabine,LOX IMVI,0
Fulvestrant,Clofarabine,MCF7,0
Fulvestrant,Clofarabine,NCI-H460,0
Fulvestrant,Clofarabine,PC-3,0
Fulvestrant,Clofarabine,RPMI-8226,0
Fulvestrant,Clofarabine,T-47D,0
Fulvestrant,Clofarabine,UO-31,0
Fulvestrant,Gefitinib,HS 578T,0
Fulvestrant,Gefitinib,HT29,1
Fulvestrant,Gefitinib,IGROV1,0
Fulvestrant,Gefitinib,LOX IMVI,0
Fulvestrant,Gefitinib,MCF7,1
Fulvestrant,Gefitinib,NCI-H460,1
Fulvestrant,Gefitinib,PC-3,1
Fulvestrant,Gefitinib,RPMI-8226,0
Fulvestrant,Gefitinib,SK-MEL-2,0
Fulvestrant,Gefitinib,T-47D,1
Fulvestrant,Gefitinib,UO-31,0
Fulvestrant,Methotrexate,HS 578T,0
Fulvestrant,Methotrexate,HT29,0
Fulvestrant,Methotrexate,IGROV1,0
Fulvestrant,Methotrexate,LOX IMVI,0
Fulvestrant,Methotrexate,MCF7,0
Fulvestrant,Methotrexate,PC-3,0
Fulvestrant,Methotrexate,RPMI-8226,0
Fulvestrant,Methotrexate,SK-MEL-2,0
Fulvestrant,Methotrexate,T-47D,1
Fulvestrant,Methotrexate,UO-31,0
Fulvestrant,Abiraterone,HS 578T,1
Fulvestrant,Abiraterone,HT29,1
Fulvestrant,Abiraterone,IGROV1,1
Fulvestrant,Abiraterone,MCF7,0
Fulvestrant,Abiraterone,NCI-H460,0
Fulvestrant,Abiraterone,PC-3,0
Fulvestrant,Abiraterone,RPMI-8226,0
Fulvestrant,Abiraterone,SK-MEL-2,1
Fulvestrant,Abiraterone,T-47D,1
Fulvestrant,Abiraterone,UO-31,0
Fulvestrant,Docetaxel,HS 578T,1
Fulvestrant,Docetaxel,HT29,1
Fulvestrant,Docetaxel,IGROV1,1
Fulvestrant,Docetaxel,LOX IMVI,1
Fulvestrant,Docetaxel,MCF7,1
Fulvestrant,Docetaxel,NCI-H460,0
Fulvestrant,Docetaxel,PC-3,1
Fulvestrant,Docetaxel,RPMI-8226,0
Fulvestrant,Docetaxel,UO-31,1
Fulvestrant,Erlotinib,HS 578T,0
Fulvestrant,Erlotinib,HT29,1
Fulvestrant,Erlotinib,IGROV1,0
Fulvestrant,Erlotinib,LOX IMVI,0
Fulvestrant,Erlotinib,MCF7,0
Fulvestrant,Erlotinib,NCI-H460,1
Fulvestrant,Erlotinib,PC-3,1
Fulvestrant,Erlotinib,RPMI-8226,0
Fulvestrant,Erlotinib,T-47D,1
Fulvestrant,Lapatinib,HS 578T,1
Fulvestrant,Lapatinib,HT29,0
Fulvestrant,Lapatinib,IGROV1,0
Fulvestrant,Lapatinib,LOX IMVI,1
Fulvestrant,Lapatinib,MCF7,0
Fulvestrant,Lapatinib,NCI-H460,1
Fulvestrant,Lapatinib,PC-3,1
Fulvestrant,Lapatinib,RPMI-8226,0
Fulvestrant,Lapatinib,T-47D,1
Fulvestrant,Lapatinib,UO-31,0
Fulvestrant,Sorafenib,HS 578T,0
Fulvestrant,Sorafenib,HT29,1
Fulvestrant,Sorafenib,IGROV1,0
Fulvestrant,Sorafenib,LOX IMVI,0
Fulvestrant,Sorafenib,MCF7,1
Fulvestrant,Sorafenib,NCI-H460,1
Fulvestrant,Sorafenib,RPMI-8226,0
Fulvestrant,Sorafenib,SK-MEL-2,1
Fulvestrant,Sorafenib,T-47D,0
Fulvestrant,Sorafenib,UO-31,0
Fulvestrant,Lenalidomide,HS 578T,0
Fulvestrant,Lenalidomide,HT29,1
Fulvestrant,Lenalidomide,IGROV1,0
Fulvestrant,Lenalidomide,LOX IMVI,0
Fulvestrant,Lenalidomide,MCF7,0
Fulvestrant,Lenalidomide,NCI-H460,1
Fulvestrant,Lenalidomide,PC-3,1
Fulvestrant,Lenalidomide,RPMI-8226,1
Fulvestrant,Lenalidomide,SK-MEL-2,0
Fulvestrant,Lenalidomide,T-47D,0
Fulvestrant,Lenalidomide,UO-31,0
Fulvestrant,Capecitabine,HS 578T,0
Fulvestrant,Capecitabine,HT29,0
Fulvestrant,Capecitabine,IGROV1,0
Fulvestrant,Capecitabine,LOX IMVI,0
Fulvestrant,Capecitabine,MCF7,0
Fulvestrant,Capecitabine,NCI-H460,1
Fulvestrant,Capecitabine,PC-3,0
Fulvestrant,Capecitabine,RPMI-8226,0
Fulvestrant,Capecitabine,T-47D,0
Fulvestrant,Capecitabine,UO-31,0
Fulvestrant,Tretinoin,HS 578T,1
Fulvestrant,Tretinoin,HT29,1
Fulvestrant,Tretinoin,IGROV1,0
Fulvestrant,Tretinoin,LOX IMVI,1
Fulvestrant,Tretinoin,MCF7,1
Fulvestrant,Tretinoin,NCI-H460,1
Fulvestrant,Tretinoin,PC-3,1
Fulvestrant,Tretinoin,RPMI-8226,0
Fulvestrant,Tretinoin,T-47D,0
Fulvestrant,Tretinoin,UO-31,0
Fulvestrant,Decitabine,HS 578T,1
Fulvestrant,Decitabine,HT29,1
Fulvestrant,Decitabine,IGROV1,0
Fulvestrant,Decitabine,LOX IMVI,0
Fulvestrant,Decitabine,NCI-H460,0
Fulvestrant,Decitabine,PC-3,0
Fulvestrant,Decitabine,RPMI-8226,0
Fulvestrant,Decitabine,SK-MEL-2,1
Fulvestrant,Decitabine,T-47D,0
Fulvestrant,Decitabine,UO-31,0
Fulvestrant,Teniposide,HS 578T,0
Fulvestrant,Teniposide,HT29,0
Fulvestrant,Teniposide,IGROV1,0
Fulvestrant,Teniposide,LOX IMVI,0
Fulvestrant,Teniposide,MCF7,1
Fulvestrant,Teniposide,NCI-H460,0
Fulvestrant,Teniposide,PC-3,0
Fulvestrant,Teniposide,RPMI-8226,0
Fulvestrant,Teniposide,SK-MEL-2,0
Fulvestrant,Teniposide,T-47D,0
Fulvestrant,Teniposide,UO-31,1
Fulvestrant,Dactinomycin,HS 578T,1
Fulvestrant,Dactinomycin,HT29,1
Fulvestrant,Dactinomycin,IGROV1,1
Fulvestrant,Dactinomycin,LOX IMVI,0
Fulvestrant,Dactinomycin,MCF7,1
Fulvestrant,Dactinomycin,NCI-H460,1
Fulvestrant,Dactinomycin,PC-3,1
Fulvestrant,Dactinomycin,RPMI-8226,0
Fulvestrant,Dactinomycin,T-47D,1
Fulvestrant,Dactinomycin,UO-31,1
Fulvestrant,Nilotinib,HS 578T,1
Fulvestrant,Nilotinib,HT29,1
Fulvestrant,Nilotinib,IGROV1,1
Fulvestrant,Nilotinib,LOX IMVI,0
Fulvestrant,Nilotinib,MCF7,0
Fulvestrant,Nilotinib,NCI-H460,1
Fulvestrant,Nilotinib,PC-3,1
Fulvestrant,Nilotinib,RPMI-8226,1
Fulvestrant,Nilotinib,T-47D,1
Fulvestrant,Nilotinib,UO-31,0
Fulvestrant,2-fluoroAraA (fludarabine),HS 578T,0
Fulvestrant,2-fluoroAraA (fludarabine),HT29,0
Fulvestrant,2-fluoroAraA (fludarabine),IGROV1,0
Fulvestrant,2-fluoroAraA (fludarabine),LOX IMVI,0
Fulvestrant,2-fluoroAraA (fludarabine),MCF7,0
Fulvestrant,2-fluoroAraA (fludarabine),NCI-H460,0
Fulvestrant,2-fluoroAraA (fludarabine),PC-3,1
Fulvestrant,2-fluoroAraA (fludarabine),RPMI-8226,1
Fulvestrant,2-fluoroAraA (fludarabine),T-47D,0
Fulvestrant,2-fluoroAraA (fludarabine),UO-31,0
Fulvestrant,Mercaptopurine,HS 578T,0
Fulvestrant,Mercaptopurine,HT29,0
Fulvestrant,Mercaptopurine,IGROV1,0
Fulvestrant,Mercaptopurine,LOX IMVI,0
Fulvestrant,Mercaptopurine,MCF7,0
Fulvestrant,Mercaptopurine,NCI-H460,0
Fulvestrant,Mercaptopurine,PC-3,0
Fulvestrant,Mercaptopurine,RPMI-8226,0
Fulvestrant,Mercaptopurine,SK-MEL-2,0
Fulvestrant,Mercaptopurine,T-47D,0
Fulvestrant,Mercaptopurine,UO-31,0
Fulvestrant,Dasatinib,HS 578T,1
Fulvestrant,Dasatinib,HT29,1
Fulvestrant,Dasatinib,IGROV1,0
Fulvestrant,Dasatinib,LOX IMVI,1
Fulvestrant,Dasatinib,MCF7,0
Fulvestrant,Dasatinib,NCI-H460,0
Fulvestrant,Dasatinib,PC-3,0
Fulvestrant,Dasatinib,RPMI-8226,0
Fulvestrant,Dasatinib,T-47D,1
Fulvestrant,Dasatinib,UO-31,1
Fulvestrant,Sirolimus (rapamycin),HS 578T,0
Fulvestrant,Sirolimus (rapamycin),HT29,1
Fulvestrant,Sirolimus (rapamycin),IGROV1,0
Fulvestrant,Sirolimus (rapamycin),LOX IMVI,1
Fulvestrant,Sirolimus (rapamycin),MCF7,0
Fulvestrant,Sirolimus (rapamycin),NCI-H460,0
Fulvestrant,Sirolimus (rapamycin),PC-3,1
Fulvestrant,Sirolimus (rapamycin),RPMI-8226,0
Fulvestrant,Sirolimus (rapamycin),T-47D,1
Fulvestrant,Sirolimus (rapamycin),UO-31,0
Fulvestrant,Sunitinib,HS 578T,1
Fulvestrant,Sunitinib,HT29,1
Fulvestrant,Sunitinib,IGROV1,1
Fulvestrant,Sunitinib,LOX IMVI,1
Fulvestrant,Sunitinib,MCF7,0
Fulvestrant,Sunitinib,NCI-H460,1
Fulvestrant,Sunitinib,PC-3,0
Fulvestrant,Sunitinib,RPMI-8226,0
Fulvestrant,Sunitinib,T-47D,0
Fulvestrant,Sunitinib,UO-31,1
Fulvestrant,Axitinib,HS 578T,1
Fulvestrant,Axitinib,HT29,1
Fulvestrant,Axitinib,IGROV1,1
Fulvestrant,Axitinib,LOX IMVI,1
Fulvestrant,Axitinib,MCF7,1
Fulvestrant,Axitinib,NCI-H460,0
Fulvestrant,Axitinib,PC-3,0
Fulvestrant,Axitinib,RPMI-8226,0
Fulvestrant,Axitinib,SK-MEL-2,0
Fulvestrant,Axitinib,T-47D,0
Fulvestrant,Axitinib,UO-31,0
Fulvestrant,Crizotinib,HS 578T,1
Fulvestrant,Crizotinib,HT29,1
Fulvestrant,Crizotinib,IGROV1,1
Fulvestrant,Crizotinib,LOX IMVI,1
Fulvestrant,Crizotinib,MCF7,1
Fulvestrant,Crizotinib,NCI-H460,0
Fulvestrant,Crizotinib,PC-3,0
Fulvestrant,Crizotinib,SK-MEL-2,0
Fulvestrant,Crizotinib,T-47D,1
Fulvestrant,Crizotinib,UO-31,1
Fulvestrant,Ruxolitinib,HS 578T,1
Fulvestrant,Ruxolitinib,HT29,0
Fulvestrant,Ruxolitinib,IGROV1,1
Fulvestrant,Ruxolitinib,LOX IMVI,1
Fulvestrant,Ruxolitinib,MCF7,0
Fulvestrant,Ruxolitinib,NCI-H460,0
Fulvestrant,Ruxolitinib,PC-3,0
Fulvestrant,Ruxolitinib,RPMI-8226,0
Fulvestrant,Ruxolitinib,SK-MEL-2,1
Fulvestrant,Ruxolitinib,T-47D,0
Fulvestrant,Ruxolitinib,UO-31,1
Fulvestrant,Vemurafenib,HS 578T,0
Fulvestrant,Vemurafenib,HT29,1
Fulvestrant,Vemurafenib,IGROV1,1
Fulvestrant,Vemurafenib,LOX IMVI,0
Fulvestrant,Vemurafenib,MCF7,1
Fulvestrant,Vemurafenib,NCI-H460,0
Fulvestrant,Vemurafenib,PC-3,1
Fulvestrant,Vemurafenib,RPMI-8226,1
Fulvestrant,Vemurafenib,SK-MEL-2,1
Fulvestrant,Vemurafenib,T-47D,1
Fulvestrant,Vemurafenib,UO-31,0
Fulvestrant,Everolimus,HS 578T,1
Fulvestrant,Everolimus,HT29,1
Fulvestrant,Everolimus,IGROV1,1
Fulvestrant,Everolimus,LOX IMVI,1
Fulvestrant,Everolimus,MCF7,1
Fulvestrant,Everolimus,NCI-H460,1
Fulvestrant,Everolimus,PC-3,1
Fulvestrant,Everolimus,RPMI-8226,0
Fulvestrant,Everolimus,T-47D,1
Fulvestrant,Everolimus,UO-31,1
Fulvestrant,Dacarbazine,HS 578T,0
Fulvestrant,Dacarbazine,HT29,0
Fulvestrant,Dacarbazine,IGROV1,0
Fulvestrant,Dacarbazine,LOX IMVI,0
Fulvestrant,Dacarbazine,MCF7,0
Fulvestrant,Dacarbazine,NCI-H460,1
Fulvestrant,Dacarbazine,PC-3,0
Fulvestrant,Dacarbazine,RPMI-8226,1
Fulvestrant,Dacarbazine,SK-MEL-2,0
Fulvestrant,Dacarbazine,T-47D,0
Fulvestrant,Dacarbazine,UO-31,0
Fulvestrant,Allopurinol,HS 578T,0
Fulvestrant,Allopurinol,HT29,0
Fulvestrant,Allopurinol,IGROV1,1
Fulvestrant,Allopurinol,LOX IMVI,1
Fulvestrant,Allopurinol,MCF7,0
Fulvestrant,Allopurinol,NCI-H460,0
Fulvestrant,Allopurinol,PC-3,1
Fulvestrant,Allopurinol,RPMI-8226,0
Fulvestrant,Allopurinol,SK-MEL-2,0
Fulvestrant,Allopurinol,T-47D,0
Fulvestrant,Allopurinol,UO-31,0
Clofarabine,Gefitinib,HS 578T,1
Clofarabine,Gefitinib,HT29,1
Clofarabine,Gefitinib,IGROV1,0
Clofarabine,Gefitinib,LOX IMVI,0
Clofarabine,Gefitinib,MCF7,1
Clofarabine,Gefitinib,NCI-H460,1
Clofarabine,Gefitinib,PC-3,1
Clofarabine,Gefitinib,RPMI-8226,0
Clofarabine,Gefitinib,SK-MEL-2,0
Clofarabine,Gefitinib,T-47D,0
Clofarabine,Gefitinib,UO-31,1
Clofarabine,Methotrexate,HT29,0
Clofarabine,Methotrexate,LOX IMVI,0
Clofarabine,Methotrexate,MCF7,0
Clofarabine,Methotrexate,NCI-H460,0
Clofarabine,Methotrexate,RPMI-8226,0
Clofarabine,Methotrexate,T-47D,0
Clofarabine,Methotrexate,UO-31,0
Clofarabine,Abiraterone,HS 578T,0
Clofarabine,Abiraterone,HT29,0
Clofarabine,Abiraterone,IGROV1,0
Clofarabine,Abiraterone,LOX IMVI,1
Clofarabine,Abiraterone,MCF7,1
Clofarabine,Abiraterone,NCI-H460,0
Clofarabine,Abiraterone,PC-3,0
Clofarabine,Abiraterone,RPMI-8226,0
Clofarabine,Abiraterone,SK-MEL-2,0
Clofarabine,Abiraterone,T-47D,0
Clofarabine,Abiraterone,UO-31,0
Clofarabine,Docetaxel,HS 578T,1
Clofarabine,Docetaxel,HT29,1
Clofarabine,Docetaxel,IGROV1,0
Clofarabine,Docetaxel,LOX IMVI,0
Clofarabine,Docetaxel,MCF7,0
Clofarabine,Docetaxel,NCI-H460,0
Clofarabine,Docetaxel,PC-3,0
Clofarabine,Docetaxel,RPMI-8226,0
Clofarabine,Docetaxel,T-47D,0
Clofarabine,Docetaxel,UO-31,0
Clofarabine,Erlotinib,HS 578T,0
Clofarabine,Erlotinib,HT29,0
Clofarabine,Erlotinib,IGROV1,0
Clofarabine,Erlotinib,LOX IMVI,0
Clofarabine,Erlotinib,MCF7,0
Clofarabine,Erlotinib,NCI-H460,0
Clofarabine,Erlotinib,PC-3,0
Clofarabine,Erlotinib,RPMI-8226,1
Clofarabine,Erlotinib,T-47D,0
Clofarabine,Erlotinib,UO-31,1
Clofarabine,Lapatinib,HS 578T,0
Clofarabine,Lapatinib,HT29,0
Clofarabine,Lapatinib,IGROV1,0
Clofarabine,Lapatinib,LOX IMVI,0
Clofarabine,Lapatinib,MCF7,1
Clofarabine,Lapatinib,NCI-H460,0
Clofarabine,Lapatinib,PC-3,0
Clofarabine,Lapatinib,RPMI-8226,0
Clofarabine,Lapatinib,T-47D,0
Clofarabine,Lapatinib,UO-31,0
Clofarabine,Sorafenib,HS 578T,0
Clofarabine,Sorafenib,HT29,0
Clofarabine,Sorafenib,IGROV1,0
Clofarabine,Sorafenib,LOX IMVI,0
Clofarabine,Sorafenib,MCF7,0
Clofarabine,Sorafenib,NCI-H460,0
Clofarabine,Sorafenib,PC-3,0
Clofarabine,Sorafenib,RPMI-8226,0
Clofarabine,Sorafenib,SK-MEL-2,0
Clofarabine,Sorafenib,T-47D,1
Clofarabine,Sorafenib,UO-31,0
Clofarabine,Lenalidomide,HS 578T,0
Clofarabine,Lenalidomide,HT29,0
Clofarabine,Lenalidomide,IGROV1,1
Clofarabine,Lenalidomide,LOX IMVI,0
Clofarabine,Lenalidomide,MCF7,0
Clofarabine,Lenalidomide,NCI-H460,0
Clofarabine,Lenalidomide,PC-3,0
Clofarabine,Lenalidomide,RPMI-8226,1
Clofarabine,Lenalidomide,SK-MEL-2,0
Clofarabine,Lenalidomide,T-47D,0
Clofarabine,Lenalidomide,UO-31,0
Clofarabine,Capecitabine,HS 578T,0
Clofarabine,Capecitabine,HT29,1
Clofarabine,Capecitabine,IGROV1,1
Clofarabine,Capecitabine,LOX IMVI,0
Clofarabine,Capecitabine,MCF7,0
Clofarabine,Capecitabine,NCI-H460,0
Clofarabine,Capecitabine,PC-3,0
Clofarabine,Capecitabine,RPMI-8226,0
Clofarabine,Capecitabine,T-47D,0
Clofarabine,Capecitabine,UO-31,0
Clofarabine,Tretinoin,HS 578T,0
Clofarabine,Tretinoin,HT29,1
Clofarabine,Tretinoin,IGROV1,0
Clofarabine,Tretinoin,LOX IMVI,0
Clofarabine,Tretinoin,MCF7,1
Clofarabine,Tretinoin,NCI-H460,0
Clofarabine,Tretinoin,PC-3,0
Clofarabine,Tretinoin,RPMI-8226,0
Clofarabine,Tretinoin,T-47D,0
Clofarabine,Tretinoin,UO-31,0
Clofarabine,Decitabine,HS 578T,0
Clofarabine,Decitabine,HT29,0
Clofarabine,Decitabine,IGROV1,0
Clofarabine,Decitabine,LOX IMVI,0
Clofarabine,Decitabine,MCF7,0
Clofarabine,Decitabine,NCI-H460,1
Clofarabine,Decitabine,PC-3,0
Clofarabine,Decitabine,RPMI-8226,0
Clofarabine,Decitabine,T-47D,0
Clofarabine,Decitabine,UO-31,1
Clofarabine,Teniposide,HS 578T,0
Clofarabine,Teniposide,HT29,1
Clofarabine,Teniposide,IGROV1,0
Clofarabine,Teniposide,LOX IMVI,0
Clofarabine,Teniposide,MCF7,1
Clofarabine,Teniposide,NCI-H460,0
Clofarabine,Teniposide,PC-3,0
Clofarabine,Teniposide,RPMI-8226,0
Clofarabine,Teniposide,SK-MEL-2,0
Clofarabine,Teniposide,T-47D,0
Clofarabine,Teniposide,UO-31,0
Clofarabine,Dactinomycin,HS 578T,0
Clofarabine,Dactinomycin,HT29,1
Clofarabine,Dactinomycin,IGROV1,0
Clofarabine,Dactinomycin,LOX IMVI,0
Clofarabine,Dactinomycin,MCF7,0
Clofarabine,Dactinomycin,NCI-H460,0
Clofarabine,Dactinomycin,PC-3,0
Clofarabine,Dactinomycin,RPMI-8226,1
Clofarabine,Dactinomycin,T-47D,0
Clofarabine,Dactinomycin,UO-31,0
Clofarabine,Nilotinib,HS 578T,0
Clofarabine,Nilotinib,HT29,1
Clofarabine,Nilotinib,IGROV1,0
Clofarabine,Nilotinib,LOX IMVI,0
Clofarabine,Nilotinib,MCF7,0
Clofarabine,Nilotinib,NCI-H460,0
Clofarabine,Nilotinib,PC-3,0
Clofarabine,Nilotinib,RPMI-8226,1
Clofarabine,Nilotinib,T-47D,0
Clofarabine,Nilotinib,UO-31,0
Clofarabine,2-fluoroAraA (fludarabine),HS 578T,0
Clofarabine,2-fluoroAraA (fludarabine),HT29,1
Clofarabine,2-fluoroAraA (fludarabine),IGROV1,0
Clofarabine,2-fluoroAraA (fludarabine),LOX IMVI,1
Clofarabine,2-fluoroAraA (fludarabine),MCF7,0
Clofarabine,2-fluoroAraA (fludarabine),NCI-H460,1
Clofarabine,2-fluoroAraA (fludarabine),PC-3,0
Clofarabine,2-fluoroAraA (fludarabine),RPMI-8226,1
Clofarabine,2-fluoroAraA (fludarabine),T-47D,0
Clofarabine,2-fluoroAraA (fludarabine),UO-31,0
Clofarabine,Mercaptopurine,HS 578T,0
Clofarabine,Mercaptopurine,HT29,0
Clofarabine,Mercaptopurine,IGROV1,0
Clofarabine,Mercaptopurine,LOX IMVI,0
Clofarabine,Mercaptopurine,MCF7,0
Clofarabine,Mercaptopurine,NCI-H460,0
Clofarabine,Mercaptopurine,PC-3,0
Clofarabine,Mercaptopurine,RPMI-8226,0
Clofarabine,Mercaptopurine,T-47D,0
Clofarabine,Mercaptopurine,UO-31,0
Clofarabine,Dasatinib,HS 578T,1
Clofarabine,Dasatinib,HT29,0
Clofarabine,Dasatinib,IGROV1,0
Clofarabine,Dasatinib,LOX IMVI,0
Clofarabine,Dasatinib,MCF7,0
Clofarabine,Dasatinib,NCI-H460,0
Clofarabine,Dasatinib,PC-3,1
Clofarabine,Dasatinib,RPMI-8226,1
Clofarabine,Dasatinib,T-47D,0
Clofarabine,Dasatinib,UO-31,1
Clofarabine,Sirolimus (rapamycin),HS 578T,1
Clofarabine,Sirolimus (rapamycin),HT29,0
Clofarabine,Sirolimus (rapamycin),IGROV1,0
Clofarabine,Sirolimus (rapamycin),LOX IMVI,0
Clofarabine,Sirolimus (rapamycin),MCF7,0
Clofarabine,Sirolimus (rapamycin),NCI-H460,0
Clofarabine,Sirolimus (rapamycin),PC-3,0
Clofarabine,Sirolimus (rapamycin),RPMI-8226,0
Clofarabine,Sirolimus (rapamycin),T-47D,0
Clofarabine,Sirolimus (rapamycin),UO-31,1
Clofarabine,Sunitinib,HS 578T,0
Clofarabine,Sunitinib,HT29,0
Clofarabine,Sunitinib,IGROV1,0
Clofarabine,Sunitinib,LOX IMVI,0
Clofarabine,Sunitinib,MCF7,0
Clofarabine,Sunitinib,NCI-H460,0
Clofarabine,Sunitinib,PC-3,0
Clofarabine,Sunitinib,RPMI-8226,0
Clofarabine,Sunitinib,T-47D,1
Clofarabine,Sunitinib,UO-31,0
Clofarabine,Axitinib,HS 578T,0
Clofarabine,Axitinib,HT29,0
Clofarabine,Axitinib,IGROV1,1
Clofarabine,Axitinib,LOX IMVI,0
Clofarabine,Axitinib,MCF7,0
Clofarabine,Axitinib,NCI-H460,1
Clofarabine,Axitinib,PC-3,0
Clofarabine,Axitinib,RPMI-8226,0
Clofarabine,Axitinib,SK-MEL-2,0
Clofarabine,Axitinib,T-47D,1
Clofarabine,Axitinib,UO-31,0
Clofarabine,Crizotinib,HS 578T,0
Clofarabine,Crizotinib,HT29,0
Clofarabine,Crizotinib,IGROV1,0
Clofarabine,Crizotinib,LOX IMVI,0
Clofarabine,Crizotinib,MCF7,0
Clofarabine,Crizotinib,NCI-H460,1
Clofarabine,Crizotinib,PC-3,1
Clofarabine,Crizotinib,RPMI-8226,0
Clofarabine,Crizotinib,SK-MEL-2,0
Clofarabine,Crizotinib,T-47D,1
Clofarabine,Crizotinib,UO-31,1
Clofarabine,Ruxolitinib,HS 578T,0
Clofarabine,Ruxolitinib,HT29,0
Clofarabine,Ruxolitinib,IGROV1,0
Clofarabine,Ruxolitinib,LOX IMVI,0
Clofarabine,Ruxolitinib,MCF7,0
Clofarabine,Ruxolitinib,NCI-H460,1
Clofarabine,Ruxolitinib,PC-3,0
Clofarabine,Ruxolitinib,RPMI-8226,1
Clofarabine,Ruxolitinib,SK-MEL-2,0
Clofarabine,Ruxolitinib,T-47D,0
Clofarabine,Ruxolitinib,UO-31,1
Clofarabine,Vemurafenib,HS 578T,0
Clofarabine,Vemurafenib,HT29,1
Clofarabine,Vemurafenib,IGROV1,0
Clofarabine,Vemurafenib,LOX IMVI,1
Clofarabine,Vemurafenib,MCF7,0
Clofarabine,Vemurafenib,NCI-H460,0
Clofarabine,Vemurafenib,PC-3,0
Clofarabine,Vemurafenib,RPMI-8226,0
Clofarabine,Vemurafenib,SK-MEL-2,0
Clofarabine,Vemurafenib,T-47D,1
Clofarabine,Vemurafenib,UO-31,0
Clofarabine,Everolimus,HS 578T,0
Clofarabine,Everolimus,HT29,0
Clofarabine,Everolimus,IGROV1,0
Clofarabine,Everolimus,LOX IMVI,0
Clofarabine,Everolimus,MCF7,1
Clofarabine,Everolimus,NCI-H460,0
Clofarabine,Everolimus,PC-3,0
Clofarabine,Everolimus,RPMI-8226,0
Clofarabine,Everolimus,T-47D,0
Clofarabine,Everolimus,UO-31,0
Clofarabine,Dacarbazine,HS 578T,0
Clofarabine,Dacarbazine,HT29,0
Clofarabine,Dacarbazine,IGROV1,0
Clofarabine,Dacarbazine,LOX IMVI,0
Clofarabine,Dacarbazine,MCF7,0
Clofarabine,Dacarbazine,NCI-H460,0
Clofarabine,Dacarbazine,PC-3,0
Clofarabine,Dacarbazine,RPMI-8226,1
Clofarabine,Dacarbazine,SK-MEL-2,0
Clofarabine,Dacarbazine,T-47D,0
Clofarabine,Dacarbazine,UO-31,0
Clofarabine,Allopurinol,HS 578T,1
Clofarabine,Allopurinol,HT29,0
Clofarabine,Allopurinol,IGROV1,0
Clofarabine,Allopurinol,LOX IMVI,0
Clofarabine,Allopurinol,MCF7,0
Clofarabine,Allopurinol,NCI-H460,0
Clofarabine,Allopurinol,PC-3,0
Clofarabine,Allopurinol,RPMI-8226,1
Clofarabine,Allopurinol,T-47D,0
Clofarabine,Allopurinol,UO-31,0
Gefitinib,Methotrexate,HS 578T,1
Gefitinib,Methotrexate,HT29,0
Gefitinib,Methotrexate,IGROV1,1
Gefitinib,Methotrexate,MCF7,1
Gefitinib,Methotrexate,NCI-H460,1
Gefitinib,Methotrexate,PC-3,1
Gefitinib,Methotrexate,RPMI-8226,0
Gefitinib,Methotrexate,SK-MEL-2,1
Gefitinib,Methotrexate,T-47D,0
Gefitinib,Methotrexate,UO-31,0
Gefitinib,Abiraterone,HS 578T,1
Gefitinib,Abiraterone,HT29,1
Gefitinib,Abiraterone,IGROV1,1
Gefitinib,Abiraterone,LOX IMVI,0
Gefitinib,Abiraterone,MCF7,1
Gefitinib,Abiraterone,NCI-H460,0
Gefitinib,Abiraterone,PC-3,0
Gefitinib,Abiraterone,RPMI-8226,1
Gefitinib,Abiraterone,SK-MEL-2,1
Gefitinib,Abiraterone,T-47D,1
Gefitinib,Abiraterone,UO-31,1
Gefitinib,Docetaxel,HS 578T,0
Gefitinib,Docetaxel,HT29,0
Gefitinib,Docetaxel,IGROV1,0
Gefitinib,Docetaxel,LOX IMVI,0
Gefitinib,Docetaxel,MCF7,1
Gefitinib,Docetaxel,NCI-H460,1
Gefitinib,Docetaxel,PC-3,1
Gefitinib,Docetaxel,RPMI-8226,0
Gefitinib,Docetaxel,SK-MEL-2,1
Gefitinib,Docetaxel,T-47D,1
Gefitinib,Docetaxel,UO-31,1
Gefitinib,Erlotinib,HS 578T,1
Gefitinib,Erlotinib,HT29,1
Gefitinib,Erlotinib,IGROV1,1
Gefitinib,Erlotinib,LOX IMVI,0
Gefitinib,Erlotinib,MCF7,1
Gefitinib,Erlotinib,NCI-H460,1
Gefitinib,Erlotinib,PC-3,1
Gefitinib,Erlotinib,RPMI-8226,1
Gefitinib,Erlotinib,SK-MEL-2,0
Gefitinib,Erlotinib,T-47D,0
Gefitinib,Erlotinib,UO-31,0
Gefitinib,Lapatinib,HS 578T,0
Gefitinib,Lapatinib,HT29,1
Gefitinib,Lapatinib,IGROV1,0
Gefitinib,Lapatinib,LOX IMVI,0
Gefitinib,Lapatinib,MCF7,1
Gefitinib,Lapatinib,NCI-H460,0
Gefitinib,Lapatinib,PC-3,0
Gefitinib,Lapatinib,SK-MEL-2,0
Gefitinib,Lapatinib,T-47D,1
Gefitinib,Lapatinib,UO-31,0
Gefitinib,Sorafenib,HS 578T,0
Gefitinib,Sorafenib,HT29,1
Gefitinib,Sorafenib,IGROV1,0
Gefitinib,Sorafenib,LOX IMVI,0
Gefitinib,Sorafenib,MCF7,1
Gefitinib,Sorafenib,NCI-H460,0
Gefitinib,Sorafenib,PC-3,0
Gefitinib,Sorafenib,RPMI-8226,0
Gefitinib,Sorafenib,SK-MEL-2,0
Gefitinib,Sorafenib,T-47D,1
Gefitinib,Sorafenib,UO-31,0
Gefitinib,Lenalidomide,HS 578T,0
Gefitinib,Lenalidomide,HT29,1
Gefitinib,Lenalidomide,IGROV1,0
Gefitinib,Lenalidomide,LOX IMVI,1
Gefitinib,Lenalidomide,MCF7,0
Gefitinib,Lenalidomide,NCI-H460,0
Gefitinib,Lenalidomide,PC-3,0
Gefitinib,Lenalidomide,RPMI-8226,0
Gefitinib,Lenalidomide,SK-MEL-2,0
Gefitinib,Lenalidomide,T-47D,0
Gefitinib,Lenalidomide,UO-31,0
Gefitinib,Capecitabine,HS 578T,0
Gefitinib,Capecitabine,HT29,0
Gefitinib,Capecitabine,IGROV1,0
Gefitinib,Capecitabine,LOX IMVI,0
Gefitinib,Capecitabine,MCF7,0
Gefitinib,Capecitabine,NCI-H460,1
Gefitinib,Capecitabine,PC-3,0
Gefitinib,Capecitabine,RPMI-8226,0
Gefitinib,Capecitabine,SK-MEL-2,0
Gefitinib,Capecitabine,T-47D,0
Gefitinib,Capecitabine,UO-31,0
Gefitinib,Tretinoin,HS 578T,1
Gefitinib,Tretinoin,HT29,1
Gefitinib,Tretinoin,IGROV1,1
Gefitinib,Tretinoin,LOX IMVI,0
Gefitinib,Tretinoin,MCF7,1
Gefitinib,Tretinoin,NCI-H460,1
Gefitinib,Tretinoin,PC-3,0
Gefitinib,Tretinoin,RPMI-8226,0
Gefitinib,Tretinoin,SK-MEL-2,0
Gefitinib,Tretinoin,T-47D,1
Gefitinib,Tretinoin,UO-31,0
Gefitinib,Decitabine,HS 578T,1
Gefitinib,Decitabine,HT29,1
Gefitinib,Decitabine,IGROV1,1
Gefitinib,Decitabine,LOX IMVI,1
Gefitinib,Decitabine,MCF7,1
Gefitinib,Decitabine,NCI-H460,1
Gefitinib,Decitabine,PC-3,1
Gefitinib,Decitabine,RPMI-8226,0
Gefitinib,Decitabine,SK-MEL-2,1
Gefitinib,Decitabine,T-47D,1
Gefitinib,Decitabine,UO-31,1
Gefitinib,Teniposide,HS 578T,1
Gefitinib,Teniposide,HT29,1
Gefitinib,Teniposide,IGROV1,1
Gefitinib,Teniposide,LOX IMVI,0
Gefitinib,Teniposide,MCF7,1
Gefitinib,Teniposide,NCI-H460,1
Gefitinib,Teniposide,PC-3,1
Gefitinib,Teniposide,RPMI-8226,0
Gefitinib,Teniposide,SK-MEL-2,0
Gefitinib,Teniposide,T-47D,0
Gefitinib,Teniposide,UO-31,1
Gefitinib,Dactinomycin,HS 578T,1
Gefitinib,Dactinomycin,HT29,1
Gefitinib,Dactinomycin,IGROV1,1
Gefitinib,Dactinomycin,LOX IMVI,1
Gefitinib,Dactinomycin,MCF7,1
Gefitinib,Dactinomycin,NCI-H460,1
Gefitinib,Dactinomycin,PC-3,1
Gefitinib,Dactinomycin,RPMI-8226,1
Gefitinib,Dactinomycin,SK-MEL-2,1
Gefitinib,Dactinomycin,T-47D,1
Gefitinib,Dactinomycin,UO-31,1
Gefitinib,Nilotinib,HS 578T,0
Gefitinib,Nilotinib,HT29,1
Gefitinib,Nilotinib,IGROV1,0
Gefitinib,Nilotinib,LOX IMVI,0
Gefitinib,Nilotinib,MCF7,1
Gefitinib,Nilotinib,NCI-H460,0
Gefitinib,Nilotinib,PC-3,0
Gefitinib,Nilotinib,RPMI-8226,1
Gefitinib,Nilotinib,SK-MEL-2,0
Gefitinib,Nilotinib,T-47D,0
Gefitinib,Nilotinib,UO-31,0
Gefitinib,2-fluoroAraA (fludarabine),HS 578T,0
Gefitinib,2-fluoroAraA (fludarabine),HT29,0
Gefitinib,2-fluoroAraA (fludarabine),IGROV1,0
Gefitinib,2-fluoroAraA (fludarabine),LOX IMVI,1
Gefitinib,2-fluoroAraA (fludarabine),MCF7,1
Gefitinib,2-fluoroAraA (fludarabine),NCI-H460,1
Gefitinib,2-fluoroAraA (fludarabine),PC-3,1
Gefitinib,2-fluoroAraA (fludarabine),RPMI-8226,0
Gefitinib,2-fluoroAraA (fludarabine),SK-MEL-2,0
Gefitinib,2-fluoroAraA (fludarabine),T-47D,0
Gefitinib,2-fluoroAraA (fludarabine),UO-31,0
Gefitinib,Mercaptopurine,HS 578T,0
Gefitinib,Mercaptopurine,HT29,0
Gefitinib,Mercaptopurine,IGROV1,0
Gefitinib,Mercaptopurine,LOX IMVI,0
Gefitinib,Mercaptopurine,MCF7,0
Gefitinib,Mercaptopurine,NCI-H460,1
Gefitinib,Mercaptopurine,PC-3,0
Gefitinib,Mercaptopurine,RPMI-8226,0
Gefitinib,Mercaptopurine,SK-MEL-2,1
Gefitinib,Mercaptopurine,T-47D,1
Gefitinib,Mercaptopurine,UO-31,1
Gefitinib,Dasatinib,HS 578T,1
Gefitinib,Dasatinib,HT29,1
Gefitinib,Dasatinib,IGROV1,1
Gefitinib,Dasatinib,LOX IMVI,0
Gefitinib,Dasatinib,MCF7,0
Gefitinib,Dasatinib,NCI-H460,1
Gefitinib,Dasatinib,PC-3,1
Gefitinib,Dasatinib,RPMI-8226,1
Gefitinib,Dasatinib,SK-MEL-2,0
Gefitinib,Dasatinib,T-47D,1
Gefitinib,Dasatinib,UO-31,1
Gefitinib,Sirolimus (rapamycin),HS 578T,0
Gefitinib,Sirolimus (rapamycin),HT29,1
Gefitinib,Sirolimus (rapamycin),IGROV1,1
Gefitinib,Sirolimus (rapamycin),LOX IMVI,0
Gefitinib,Sirolimus (rapamycin),MCF7,0
Gefitinib,Sirolimus (rapamycin),NCI-H460,1
Gefitinib,Sirolimus (rapamycin),PC-3,0
Gefitinib,Sirolimus (rapamycin),RPMI-8226,1
Gefitinib,Sirolimus (rapamycin),SK-MEL-2,1
Gefitinib,Sirolimus (rapamycin),T-47D,1
Gefitinib,Sirolimus (rapamycin),UO-31,1
Gefitinib,Sunitinib,HS 578T,0
Gefitinib,Sunitinib,HT29,1
Gefitinib,Sunitinib,IGROV1,0
Gefitinib,Sunitinib,LOX IMVI,0
Gefitinib,Sunitinib,MCF7,1
Gefitinib,Sunitinib,NCI-H460,0
Gefitinib,Sunitinib,PC-3,0
Gefitinib,Sunitinib,RPMI-8226,1
Gefitinib,Sunitinib,SK-MEL-2,0
Gefitinib,Sunitinib,T-47D,0
Gefitinib,Sunitinib,UO-31,0
Gefitinib,Axitinib,HS 578T,1
Gefitinib,Axitinib,HT29,1
Gefitinib,Axitinib,IGROV1,1
Gefitinib,Axitinib,LOX IMVI,0
Gefitinib,Axitinib,MCF7,1
Gefitinib,Axitinib,NCI-H460,1
Gefitinib,Axitinib,PC-3,0
Gefitinib,Axitinib,RPMI-8226,1
Gefitinib,Axitinib,SK-MEL-2,1
Gefitinib,Axitinib,T-47D,1
Gefitinib,Axitinib,UO-31,1
Gefitinib,Crizotinib,HS 578T,1
Gefitinib,Crizotinib,HT29,1
Gefitinib,Crizotinib,IGROV1,0
Gefitinib,Crizotinib,LOX IMVI,0
Gefitinib,Crizotinib,MCF7,1
Gefitinib,Crizotinib,NCI-H460,1
Gefitinib,Crizotinib,PC-3,1
Gefitinib,Crizotinib,RPMI-8226,1
Gefitinib,Crizotinib,SK-MEL-2,0
Gefitinib,Crizotinib,T-47D,1
Gefitinib,Crizotinib,UO-31,1
Gefitinib,Ruxolitinib,HS 578T,1
Gefitinib,Ruxolitinib,HT29,0
Gefitinib,Ruxolitinib,IGROV1,1
Gefitinib,Ruxolitinib,LOX IMVI,1
Gefitinib,Ruxolitinib,MCF7,1
Gefitinib,Ruxolitinib,NCI-H460,0
Gefitinib,Ruxolitinib,PC-3,0
Gefitinib,Ruxolitinib,RPMI-8226,0
Gefitinib,Ruxolitinib,SK-MEL-2,0
Gefitinib,Ruxolitinib,T-47D,0
Gefitinib,Ruxolitinib,UO-31,1
Gefitinib,Vemurafenib,HS 578T,0
Gefitinib,Vemurafenib,HT29,1
Gefitinib,Vemurafenib,IGROV1,0
Gefitinib,Vemurafenib,LOX IMVI,0
Gefitinib,Vemurafenib,MCF7,1
Gefitinib,Vemurafenib,NCI-H460,0
Gefitinib,Vemurafenib,PC-3,0
Gefitinib,Vemurafenib,RPMI-8226,0
Gefitinib,Vemurafenib,SK-MEL-2,0
Gefitinib,Vemurafenib,T-47D,1
Gefitinib,Vemurafenib,UO-31,0
Gefitinib,Everolimus,HS 578T,1
Gefitinib,Everolimus,HT29,0
Gefitinib,Everolimus,IGROV1,1
Gefitinib,Everolimus,LOX IMVI,0
Gefitinib,Everolimus,MCF7,1
Gefitinib,Everolimus,NCI-H460,1
Gefitinib,Everolimus,PC-3,1
Gefitinib,Everolimus,RPMI-8226,1
Gefitinib,Everolimus,SK-MEL-2,0
Gefitinib,Everolimus,T-47D,1
Gefitinib,Everolimus,UO-31,1
Gefitinib,Dacarbazine,HS 578T,1
Gefitinib,Dacarbazine,HT29,0
Gefitinib,Dacarbazine,IGROV1,1
Gefitinib,Dacarbazine,LOX IMVI,1
Gefitinib,Dacarbazine,MCF7,0
Gefitinib,Dacarbazine,NCI-H460,0
Gefitinib,Dacarbazine,PC-3,0
Gefitinib,Dacarbazine,RPMI-8226,0
Gefitinib,Dacarbazine,SK-MEL-2,0
Gefitinib,Dacarbazine,T-47D,0
Gefitinib,Dacarbazine,UO-31,1
Gefitinib,Allopurinol,HS 578T,0
Gefitinib,Allopurinol,HT29,0
Gefitinib,Allopurinol,IGROV1,0
Gefitinib,Allopurinol,LOX IMVI,1
Gefitinib,Allopurinol,MCF7,0
Gefitinib,Allopurinol,NCI-H460,0
Gefitinib,Allopurinol,PC-3,0
Gefitinib,Allopurinol,RPMI-8226,0
Gefitinib,Allopurinol,SK-MEL-2,0
Gefitinib,Allopurinol,T-47D,0
Gefitinib,Allopurinol,UO-31,1
Methotrexate,Abiraterone,HS 578T,0
Methotrexate,Abiraterone,HT29,0
Methotrexate,Abiraterone,IGROV1,0
Methotrexate,Abiraterone,LOX IMVI,0
Methotrexate,Abiraterone,MCF7,0
Methotrexate,Abiraterone,NCI-H460,0
Methotrexate,Abiraterone,PC-3,0
Methotrexate,Abiraterone,RPMI-8226,0
Methotrexate,Abiraterone,SK-MEL-2,0
Methotrexate,Abiraterone,T-47D,0
Methotrexate,Abiraterone,UO-31,0
Methotrexate,Docetaxel,HS 578T,0
Methotrexate,Docetaxel,HT29,0
Methotrexate,Docetaxel,IGROV1,1
Methotrexate,Docetaxel,LOX IMVI,0
Methotrexate,Docetaxel,MCF7,0
Methotrexate,Docetaxel,NCI-H460,0
Methotrexate,Docetaxel,PC-3,0
Methotrexate,Docetaxel,RPMI-8226,0
Methotrexate,Docetaxel,T-47D,1
Methotrexate,Docetaxel,UO-31,0
Methotrexate,Erlotinib,HS 578T,0
Methotrexate,Erlotinib,HT29,0
Methotrexate,Erlotinib,IGROV1,1
Methotrexate,Erlotinib,LOX IMVI,0
Methotrexate,Erlotinib,MCF7,0
Methotrexate,Erlotinib,NCI-H460,0
Methotrexate,Erlotinib,PC-3,0
Methotrexate,Erlotinib,RPMI-8226,0
Methotrexate,Erlotinib,T-47D,0
Methotrexate,Erlotinib,UO-31,0
Methotrexate,Lapatinib,HS 578T,0
Methotrexate,Lapatinib,HT29,0
Methotrexate,Lapatinib,LOX IMVI,0
Methotrexate,Lapatinib,MCF7,0
Methotrexate,Lapatinib,NCI-H460,0
Methotrexate,Lapatinib,PC-3,0
Methotrexate,Lapatinib,RPMI-8226,0
Methotrexate,Lapatinib,T-47D,1
Methotrexate,Lapatinib,UO-31,0
Methotrexate,Sorafenib,HS 578T,0
Methotrexate,Sorafenib,HT29,0
Methotrexate,Sorafenib,IGROV1,0
Methotrexate,Sorafenib,LOX IMVI,0
Methotrexate,Sorafenib,MCF7,0
Methotrexate,Sorafenib,PC-3,0
Methotrexate,Sorafenib,RPMI-8226,0
Methotrexate,Sorafenib,SK-MEL-2,0
Methotrexate,Sorafenib,T-47D,0
Methotrexate,Sorafenib,UO-31,0
Methotrexate,Lenalidomide,HS 578T,0
Methotrexate,Lenalidomide,HT29,0
Methotrexate,Lenalidomide,IGROV1,0
Methotrexate,Lenalidomide,LOX IMVI,0
Methotrexate,Lenalidomide,MCF7,0
Methotrexate,Lenalidomide,NCI-H460,0
Methotrexate,Lenalidomide,PC-3,1
Methotrexate,Lenalidomide,RPMI-8226,0
Methotrexate,Lenalidomide,SK-MEL-2,0
Methotrexate,Lenalidomide,T-47D,0
Methotrexate,Lenalidomide,UO-31,1
Methotrexate,Capecitabine,HS 578T,0
Methotrexate,Capecitabine,HT29,0
Methotrexate,Capecitabine,IGROV1,0
Methotrexate,Capecitabine,LOX IMVI,0
Methotrexate,Capecitabine,MCF7,0
Methotrexate,Capecitabine,NCI-H460,0
Methotrexate,Capecitabine,RPMI-8226,0
Methotrexate,Capecitabine,T-47D,0
Methotrexate,Capecitabine,UO-31,0
Methotrexate,Tretinoin,HS 578T,0
Methotrexate,Tretinoin,HT29,0
Methotrexate,Tretinoin,IGROV1,0
Methotrexate,Tretinoin,LOX IMVI,0
Methotrexate,Tretinoin,MCF7,1
Methotrexate,Tretinoin,NCI-H460,0
Methotrexate,Tretinoin,PC-3,0
Methotrexate,Tretinoin,RPMI-8226,0
Methotrexate,Tretinoin,UO-31,0
Methotrexate,Decitabine,HS 578T,0
Methotrexate,Decitabine,HT29,0
Methotrexate,Decitabine,IGROV1,0
Methotrexate,Decitabine,LOX IMVI,0
Methotrexate,Decitabine,MCF7,0
Methotrexate,Decitabine,NCI-H460,1
Methotrexate,Decitabine,PC-3,0
Methotrexate,Decitabine,RPMI-8226,0
Methotrexate,Decitabine,T-47D,1
Methotrexate,Decitabine,UO-31,0
Methotrexate,Teniposide,HS 578T,0
Methotrexate,Teniposide,HT29,0
Methotrexate,Teniposide,IGROV1,0
Methotrexate,Teniposide,LOX IMVI,0
Methotrexate,Teniposide,MCF7,1
Methotrexate,Teniposide,NCI-H460,0
Methotrexate,Teniposide,PC-3,0
Methotrexate,Teniposide,SK-MEL-2,0
Methotrexate,Teniposide,T-47D,0
Methotrexate,Teniposide,UO-31,0
Methotrexate,Dactinomycin,HS 578T,0
Methotrexate,Dactinomycin,HT29,0
Methotrexate,Dactinomycin,LOX IMVI,0
Methotrexate,Dactinomycin,MCF7,0
Methotrexate,Dactinomycin,NCI-H460,0
Methotrexate,Dactinomycin,PC-3,0
Methotrexate,Dactinomycin,RPMI-8226,0
Methotrexate,Dactinomycin,T-47D,0
Methotrexate,Dactinomycin,UO-31,0
Methotrexate,Nilotinib,HS 578T,0
Methotrexate,Nilotinib,HT29,0
Methotrexate,Nilotinib,IGROV1,0
Methotrexate,Nilotinib,LOX IMVI,0
Methotrexate,Nilotinib,MCF7,0
Methotrexate,Nilotinib,NCI-H460,0
Methotrexate,Nilotinib,PC-3,0
Methotrexate,Nilotinib,RPMI-8226,0
Methotrexate,Nilotinib,T-47D,1
Methotrexate,Nilotinib,UO-31,0
Methotrexate,2-fluoroAraA (fludarabine),HS 578T,0
Methotrexate,2-fluoroAraA (fludarabine),HT29,0
Methotrexate,2-fluoroAraA (fludarabine),LOX IMVI,0
Methotrexate,2-fluoroAraA (fludarabine),MCF7,0
Methotrexate,2-fluoroAraA (fludarabine),NCI-H460,0
Methotrexate,2-fluoroAraA (fludarabine),RPMI-8226,0
Methotrexate,2-fluoroAraA (fludarabine),T-47D,0
Methotrexate,2-fluoroAraA (fludarabine),UO-31,0
Methotrexate,Mercaptopurine,HS 578T,0
Methotrexate,Mercaptopurine,HT29,0
Methotrexate,Mercaptopurine,IGROV1,0
Methotrexate,Mercaptopurine,LOX IMVI,0
Methotrexate,Mercaptopurine,MCF7,0
Methotrexate,Mercaptopurine,NCI-H460,0
Methotrexate,Mercaptopurine,PC-3,0
Methotrexate,Mercaptopurine,RPMI-8226,0
Methotrexate,Mercaptopurine,SK-MEL-2,0
Methotrexate,Mercaptopurine,T-47D,0
Methotrexate,Mercaptopurine,UO-31,0
Methotrexate,Dasatinib,HS 578T,0
Methotrexate,Dasatinib,HT29,0
Methotrexate,Dasatinib,IGROV1,0
Methotrexate,Dasatinib,LOX IMVI,0
Methotrexate,Dasatinib,MCF7,0
Methotrexate,Dasatinib,NCI-H460,0
Methotrexate,Dasatinib,PC-3,0
Methotrexate,Dasatinib,RPMI-8226,0
Methotrexate,Dasatinib,T-47D,1
Methotrexate,Dasatinib,UO-31,0
Methotrexate,Sirolimus (rapamycin),HS 578T,0
Methotrexate,Sirolimus (rapamycin),HT29,0
Methotrexate,Sirolimus (rapamycin),IGROV1,0
Methotrexate,Sirolimus (rapamycin),LOX IMVI,0
Methotrexate,Sirolimus (rapamycin),MCF7,0
Methotrexate,Sirolimus (rapamycin),NCI-H460,0
Methotrexate,Sirolimus (rapamycin),PC-3,0
Methotrexate,Sirolimus (rapamycin),RPMI-8226,0
Methotrexate,Sirolimus (rapamycin),T-47D,1
Methotrexate,Sirolimus (rapamycin),UO-31,0
Methotrexate,Sunitinib,HS 578T,0
Methotrexate,Sunitinib,HT29,0
Methotrexate,Sunitinib,IGROV1,0
Methotrexate,Sunitinib,LOX IMVI,0
Methotrexate,Sunitinib,MCF7,0
Methotrexate,Sunitinib,NCI-H460,0
Methotrexate,Sunitinib,PC-3,0
Methotrexate,Sunitinib,RPMI-8226,0
Methotrexate,Sunitinib,T-47D,0
Methotrexate,Sunitinib,UO-31,0
Methotrexate,Axitinib,HS 578T,0
Methotrexate,Axitinib,HT29,0
Methotrexate,Axitinib,IGROV1,0
Methotrexate,Axitinib,LOX IMVI,0
Methotrexate,Axitinib,MCF7,0
Methotrexate,Axitinib,NCI-H460,0
Methotrexate,Axitinib,PC-3,0
Methotrexate,Axitinib,SK-MEL-2,0
Methotrexate,Axitinib,T-47D,0
Methotrexate,Axitinib,UO-31,0
Methotrexate,Crizotinib,HS 578T,0
Methotrexate,Crizotinib,HT29,0
Methotrexate,Crizotinib,IGROV1,0
Methotrexate,Crizotinib,LOX IMVI,0
Methotrexate,Crizotinib,MCF7,0
Methotrexate,Crizotinib,NCI-H460,0
Methotrexate,Crizotinib,PC-3,0
Methotrexate,Crizotinib,RPMI-8226,0
Methotrexate,Crizotinib,SK-MEL-2,0
Methotrexate,Crizotinib,T-47D,1
Methotrexate,Crizotinib,UO-31,0
Methotrexate,Ruxolitinib,HS 578T,0
Methotrexate,Ruxolitinib,HT29,0
Methotrexate,Ruxolitinib,IGROV1,0
Methotrexate,Ruxolitinib,LOX IMVI,0
Methotrexate,Ruxolitinib,MCF7,0
Methotrexate,Ruxolitinib,NCI-H460,0
Methotrexate,Ruxolitinib,PC-3,0
Methotrexate,Ruxolitinib,RPMI-8226,0
Methotrexate,Ruxolitinib,SK-MEL-2,0
Methotrexate,Ruxolitinib,T-47D,0
Methotrexate,Ruxolitinib,UO-31,0
Methotrexate,Vemurafenib,HS 578T,0
Methotrexate,Vemurafenib,HT29,0
Methotrexate,Vemurafenib,IGROV1,0
Methotrexate,Vemurafenib,LOX IMVI,0
Methotrexate,Vemurafenib,MCF7,0
Methotrexate,Vemurafenib,NCI-H460,0
Methotrexate,Vemurafenib,PC-3,0
Methotrexate,Vemurafenib,RPMI-8226,0
Methotrexate,Vemurafenib,SK-MEL-2,0
Methotrexate,Vemurafenib,T-47D,0
Methotrexate,Vemurafenib,UO-31,0
Methotrexate,Everolimus,HT29,0
Methotrexate,Everolimus,LOX IMVI,0
Methotrexate,Everolimus,MCF7,0
Methotrexate,Everolimus,NCI-H460,0
Methotrexate,Everolimus,PC-3,0
Methotrexate,Everolimus,RPMI-8226,0
Methotrexate,Everolimus,T-47D,1
Methotrexate,Everolimus,UO-31,0
Methotrexate,Dacarbazine,HS 578T,0
Methotrexate,Dacarbazine,HT29,0
Methotrexate,Dacarbazine,IGROV1,0
Methotrexate,Dacarbazine,LOX IMVI,0
Methotrexate,Dacarbazine,MCF7,0
Methotrexate,Dacarbazine,NCI-H460,0
Methotrexate,Dacarbazine,PC-3,0
Methotrexate,Dacarbazine,RPMI-8226,0
Methotrexate,Dacarbazine,SK-MEL-2,0
Methotrexate,Dacarbazine,T-47D,0
Methotrexate,Dacarbazine,UO-31,0
Methotrexate,Allopurinol,HS 578T,0
Methotrexate,Allopurinol,HT29,0
Methotrexate,Allopurinol,IGROV1,0
Methotrexate,Allopurinol,LOX IMVI,0
Methotrexate,Allopurinol,MCF7,0
Methotrexate,Allopurinol,NCI-H460,0
Methotrexate,Allopurinol,PC-3,0
Methotrexate,Allopurinol,RPMI-8226,0
Methotrexate,Allopurinol,T-47D,0
Methotrexate,Allopurinol,UO-31,0
Abiraterone,Docetaxel,HS 578T,0
Abiraterone,Docetaxel,HT29,0
Abiraterone,Docetaxel,IGROV1,0
Abiraterone,Docetaxel,LOX IMVI,1
Abiraterone,Docetaxel,MCF7,0
Abiraterone,Docetaxel,NCI-H460,0
Abiraterone,Docetaxel,PC-3,0
Abiraterone,Docetaxel,RPMI-8226,0
Abiraterone,Docetaxel,SK-MEL-2,0
Abiraterone,Docetaxel,T-47D,1
Abiraterone,Docetaxel,UO-31,1
Abiraterone,Erlotinib,HS 578T,1
Abiraterone,Erlotinib,HT29,1
Abiraterone,Erlotinib,IGROV1,1
Abiraterone,Erlotinib,MCF7,0
Abiraterone,Erlotinib,NCI-H460,1
Abiraterone,Erlotinib,PC-3,0
Abiraterone,Erlotinib,RPMI-8226,0
Abiraterone,Erlotinib,SK-MEL-2,1
Abiraterone,Erlotinib,T-47D,1
Abiraterone,Erlotinib,UO-31,1
Abiraterone,Lapatinib,HS 578T,0
Abiraterone,Lapatinib,HT29,0
Abiraterone,Lapatinib,IGROV1,0
Abiraterone,Lapatinib,MCF7,0
Abiraterone,Lapatinib,PC-3,1
Abiraterone,Lapatinib,RPMI-8226,0
Abiraterone,Lapatinib,SK-MEL-2,1
Abiraterone,Lapatinib,T-47D,1
Abiraterone,Lapatinib,UO-31,0
Abiraterone,Sorafenib,HS 578T,0
Abiraterone,Sorafenib,HT29,0
Abiraterone,Sorafenib,IGROV1,0
Abiraterone,Sorafenib,LOX IMVI,0
Abiraterone,Sorafenib,MCF7,0
Abiraterone,Sorafenib,NCI-H460,0
Abiraterone,Sorafenib,PC-3,0
Abiraterone,Sorafenib,RPMI-8226,0
Abiraterone,Sorafenib,SK-MEL-2,0
Abiraterone,Sorafenib,T-47D,0
Abiraterone,Sorafenib,UO-31,1
Abiraterone,Lenalidomide,HS 578T,0
Abiraterone,Lenalidomide,HT29,0
Abiraterone,Lenalidomide,IGROV1,0
Abiraterone,Lenalidomide,LOX IMVI,0
Abiraterone,Lenalidomide,MCF7,0
Abiraterone,Lenalidomide,NCI-H460,0
Abiraterone,Lenalidomide,PC-3,0
Abiraterone,Lenalidomide,RPMI-8226,1
Abiraterone,Lenalidomide,SK-MEL-2,0
Abiraterone,Lenalidomide,T-47D,1
Abiraterone,Lenalidomide,UO-31,1
Abiraterone,Capecitabine,HS 578T,0
Abiraterone,Capecitabine,HT29,0
Abiraterone,Capecitabine,IGROV1,0
Abiraterone,Capecitabine,LOX IMVI,1
Abiraterone,Capecitabine,MCF7,0
Abiraterone,Capecitabine,NCI-H460,1
Abiraterone,Capecitabine,PC-3,0
Abiraterone,Capecitabine,RPMI-8226,0
Abiraterone,Capecitabine,SK-MEL-2,1
Abiraterone,Capecitabine,T-47D,0
Abiraterone,Capecitabine,UO-31,0
Abiraterone,Tretinoin,HS 578T,0
Abiraterone,Tretinoin,HT29,1
Abiraterone,Tretinoin,IGROV1,1
Abiraterone,Tretinoin,LOX IMVI,1
Abiraterone,Tretinoin,MCF7,0
Abiraterone,Tretinoin,NCI-H460,0
Abiraterone,Tretinoin,PC-3,1
Abiraterone,Tretinoin,RPMI-8226,1
Abiraterone,Tretinoin,SK-MEL-2,0
Abiraterone,Tretinoin,T-47D,1
Abiraterone,Tretinoin,UO-31,1
Abiraterone,Decitabine,HS 578T,1
Abiraterone,Decitabine,HT29,1
Abiraterone,Decitabine,IGROV1,0
Abiraterone,Decitabine,LOX IMVI,1
Abiraterone,Decitabine,MCF7,1
Abiraterone,Decitabine,NCI-H460,0
Abiraterone,Decitabine,PC-3,1
Abiraterone,Decitabine,RPMI-8226,1
Abiraterone,Decitabine,SK-MEL-2,0
Abiraterone,Decitabine,T-47D,0
Abiraterone,Decitabine,UO-31,1
Abiraterone,Teniposide,HS 578T,0
Abiraterone,Teniposide,HT29,1
Abiraterone,Teniposide,IGROV1,0
Abiraterone,Teniposide,LOX IMVI,0
Abiraterone,Teniposide,MCF7,0
Abiraterone,Teniposide,NCI-H460,0
Abiraterone,Teniposide,PC-3,0
Abiraterone,Teniposide,RPMI-8226,0
Abiraterone,Teniposide,SK-MEL-2,0
Abiraterone,Teniposide,T-47D,0
Abiraterone,Dactinomycin,HS 578T,1
Abiraterone,Dactinomycin,HT29,1
Abiraterone,Dactinomycin,IGROV1,1
Abiraterone,Dactinomycin,LOX IMVI,1
Abiraterone,Dactinomycin,MCF7,1
Abiraterone,Dactinomycin,NCI-H460,1
Abiraterone,Dactinomycin,PC-3,1
Abiraterone,Dactinomycin,RPMI-8226,1
Abiraterone,Dactinomycin,SK-MEL-2,1
Abiraterone,Dactinomycin,T-47D,1
Abiraterone,Dactinomycin,UO-31,1
Abiraterone,Nilotinib,HS 578T,0
Abiraterone,Nilotinib,HT29,1
Abiraterone,Nilotinib,IGROV1,1
Abiraterone,Nilotinib,MCF7,1
Abiraterone,Nilotinib,NCI-H460,1
Abiraterone,Nilotinib,PC-3,1
Abiraterone,Nilotinib,RPMI-8226,0
Abiraterone,Nilotinib,SK-MEL-2,1
Abiraterone,Nilotinib,T-47D,0
Abiraterone,Nilotinib,UO-31,1
Abiraterone,2-fluoroAraA (fludarabine),HS 578T,0
Abiraterone,2-fluoroAraA (fludarabine),HT29,0
Abiraterone,2-fluoroAraA (fludarabine),IGROV1,0
Abiraterone,2-fluoroAraA (fludarabine),LOX IMVI,1
Abiraterone,2-fluoroAraA (fludarabine),MCF7,0
Abiraterone,2-fluoroAraA (fludarabine),NCI-H460,0
Abiraterone,2-fluoroAraA (fludarabine),PC-3,0
Abiraterone,2-fluoroAraA (fludarabine),RPMI-8226,0
Abiraterone,2-fluoroAraA (fludarabine),SK-MEL-2,0
Abiraterone,2-fluoroAraA (fludarabine),T-47D,0
Abiraterone,2-fluoroAraA (fludarabine),UO-31,1
Abiraterone,Mercaptopurine,HS 578T,0
Abiraterone,Mercaptopurine,HT29,0
Abiraterone,Mercaptopurine,IGROV1,0
Abiraterone,Mercaptopurine,LOX IMVI,0
Abiraterone,Mercaptopurine,MCF7,0
Abiraterone,Mercaptopurine,NCI-H460,0
Abiraterone,Mercaptopurine,PC-3,0
Abiraterone,Mercaptopurine,RPMI-8226,0
Abiraterone,Mercaptopurine,SK-MEL-2,0
Abiraterone,Mercaptopurine,T-47D,0
Abiraterone,Mercaptopurine,UO-31,1
Abiraterone,Dasatinib,HS 578T,0
Abiraterone,Dasatinib,HT29,1
Abiraterone,Dasatinib,IGROV1,0
Abiraterone,Dasatinib,LOX IMVI,1
Abiraterone,Dasatinib,MCF7,1
Abiraterone,Dasatinib,NCI-H460,1
Abiraterone,Dasatinib,PC-3,0
Abiraterone,Dasatinib,RPMI-8226,0
Abiraterone,Dasatinib,SK-MEL-2,0
Abiraterone,Dasatinib,T-47D,1
Abiraterone,Dasatinib,UO-31,1
Abiraterone,Sirolimus (rapamycin),HS 578T,1
Abiraterone,Sirolimus (rapamycin),HT29,0
Abiraterone,Sirolimus (rapamycin),IGROV1,0
Abiraterone,Sirolimus (rapamycin),LOX IMVI,1
Abiraterone,Sirolimus (rapamycin),MCF7,0
Abiraterone,Sirolimus (rapamycin),NCI-H460,0
Abiraterone,Sirolimus (rapamycin),PC-3,0
Abiraterone,Sirolimus (rapamycin),RPMI-8226,1
Abiraterone,Sirolimus (rapamycin),SK-MEL-2,0
Abiraterone,Sirolimus (rapamycin),T-47D,0
Abiraterone,Sirolimus (rapamycin),UO-31,1
Abiraterone,Sunitinib,HS 578T,0
Abiraterone,Sunitinib,HT29,0
Abiraterone,Sunitinib,IGROV1,0
Abiraterone,Sunitinib,LOX IMVI,1
Abiraterone,Sunitinib,MCF7,1
Abiraterone,Sunitinib,NCI-H460,0
Abiraterone,Sunitinib,PC-3,0
Abiraterone,Sunitinib,RPMI-8226,0
Abiraterone,Sunitinib,SK-MEL-2,1
Abiraterone,Sunitinib,T-47D,0
Abiraterone,Sunitinib,UO-31,1
Abiraterone,Axitinib,HS 578T,1
Abiraterone,Axitinib,HT29,1
Abiraterone,Axitinib,IGROV1,1
Abiraterone,Axitinib,LOX IMVI,1
Abiraterone,Axitinib,MCF7,1
Abiraterone,Axitinib,NCI-H460,1
Abiraterone,Axitinib,PC-3,0
Abiraterone,Axitinib,RPMI-8226,0
Abiraterone,Axitinib,SK-MEL-2,1
Abiraterone,Axitinib,T-47D,1
Abiraterone,Axitinib,UO-31,0
Abiraterone,Crizotinib,HS 578T,1
Abiraterone,Crizotinib,HT29,1
Abiraterone,Crizotinib,IGROV1,1
Abiraterone,Crizotinib,LOX IMVI,1
Abiraterone,Crizotinib,MCF7,1
Abiraterone,Crizotinib,NCI-H460,0
Abiraterone,Crizotinib,PC-3,0
Abiraterone,Crizotinib,RPMI-8226,0
Abiraterone,Crizotinib,SK-MEL-2,1
Abiraterone,Crizotinib,T-47D,1
Abiraterone,Crizotinib,UO-31,1
Abiraterone,Ruxolitinib,HS 578T,1
Abiraterone,Ruxolitinib,HT29,0
Abiraterone,Ruxolitinib,IGROV1,1
Abiraterone,Ruxolitinib,LOX IMVI,1
Abiraterone,Ruxolitinib,MCF7,1
Abiraterone,Ruxolitinib,NCI-H460,1
Abiraterone,Ruxolitinib,PC-3,0
Abiraterone,Ruxolitinib,RPMI-8226,1
Abiraterone,Ruxolitinib,SK-MEL-2,1
Abiraterone,Ruxolitinib,T-47D,0
Abiraterone,Ruxolitinib,UO-31,0
Abiraterone,Vemurafenib,HS 578T,0
Abiraterone,Vemurafenib,HT29,0
Abiraterone,Vemurafenib,IGROV1,0
Abiraterone,Vemurafenib,LOX IMVI,0
Abiraterone,Vemurafenib,MCF7,0
Abiraterone,Vemurafenib,NCI-H460,0
Abiraterone,Vemurafenib,PC-3,0
Abiraterone,Vemurafenib,RPMI-8226,0
Abiraterone,Vemurafenib,SK-MEL-2,1
Abiraterone,Vemurafenib,T-47D,0
Abiraterone,Vemurafenib,UO-31,1
Abiraterone,Everolimus,HS 578T,0
Abiraterone,Everolimus,HT29,0
Abiraterone,Everolimus,IGROV1,0
Abiraterone,Everolimus,LOX IMVI,0
Abiraterone,Everolimus,MCF7,0
Abiraterone,Everolimus,NCI-H460,1
Abiraterone,Everolimus,PC-3,0
Abiraterone,Everolimus,RPMI-8226,0
Abiraterone,Everolimus,SK-MEL-2,1
Abiraterone,Everolimus,T-47D,1
Abiraterone,Everolimus,UO-31,1
Abiraterone,Dacarbazine,HS 578T,0
Abiraterone,Dacarbazine,HT29,0
Abiraterone,Dacarbazine,IGROV1,1
Abiraterone,Dacarbazine,LOX IMVI,0
Abiraterone,Dacarbazine,MCF7,0
Abiraterone,Dacarbazine,NCI-H460,0
Abiraterone,Dacarbazine,PC-3,0
Abiraterone,Dacarbazine,RPMI-8226,0
Abiraterone,Dacarbazine,SK-MEL-2,0
Abiraterone,Dacarbazine,T-47D,0
Abiraterone,Allopurinol,HS 578T,0
Abiraterone,Allopurinol,HT29,0
Abiraterone,Allopurinol,IGROV1,0
Abiraterone,Allopurinol,LOX IMVI,1
Abiraterone,Allopurinol,MCF7,0
Abiraterone,Allopurinol,NCI-H460,0
Abiraterone,Allopurinol,PC-3,0
Abiraterone,Allopurinol,RPMI-8226,0
Abiraterone,Allopurinol,SK-MEL-2,0
Abiraterone,Allopurinol,T-47D,0
Abiraterone,Allopurinol,UO-31,1
Docetaxel,Erlotinib,HS 578T,0
Docetaxel,Erlotinib,HT29,0
Docetaxel,Erlotinib,IGROV1,1
Docetaxel,Erlotinib,LOX IMVI,1
Docetaxel,Erlotinib,MCF7,1
Docetaxel,Erlotinib,NCI-H460,0
Docetaxel,Erlotinib,PC-3,1
Docetaxel,Erlotinib,RPMI-8226,1
Docetaxel,Erlotinib,T-47D,0
Docetaxel,Erlotinib,UO-31,0
Docetaxel,Lapatinib,HS 578T,1
Docetaxel,Lapatinib,HT29,1
Docetaxel,Lapatinib,IGROV1,1
Docetaxel,Lapatinib,LOX IMVI,1
Docetaxel,Lapatinib,MCF7,1
Docetaxel,Lapatinib,NCI-H460,1
Docetaxel,Lapatinib,PC-3,0
Docetaxel,Lapatinib,RPMI-8226,1
Docetaxel,Lapatinib,T-47D,1
Docetaxel,Lapatinib,UO-31,1
Docetaxel,Sorafenib,HS 578T,1
Docetaxel,Sorafenib,HT29,1
Docetaxel,Sorafenib,IGROV1,1
Docetaxel,Sorafenib,LOX IMVI,1
Docetaxel,Sorafenib,MCF7,0
Docetaxel,Sorafenib,NCI-H460,1
Docetaxel,Sorafenib,PC-3,1
Docetaxel,Sorafenib,RPMI-8226,1
Docetaxel,Sorafenib,SK-MEL-2,1
Docetaxel,Sorafenib,T-47D,1
Docetaxel,Sorafenib,UO-31,1
Docetaxel,Lenalidomide,HS 578T,0
Docetaxel,Lenalidomide,HT29,0
Docetaxel,Lenalidomide,IGROV1,1
Docetaxel,Lenalidomide,LOX IMVI,0
Docetaxel,Lenalidomide,MCF7,0
Docetaxel,Lenalidomide,NCI-H460,0
Docetaxel,Lenalidomide,PC-3,0
Docetaxel,Lenalidomide,RPMI-8226,0
Docetaxel,Lenalidomide,SK-MEL-2,0
Docetaxel,Lenalidomide,T-47D,0
Docetaxel,Lenalidomide,UO-31,0
Docetaxel,Capecitabine,HS 578T,0
Docetaxel,Capecitabine,HT29,1
Docetaxel,Capecitabine,IGROV1,1
Docetaxel,Capecitabine,LOX IMVI,1
Docetaxel,Capecitabine,MCF7,0
Docetaxel,Capecitabine,NCI-H460,0
Docetaxel,Capecitabine,PC-3,0
Docetaxel,Capecitabine,RPMI-8226,1
Docetaxel,Capecitabine,T-47D,0
Docetaxel,Capecitabine,UO-31,1
Docetaxel,Tretinoin,HS 578T,1
Docetaxel,Tretinoin,HT29,1
Docetaxel,Tretinoin,IGROV1,1
Docetaxel,Tretinoin,LOX IMVI,1
Docetaxel,Tretinoin,MCF7,1
Docetaxel,Tretinoin,NCI-H460,1
Docetaxel,Tretinoin,PC-3,1
Docetaxel,Tretinoin,RPMI-8226,1
Docetaxel,Tretinoin,T-47D,1
Docetaxel,Tretinoin,UO-31,1
Docetaxel,Decitabine,HS 578T,0
Docetaxel,Decitabine,HT29,0
Docetaxel,Decitabine,IGROV1,0
Docetaxel,Decitabine,LOX IMVI,0
Docetaxel,Decitabine,MCF7,0
Docetaxel,Decitabine,NCI-H460,0
Docetaxel,Decitabine,PC-3,1
Docetaxel,Decitabine,RPMI-8226,0
Docetaxel,Decitabine,T-47D,0
Docetaxel,Decitabine,UO-31,0
Docetaxel,Teniposide,HS 578T,0
Docetaxel,Teniposide,HT29,0
Docetaxel,Teniposide,IGROV1,0
Docetaxel,Teniposide,LOX IMVI,0
Docetaxel,Teniposide,MCF7,0
Docetaxel,Teniposide,NCI-H460,0
Docetaxel,Teniposide,PC-3,0
Docetaxel,Teniposide,SK-MEL-2,0
Docetaxel,Teniposide,T-47D,0
Docetaxel,Teniposide,UO-31,1
Docetaxel,Dactinomycin,HS 578T,1
Docetaxel,Dactinomycin,HT29,0
Docetaxel,Dactinomycin,IGROV1,1
Docetaxel,Dactinomycin,LOX IMVI,1
Docetaxel,Dactinomycin,MCF7,1
Docetaxel,Dactinomycin,NCI-H460,1
Docetaxel,Dactinomycin,PC-3,0
Docetaxel,Dactinomycin,RPMI-8226,1
Docetaxel,Dactinomycin,T-47D,0
Docetaxel,Dactinomycin,UO-31,0
Docetaxel,Nilotinib,HS 578T,1
Docetaxel,Nilotinib,HT29,1
Docetaxel,Nilotinib,IGROV1,1
Docetaxel,Nilotinib,LOX IMVI,1
Docetaxel,Nilotinib,MCF7,0
Docetaxel,Nilotinib,NCI-H460,1
Docetaxel,Nilotinib,PC-3,0
Docetaxel,Nilotinib,RPMI-8226,1
Docetaxel,Nilotinib,T-47D,1
Docetaxel,Nilotinib,UO-31,0
Docetaxel,2-fluoroAraA (fludarabine),HS 578T,0
Docetaxel,2-fluoroAraA (fludarabine),HT29,0
Docetaxel,2-fluoroAraA (fludarabine),IGROV1,0
Docetaxel,2-fluoroAraA (fludarabine),LOX IMVI,0
Docetaxel,2-fluoroAraA (fludarabine),MCF7,0
Docetaxel,2-fluoroAraA (fludarabine),NCI-H460,0
Docetaxel,2-fluoroAraA (fludarabine),PC-3,0
Docetaxel,2-fluoroAraA (fludarabine),RPMI-8226,0
Docetaxel,2-fluoroAraA (fludarabine),T-47D,0
Docetaxel,2-fluoroAraA (fludarabine),UO-31,1
Docetaxel,Mercaptopurine,HT29,0
Docetaxel,Mercaptopurine,IGROV1,0
Docetaxel,Mercaptopurine,LOX IMVI,0
Docetaxel,Mercaptopurine,MCF7,0
Docetaxel,Mercaptopurine,NCI-H460,0
Docetaxel,Mercaptopurine,PC-3,0
Docetaxel,Mercaptopurine,RPMI-8226,0
Docetaxel,Mercaptopurine,SK-MEL-2,0
Docetaxel,Mercaptopurine,T-47D,0
Docetaxel,Mercaptopurine,UO-31,0
Docetaxel,Dasatinib,HS 578T,1
Docetaxel,Dasatinib,HT29,1
Docetaxel,Dasatinib,IGROV1,1
Docetaxel,Dasatinib,LOX IMVI,0
Docetaxel,Dasatinib,MCF7,1
Docetaxel,Dasatinib,NCI-H460,0
Docetaxel,Dasatinib,PC-3,1
Docetaxel,Dasatinib,RPMI-8226,1
Docetaxel,Dasatinib,T-47D,1
Docetaxel,Dasatinib,UO-31,1
Docetaxel,Sirolimus (rapamycin),HS 578T,0
Docetaxel,Sirolimus (rapamycin),HT29,1
Docetaxel,Sirolimus (rapamycin),IGROV1,0
Docetaxel,Sirolimus (rapamycin),LOX IMVI,0
Docetaxel,Sirolimus (rapamycin),MCF7,0
Docetaxel,Sirolimus (rapamycin),NCI-H460,1
Docetaxel,Sirolimus (rapamycin),PC-3,1
Docetaxel,Sirolimus (rapamycin),RPMI-8226,1
Docetaxel,Sirolimus (rapamycin),T-47D,1
Docetaxel,Sirolimus (rapamycin),UO-31,0
Docetaxel,Sunitinib,HS 578T,1
Docetaxel,Sunitinib,HT29,1
Docetaxel,Sunitinib,IGROV1,1
Docetaxel,Sunitinib,LOX IMVI,1
Docetaxel,Sunitinib,MCF7,1
Docetaxel,Sunitinib,NCI-H460,1
Docetaxel,Sunitinib,PC-3,1
Docetaxel,Sunitinib,RPMI-8226,1
Docetaxel,Sunitinib,T-47D,1
Docetaxel,Sunitinib,UO-31,1
Docetaxel,Axitinib,HS 578T,0
Docetaxel,Axitinib,HT29,0
Docetaxel,Axitinib,IGROV1,0
Docetaxel,Axitinib,LOX IMVI,0
Docetaxel,Axitinib,MCF7,0
Docetaxel,Axitinib,NCI-H460,0
Docetaxel,Axitinib,PC-3,0
Docetaxel,Axitinib,RPMI-8226,0
Docetaxel,Axitinib,SK-MEL-2,0
Docetaxel,Axitinib,T-47D,0
Docetaxel,Axitinib,UO-31,0
Docetaxel,Crizotinib,HS 578T,0
Docetaxel,Crizotinib,HT29,0
Docetaxel,Crizotinib,IGROV1,0
Docetaxel,Crizotinib,LOX IMVI,1
Docetaxel,Crizotinib,MCF7,0
Docetaxel,Crizotinib,NCI-H460,1
Docetaxel,Crizotinib,PC-3,0
Docetaxel,Crizotinib,RPMI-8226,0
Docetaxel,Crizotinib,SK-MEL-2,0
Docetaxel,Crizotinib,T-47D,0
Docetaxel,Crizotinib,UO-31,1
Docetaxel,Ruxolitinib,HS 578T,0
Docetaxel,Ruxolitinib,HT29,0
Docetaxel,Ruxolitinib,IGROV1,0
Docetaxel,Ruxolitinib,LOX IMVI,1
Docetaxel,Ruxolitinib,MCF7,0
Docetaxel,Ruxolitinib,NCI-H460,0
Docetaxel,Ruxolitinib,PC-3,0
Docetaxel,Ruxolitinib,RPMI-8226,0
Docetaxel,Ruxolitinib,SK-MEL-2,0
Docetaxel,Ruxolitinib,T-47D,0
Docetaxel,Ruxolitinib,UO-31,1
Docetaxel,Vemurafenib,HS 578T,0
Docetaxel,Vemurafenib,HT29,1
Docetaxel,Vemurafenib,IGROV1,0
Docetaxel,Vemurafenib,LOX IMVI,1
Docetaxel,Vemurafenib,MCF7,0
Docetaxel,Vemurafenib,NCI-H460,0
Docetaxel,Vemurafenib,PC-3,0
Docetaxel,Vemurafenib,RPMI-8226,0
Docetaxel,Vemurafenib,SK-MEL-2,0
Docetaxel,Vemurafenib,T-47D,0
Docetaxel,Vemurafenib,UO-31,1
Docetaxel,Everolimus,HS 578T,0
Docetaxel,Everolimus,HT29,1
Docetaxel,Everolimus,IGROV1,0
Docetaxel,Everolimus,LOX IMVI,1
Docetaxel,Everolimus,MCF7,1
Docetaxel,Everolimus,NCI-H460,1
Docetaxel,Everolimus,PC-3,1
Docetaxel,Everolimus,RPMI-8226,1
Docetaxel,Everolimus,T-47D,1
Docetaxel,Everolimus,UO-31,0
Docetaxel,Dacarbazine,HS 578T,0
Docetaxel,Dacarbazine,HT29,0
Docetaxel,Dacarbazine,IGROV1,0
Docetaxel,Dacarbazine,LOX IMVI,0
Docetaxel,Dacarbazine,MCF7,0
Docetaxel,Dacarbazine,NCI-H460,0
Docetaxel,Dacarbazine,PC-3,0
Docetaxel,Dacarbazine,RPMI-8226,0
Docetaxel,Dacarbazine,SK-MEL-2,0
Docetaxel,Dacarbazine,T-47D,0
Docetaxel,Dacarbazine,UO-31,0
Docetaxel,Allopurinol,HS 578T,0
Docetaxel,Allopurinol,HT29,0
Docetaxel,Allopurinol,IGROV1,0
Docetaxel,Allopurinol,LOX IMVI,0
Docetaxel,Allopurinol,MCF7,0
Docetaxel,Allopurinol,NCI-H460,0
Docetaxel,Allopurinol,PC-3,1
Docetaxel,Allopurinol,RPMI-8226,1
Docetaxel,Allopurinol,T-47D,0
Docetaxel,Allopurinol,UO-31,0
Erlotinib,Lapatinib,HS 578T,0
Erlotinib,Lapatinib,HT29,1
Erlotinib,Lapatinib,IGROV1,1
Erlotinib,Lapatinib,LOX IMVI,0
Erlotinib,Lapatinib,MCF7,1
Erlotinib,Lapatinib,NCI-H460,0
Erlotinib,Lapatinib,PC-3,1
Erlotinib,Lapatinib,RPMI-8226,0
Erlotinib,Lapatinib,T-47D,0
Erlotinib,Lapatinib,UO-31,0
Erlotinib,Sorafenib,HS 578T,0
Erlotinib,Sorafenib,HT29,1
Erlotinib,Sorafenib,IGROV1,0
Erlotinib,Sorafenib,LOX IMVI,0
Erlotinib,Sorafenib,MCF7,0
Erlotinib,Sorafenib,NCI-H460,0
Erlotinib,Sorafenib,PC-3,1
Erlotinib,Sorafenib,T-47D,1
Erlotinib,Lenalidomide,HS 578T,1
Erlotinib,Lenalidomide,HT29,1
Erlotinib,Lenalidomide,IGROV1,1
Erlotinib,Lenalidomide,LOX IMVI,0
Erlotinib,Lenalidomide,MCF7,0
Erlotinib,Lenalidomide,NCI-H460,1
Erlotinib,Lenalidomide,PC-3,1
Erlotinib,Lenalidomide,RPMI-8226,1
Erlotinib,Lenalidomide,SK-MEL-2,0
Erlotinib,Lenalidomide,T-47D,0
Erlotinib,Lenalidomide,UO-31,0
Erlotinib,Capecitabine,HS 578T,0
Erlotinib,Capecitabine,HT29,0
Erlotinib,Capecitabine,IGROV1,0
Erlotinib,Capecitabine,LOX IMVI,0
Erlotinib,Capecitabine,MCF7,0
Erlotinib,Capecitabine,NCI-H460,1
Erlotinib,Capecitabine,PC-3,0
Erlotinib,Capecitabine,RPMI-8226,1
Erlotinib,Capecitabine,T-47D,0
Erlotinib,Capecitabine,UO-31,0
Erlotinib,Tretinoin,HS 578T,0
Erlotinib,Tretinoin,HT29,1
Erlotinib,Tretinoin,IGROV1,0
Erlotinib,Tretinoin,LOX IMVI,0
Erlotinib,Tretinoin,MCF7,1
Erlotinib,Tretinoin,NCI-H460,0
Erlotinib,Tretinoin,PC-3,0
Erlotinib,Tretinoin,RPMI-8226,0
Erlotinib,Tretinoin,T-47D,1
Erlotinib,Tretinoin,UO-31,0
Erlotinib,Decitabine,HS 578T,1
Erlotinib,Decitabine,HT29,0
Erlotinib,Decitabine,LOX IMVI,0
Erlotinib,Decitabine,MCF7,0
Erlotinib,Decitabine,NCI-H460,0
Erlotinib,Decitabine,PC-3,1
Erlotinib,Decitabine,RPMI-8226,0
Erlotinib,Decitabine,SK-MEL-2,1
Erlotinib,Decitabine,T-47D,1
Erlotinib,Decitabine,UO-31,1
Erlotinib,Teniposide,HS 578T,0
Erlotinib,Teniposide,HT29,0
Erlotinib,Teniposide,IGROV1,1
Erlotinib,Teniposide,LOX IMVI,0
Erlotinib,Teniposide,MCF7,1
Erlotinib,Teniposide,NCI-H460,0
Erlotinib,Teniposide,PC-3,0
Erlotinib,Teniposide,RPMI-8226,0
Erlotinib,Teniposide,SK-MEL-2,0
Erlotinib,Teniposide,T-47D,0
Erlotinib,Teniposide,UO-31,1
Erlotinib,Dactinomycin,HS 578T,0
Erlotinib,Dactinomycin,HT29,0
Erlotinib,Dactinomycin,IGROV1,1
Erlotinib,Dactinomycin,LOX IMVI,1
Erlotinib,Dactinomycin,MCF7,0
Erlotinib,Dactinomycin,NCI-H460,0
Erlotinib,Dactinomycin,PC-3,0
Erlotinib,Dactinomycin,RPMI-8226,1
Erlotinib,Dactinomycin,T-47D,1
Erlotinib,Dactinomycin,UO-31,1
Erlotinib,Nilotinib,HS 578T,0
Erlotinib,Nilotinib,HT29,1
Erlotinib,Nilotinib,IGROV1,0
Erlotinib,Nilotinib,LOX IMVI,0
Erlotinib,Nilotinib,MCF7,1
Erlotinib,Nilotinib,NCI-H460,0
Erlotinib,Nilotinib,PC-3,1
Erlotinib,Nilotinib,RPMI-8226,0
Erlotinib,Nilotinib,T-47D,1
Erlotinib,Nilotinib,UO-31,0
Erlotinib,2-fluoroAraA (fludarabine),HS 578T,0
Erlotinib,2-fluoroAraA (fludarabine),HT29,0
Erlotinib,2-fluoroAraA (fludarabine),IGROV1,0
Erlotinib,2-fluoroAraA (fludarabine),LOX IMVI,0
Erlotinib,2-fluoroAraA (fludarabine),MCF7,0
Erlotinib,2-fluoroAraA (fludarabine),NCI-H460,0
Erlotinib,2-fluoroAraA (fludarabine),PC-3,0
Erlotinib,2-fluoroAraA (fludarabine),RPMI-8226,0
Erlotinib,2-fluoroAraA (fludarabine),T-47D,0
Erlotinib,2-fluoroAraA (fludarabine),UO-31,1
Erlotinib,Mercaptopurine,HS 578T,0
Erlotinib,Mercaptopurine,HT29,0
Erlotinib,Mercaptopurine,IGROV1,1
Erlotinib,Mercaptopurine,LOX IMVI,0
Erlotinib,Mercaptopurine,MCF7,0
Erlotinib,Mercaptopurine,NCI-H460,1
Erlotinib,Mercaptopurine,PC-3,0
Erlotinib,Mercaptopurine,RPMI-8226,0
Erlotinib,Mercaptopurine,T-47D,0
Erlotinib,Mercaptopurine,UO-31,1
Erlotinib,Dasatinib,HS 578T,1
Erlotinib,Dasatinib,HT29,0
Erlotinib,Dasatinib,IGROV1,1
Erlotinib,Dasatinib,LOX IMVI,0
Erlotinib,Dasatinib,MCF7,0
Erlotinib,Dasatinib,NCI-H460,0
Erlotinib,Dasatinib,PC-3,0
Erlotinib,Dasatinib,RPMI-8226,0
Erlotinib,Dasatinib,T-47D,1
Erlotinib,Dasatinib,UO-31,1
Erlotinib,Sirolimus (rapamycin),HS 578T,1
Erlotinib,Sirolimus (rapamycin),HT29,0
Erlotinib,Sirolimus (rapamycin),IGROV1,1
Erlotinib,Sirolimus (rapamycin),LOX IMVI,0
Erlotinib,Sirolimus (rapamycin),MCF7,0
Erlotinib,Sirolimus (rapamycin),NCI-H460,0
Erlotinib,Sirolimus (rapamycin),PC-3,0
Erlotinib,Sirolimus (rapamycin),RPMI-8226,0
Erlotinib,Sirolimus (rapamycin),T-47D,0
Erlotinib,Sirolimus (rapamycin),UO-31,0
Erlotinib,Sunitinib,HS 578T,0
Erlotinib,Sunitinib,HT29,1
Erlotinib,Sunitinib,IGROV1,1
Erlotinib,Sunitinib,LOX IMVI,0
Erlotinib,Sunitinib,MCF7,0
Erlotinib,Sunitinib,NCI-H460,1
Erlotinib,Sunitinib,PC-3,1
Erlotinib,Sunitinib,RPMI-8226,0
Erlotinib,Sunitinib,T-47D,0
Erlotinib,Sunitinib,UO-31,1
Erlotinib,Axitinib,HS 578T,1
Erlotinib,Axitinib,HT29,0
Erlotinib,Axitinib,IGROV1,1
Erlotinib,Axitinib,LOX IMVI,0
Erlotinib,Axitinib,MCF7,1
Erlotinib,Axitinib,NCI-H460,1
Erlotinib,Axitinib,PC-3,0
Erlotinib,Axitinib,RPMI-8226,0
Erlotinib,Axitinib,SK-MEL-2,1
Erlotinib,Axitinib,T-47D,1
Erlotinib,Axitinib,UO-31,1
Erlotinib,Crizotinib,HS 578T,1
Erlotinib,Crizotinib,HT29,0
Erlotinib,Crizotinib,IGROV1,1
Erlotinib,Crizotinib,LOX IMVI,0
Erlotinib,Crizotinib,MCF7,1
Erlotinib,Crizotinib,NCI-H460,1
Erlotinib,Crizotinib,PC-3,0
Erlotinib,Crizotinib,RPMI-8226,0
Erlotinib,Crizotinib,SK-MEL-2,1
Erlotinib,Crizotinib,T-47D,0
Erlotinib,Crizotinib,UO-31,1
Erlotinib,Ruxolitinib,HS 578T,1
Erlotinib,Ruxolitinib,HT29,0
Erlotinib,Ruxolitinib,IGROV1,1
Erlotinib,Ruxolitinib,LOX IMVI,0
Erlotinib,Ruxolitinib,MCF7,1
Erlotinib,Ruxolitinib,NCI-H460,1
Erlotinib,Ruxolitinib,PC-3,0
Erlotinib,Ruxolitinib,RPMI-8226,1
Erlotinib,Ruxolitinib,SK-MEL-2,1
Erlotinib,Ruxolitinib,T-47D,0
Erlotinib,Ruxolitinib,UO-31,1
Erlotinib,Vemurafenib,HS 578T,1
Erlotinib,Vemurafenib,HT29,0
Erlotinib,Vemurafenib,IGROV1,1
Erlotinib,Vemurafenib,LOX IMVI,0
Erlotinib,Vemurafenib,MCF7,0
Erlotinib,Vemurafenib,NCI-H460,1
Erlotinib,Vemurafenib,PC-3,1
Erlotinib,Vemurafenib,RPMI-8226,1
Erlotinib,Vemurafenib,SK-MEL-2,1
Erlotinib,Vemurafenib,T-47D,1
Erlotinib,Vemurafenib,UO-31,1
Erlotinib,Everolimus,HS 578T,0
Erlotinib,Everolimus,HT29,0
Erlotinib,Everolimus,IGROV1,1
Erlotinib,Everolimus,LOX IMVI,0
Erlotinib,Everolimus,MCF7,0
Erlotinib,Everolimus,NCI-H460,0
Erlotinib,Everolimus,PC-3,0
Erlotinib,Everolimus,RPMI-8226,0
Erlotinib,Everolimus,T-47D,0
Erlotinib,Dacarbazine,HS 578T,1
Erlotinib,Dacarbazine,HT29,0
Erlotinib,Dacarbazine,IGROV1,1
Erlotinib,Dacarbazine,LOX IMVI,0
Erlotinib,Dacarbazine,MCF7,0
Erlotinib,Dacarbazine,NCI-H460,1
Erlotinib,Dacarbazine,PC-3,0
Erlotinib,Dacarbazine,RPMI-8226,0
Erlotinib,Dacarbazine,SK-MEL-2,0
Erlotinib,Dacarbazine,T-47D,1
Erlotinib,Dacarbazine,UO-31,1
Erlotinib,Allopurinol,HS 578T,0
Erlotinib,Allopurinol,HT29,0
Erlotinib,Allopurinol,IGROV1,1
Erlotinib,Allopurinol,LOX IMVI,0
Erlotinib,Allopurinol,MCF7,1
Erlotinib,Allopurinol,NCI-H460,0
Erlotinib,Allopurinol,PC-3,1
Erlotinib,Allopurinol,RPMI-8226,1
Erlotinib,Allopurinol,T-47D,0
Erlotinib,Allopurinol,UO-31,0
Lapatinib,Sorafenib,HS 578T,0
Lapatinib,Sorafenib,HT29,0
Lapatinib,Sorafenib,LOX IMVI,0
Lapatinib,Sorafenib,MCF7,0
Lapatinib,Sorafenib,NCI-H460,0
Lapatinib,Sorafenib,PC-3,0
Lapatinib,Sorafenib,RPMI-8226,0
Lapatinib,Sorafenib,SK-MEL-2,0
Lapatinib,Sorafenib,T-47D,0
Lapatinib,Sorafenib,UO-31,0
Lapatinib,Lenalidomide,HS 578T,0
Lapatinib,Lenalidomide,HT29,1
Lapatinib,Lenalidomide,IGROV1,0
Lapatinib,Lenalidomide,LOX IMVI,0
Lapatinib,Lenalidomide,MCF7,1
Lapatinib,Lenalidomide,NCI-H460,0
Lapatinib,Lenalidomide,PC-3,1
Lapatinib,Lenalidomide,SK-MEL-2,0
Lapatinib,Lenalidomide,T-47D,0
Lapatinib,Lenalidomide,UO-31,0
Lapatinib,Capecitabine,HS 578T,0
Lapatinib,Capecitabine,HT29,0
Lapatinib,Capecitabine,IGROV1,0
Lapatinib,Capecitabine,LOX IMVI,0
Lapatinib,Capecitabine,MCF7,0
Lapatinib,Capecitabine,NCI-H460,0
Lapatinib,Capecitabine,PC-3,0
Lapatinib,Capecitabine,RPMI-8226,1
Lapatinib,Capecitabine,T-47D,0
Lapatinib,Capecitabine,UO-31,0
Lapatinib,Tretinoin,HS 578T,1
Lapatinib,Tretinoin,HT29,0
Lapatinib,Tretinoin,IGROV1,0
Lapatinib,Tretinoin,LOX IMVI,0
Lapatinib,Tretinoin,MCF7,0
Lapatinib,Tretinoin,NCI-H460,0
Lapatinib,Tretinoin,PC-3,0
Lapatinib,Tretinoin,RPMI-8226,0
Lapatinib,Tretinoin,T-47D,0
Lapatinib,Tretinoin,UO-31,0
Lapatinib,Decitabine,HS 578T,0
Lapatinib,Decitabine,HT29,0
Lapatinib,Decitabine,IGROV1,0
Lapatinib,Decitabine,LOX IMVI,0
Lapatinib,Decitabine,MCF7,1
Lapatinib,Decitabine,NCI-H460,0
Lapatinib,Decitabine,PC-3,0
Lapatinib,Decitabine,RPMI-8226,0
Lapatinib,Decitabine,SK-MEL-2,1
Lapatinib,Decitabine,T-47D,0
Lapatinib,Decitabine,UO-31,0
Lapatinib,Teniposide,HS 578T,0
Lapatinib,Teniposide,HT29,0
Lapatinib,Teniposide,IGROV1,1
Lapatinib,Teniposide,LOX IMVI,0
Lapatinib,Teniposide,MCF7,0
Lapatinib,Teniposide,NCI-H460,0
Lapatinib,Teniposide,PC-3,0
Lapatinib,Teniposide,T-47D,0
Lapatinib,Teniposide,UO-31,1
Lapatinib,Dactinomycin,HS 578T,1
Lapatinib,Dactinomycin,HT29,1
Lapatinib,Dactinomycin,IGROV1,1
Lapatinib,Dactinomycin,LOX IMVI,1
Lapatinib,Dactinomycin,MCF7,1
Lapatinib,Dactinomycin,NCI-H460,0
Lapatinib,Dactinomycin,PC-3,0
Lapatinib,Dactinomycin,RPMI-8226,1
Lapatinib,Dactinomycin,T-47D,1
Lapatinib,Dactinomycin,UO-31,1
Lapatinib,Nilotinib,HS 578T,0
Lapatinib,Nilotinib,HT29,0
Lapatinib,Nilotinib,IGROV1,0
Lapatinib,Nilotinib,LOX IMVI,0
Lapatinib,Nilotinib,MCF7,0
Lapatinib,Nilotinib,NCI-H460,0
Lapatinib,Nilotinib,PC-3,0
Lapatinib,Nilotinib,RPMI-8226,0
Lapatinib,Nilotinib,T-47D,0
Lapatinib,Nilotinib,UO-31,0
Lapatinib,2-fluoroAraA (fludarabine),HS 578T,0
Lapatinib,2-fluoroAraA (fludarabine),HT29,0
Lapatinib,2-fluoroAraA (fludarabine),IGROV1,0
Lapatinib,2-fluoroAraA (fludarabine),LOX IMVI,0
Lapatinib,2-fluoroAraA (fludarabine),MCF7,0
Lapatinib,2-fluoroAraA (fludarabine),NCI-H460,1
Lapatinib,2-fluoroAraA (fludarabine),PC-3,0
Lapatinib,2-fluoroAraA (fludarabine),RPMI-8226,0
Lapatinib,2-fluoroAraA (fludarabine),T-47D,0
Lapatinib,2-fluoroAraA (fludarabine),UO-31,0
Lapatinib,Mercaptopurine,HS 578T,0
Lapatinib,Mercaptopurine,HT29,0
Lapatinib,Mercaptopurine,IGROV1,0
Lapatinib,Mercaptopurine,LOX IMVI,0
Lapatinib,Mercaptopurine,MCF7,0
Lapatinib,Mercaptopurine,NCI-H460,0
Lapatinib,Mercaptopurine,PC-3,0
Lapatinib,Mercaptopurine,SK-MEL-2,0
Lapatinib,Mercaptopurine,T-47D,0
Lapatinib,Mercaptopurine,UO-31,0
Lapatinib,Dasatinib,HS 578T,1
Lapatinib,Dasatinib,HT29,1
Lapatinib,Dasatinib,IGROV1,1
Lapatinib,Dasatinib,LOX IMVI,0
Lapatinib,Dasatinib,MCF7,1
Lapatinib,Dasatinib,NCI-H460,0
Lapatinib,Dasatinib,PC-3,0
Lapatinib,Dasatinib,RPMI-8226,1
Lapatinib,Dasatinib,T-47D,0
Lapatinib,Dasatinib,UO-31,1
Lapatinib,Sirolimus (rapamycin),HS 578T,1
Lapatinib,Sirolimus (rapamycin),HT29,1
Lapatinib,Sirolimus (rapamycin),IGROV1,1
Lapatinib,Sirolimus (rapamycin),LOX IMVI,1
Lapatinib,Sirolimus (rapamycin),MCF7,1
Lapatinib,Sirolimus (rapamycin),NCI-H460,0
Lapatinib,Sirolimus (rapamycin),PC-3,1
Lapatinib,Sirolimus (rapamycin),RPMI-8226,1
Lapatinib,Sirolimus (rapamycin),T-47D,0
Lapatinib,Sirolimus (rapamycin),UO-31,1
Lapatinib,Sunitinib,HS 578T,1
Lapatinib,Sunitinib,HT29,1
Lapatinib,Sunitinib,IGROV1,0
Lapatinib,Sunitinib,LOX IMVI,0
Lapatinib,Sunitinib,MCF7,0
Lapatinib,Sunitinib,NCI-H460,0
Lapatinib,Sunitinib,PC-3,0
Lapatinib,Sunitinib,RPMI-8226,1
Lapatinib,Sunitinib,T-47D,0
Lapatinib,Sunitinib,UO-31,0
Lapatinib,Axitinib,HS 578T,0
Lapatinib,Axitinib,HT29,0
Lapatinib,Axitinib,IGROV1,0
Lapatinib,Axitinib,LOX IMVI,0
Lapatinib,Axitinib,MCF7,0
Lapatinib,Axitinib,NCI-H460,1
Lapatinib,Axitinib,PC-3,1
Lapatinib,Axitinib,RPMI-8226,1
Lapatinib,Axitinib,SK-MEL-2,0
Lapatinib,Axitinib,T-47D,0
Lapatinib,Axitinib,UO-31,0
Lapatinib,Crizotinib,HS 578T,0
Lapatinib,Crizotinib,HT29,0
Lapatinib,Crizotinib,IGROV1,0
Lapatinib,Crizotinib,LOX IMVI,0
Lapatinib,Crizotinib,MCF7,0
Lapatinib,Crizotinib,NCI-H460,1
Lapatinib,Crizotinib,PC-3,1
Lapatinib,Crizotinib,RPMI-8226,0
Lapatinib,Crizotinib,SK-MEL-2,0
Lapatinib,Crizotinib,T-47D,1
Lapatinib,Crizotinib,UO-31,1
Lapatinib,Ruxolitinib,HS 578T,0
Lapatinib,Ruxolitinib,HT29,0
Lapatinib,Ruxolitinib,IGROV1,0
Lapatinib,Ruxolitinib,LOX IMVI,0
Lapatinib,Ruxolitinib,MCF7,1
Lapatinib,Ruxolitinib,NCI-H460,1
Lapatinib,Ruxolitinib,PC-3,1
Lapatinib,Ruxolitinib,RPMI-8226,1
Lapatinib,Ruxolitinib,SK-MEL-2,0
Lapatinib,Ruxolitinib,T-47D,0
Lapatinib,Ruxolitinib,UO-31,0
Lapatinib,Vemurafenib,HS 578T,0
Lapatinib,Vemurafenib,HT29,0
Lapatinib,Vemurafenib,IGROV1,0
Lapatinib,Vemurafenib,LOX IMVI,0
Lapatinib,Vemurafenib,MCF7,0
Lapatinib,Vemurafenib,NCI-H460,1
Lapatinib,Vemurafenib,PC-3,1
Lapatinib,Vemurafenib,RPMI-8226,0
Lapatinib,Vemurafenib,SK-MEL-2,0
Lapatinib,Vemurafenib,T-47D,1
Lapatinib,Vemurafenib,UO-31,1
Lapatinib,Everolimus,HS 578T,1
Lapatinib,Everolimus,HT29,1
Lapatinib,Everolimus,IGROV1,1
Lapatinib,Everolimus,LOX IMVI,0
Lapatinib,Everolimus,MCF7,1
Lapatinib,Everolimus,NCI-H460,1
Lapatinib,Everolimus,PC-3,1
Lapatinib,Everolimus,RPMI-8226,1
Lapatinib,Everolimus,T-47D,1
Lapatinib,Everolimus,UO-31,1
Lapatinib,Dacarbazine,HS 578T,0
Lapatinib,Dacarbazine,HT29,0
Lapatinib,Dacarbazine,IGROV1,0
Lapatinib,Dacarbazine,LOX IMVI,0
Lapatinib,Dacarbazine,MCF7,0
Lapatinib,Dacarbazine,NCI-H460,1
Lapatinib,Dacarbazine,PC-3,0
Lapatinib,Dacarbazine,T-47D,0
Lapatinib,Dacarbazine,UO-31,0
Lapatinib,Allopurinol,HS 578T,1
Lapatinib,Allopurinol,HT29,1
Lapatinib,Allopurinol,IGROV1,0
Lapatinib,Allopurinol,LOX IMVI,1
Lapatinib,Allopurinol,MCF7,1
Lapatinib,Allopurinol,NCI-H460,0
Lapatinib,Allopurinol,PC-3,0
Lapatinib,Allopurinol,RPMI-8226,0
Lapatinib,Allopurinol,SK-MEL-2,1
Lapatinib,Allopurinol,T-47D,0
Lapatinib,Allopurinol,UO-31,0
Sorafenib,Lenalidomide,HS 578T,0
Sorafenib,Lenalidomide,HT29,0
Sorafenib,Lenalidomide,IGROV1,0
Sorafenib,Lenalidomide,LOX IMVI,0
Sorafenib,Lenalidomide,MCF7,0
Sorafenib,Lenalidomide,NCI-H460,0
Sorafenib,Lenalidomide,PC-3,1
Sorafenib,Lenalidomide,RPMI-8226,1
Sorafenib,Lenalidomide,T-47D,0
Sorafenib,Lenalidomide,UO-31,0
Sorafenib,Capecitabine,HS 578T,0
Sorafenib,Capecitabine,HT29,0
Sorafenib,Capecitabine,IGROV1,0
Sorafenib,Capecitabine,LOX IMVI,0
Sorafenib,Capecitabine,MCF7,0
Sorafenib,Capecitabine,NCI-H460,0
Sorafenib,Capecitabine,PC-3,0
Sorafenib,Capecitabine,RPMI-8226,1
Sorafenib,Capecitabine,SK-MEL-2,0
Sorafenib,Capecitabine,T-47D,1
Sorafenib,Capecitabine,UO-31,0
Sorafenib,Tretinoin,HS 578T,0
Sorafenib,Tretinoin,HT29,1
Sorafenib,Tretinoin,IGROV1,1
Sorafenib,Tretinoin,LOX IMVI,1
Sorafenib,Tretinoin,MCF7,0
Sorafenib,Tretinoin,NCI-H460,1
Sorafenib,Tretinoin,PC-3,1
Sorafenib,Tretinoin,RPMI-8226,0
Sorafenib,Tretinoin,SK-MEL-2,1
Sorafenib,Tretinoin,T-47D,0
Sorafenib,Tretinoin,UO-31,1
Sorafenib,Decitabine,HS 578T,1
Sorafenib,Decitabine,HT29,1
Sorafenib,Decitabine,IGROV1,0
Sorafenib,Decitabine,LOX IMVI,0
Sorafenib,Decitabine,MCF7,1
Sorafenib,Decitabine,NCI-H460,1
Sorafenib,Decitabine,PC-3,1
Sorafenib,Decitabine,RPMI-8226,0
Sorafenib,Decitabine,SK-MEL-2,1
Sorafenib,Decitabine,T-47D,1
Sorafenib,Decitabine,UO-31,0
Sorafenib,Teniposide,HS 578T,0
Sorafenib,Teniposide,HT29,1
Sorafenib,Teniposide,IGROV1,0
Sorafenib,Teniposide,LOX IMVI,1
Sorafenib,Teniposide,MCF7,1
Sorafenib,Teniposide,NCI-H460,1
Sorafenib,Teniposide,PC-3,0
Sorafenib,Teniposide,RPMI-8226,0
Sorafenib,Teniposide,T-47D,0
Sorafenib,Teniposide,UO-31,0
Sorafenib,Dactinomycin,HS 578T,1
Sorafenib,Dactinomycin,HT29,0
Sorafenib,Dactinomycin,IGROV1,0
Sorafenib,Dactinomycin,LOX IMVI,0
Sorafenib,Dactinomycin,MCF7,0
Sorafenib,Dactinomycin,PC-3,0
Sorafenib,Dactinomycin,SK-MEL-2,0
Sorafenib,Dactinomycin,T-47D,0
Sorafenib,Dactinomycin,UO-31,0
Sorafenib,Nilotinib,HS 578T,0
Sorafenib,Nilotinib,HT29,1
Sorafenib,Nilotinib,IGROV1,1
Sorafenib,Nilotinib,LOX IMVI,0
Sorafenib,Nilotinib,MCF7,1
Sorafenib,Nilotinib,NCI-H460,1
Sorafenib,Nilotinib,PC-3,0
Sorafenib,Nilotinib,RPMI-8226,0
Sorafenib,Nilotinib,SK-MEL-2,1
Sorafenib,Nilotinib,T-47D,0
Sorafenib,Nilotinib,UO-31,0
Sorafenib,2-fluoroAraA (fludarabine),HS 578T,0
Sorafenib,2-fluoroAraA (fludarabine),HT29,0
Sorafenib,2-fluoroAraA (fludarabine),IGROV1,0
Sorafenib,2-fluoroAraA (fludarabine),LOX IMVI,0
Sorafenib,2-fluoroAraA (fludarabine),MCF7,1
Sorafenib,2-fluoroAraA (fludarabine),NCI-H460,0
Sorafenib,2-fluoroAraA (fludarabine),PC-3,0
Sorafenib,2-fluoroAraA (fludarabine),RPMI-8226,0
Sorafenib,2-fluoroAraA (fludarabine),SK-MEL-2,0
Sorafenib,2-fluoroAraA (fludarabine),T-47D,0
Sorafenib,2-fluoroAraA (fludarabine),UO-31,0
Sorafenib,Mercaptopurine,HS 578T,0
Sorafenib,Mercaptopurine,HT29,0
Sorafenib,Mercaptopurine,IGROV1,0
Sorafenib,Mercaptopurine,LOX IMVI,0
Sorafenib,Mercaptopurine,MCF7,0
Sorafenib,Mercaptopurine,NCI-H460,0
Sorafenib,Mercaptopurine,PC-3,0
Sorafenib,Mercaptopurine,RPMI-8226,1
Sorafenib,Mercaptopurine,SK-MEL-2,1
Sorafenib,Mercaptopurine,T-47D,0
Sorafenib,Dasatinib,HS 578T,0
Sorafenib,Dasatinib,HT29,0
Sorafenib,Dasatinib,IGROV1,0
Sorafenib,Dasatinib,LOX IMVI,0
Sorafenib,Dasatinib,MCF7,0
Sorafenib,Dasatinib,NCI-H460,0
Sorafenib,Dasatinib,PC-3,0
Sorafenib,Dasatinib,RPMI-8226,0
Sorafenib,Dasatinib,T-47D,0
Sorafenib,Dasatinib,UO-31,0
Sorafenib,Sirolimus (rapamycin),HS 578T,0
Sorafenib,Sirolimus (rapamycin),HT29,0
Sorafenib,Sirolimus (rapamycin),IGROV1,0
Sorafenib,Sirolimus (rapamycin),LOX IMVI,0
Sorafenib,Sirolimus (rapamycin),MCF7,1
Sorafenib,Sirolimus (rapamycin),NCI-H460,0
Sorafenib,Sirolimus (rapamycin),PC-3,1
Sorafenib,Sirolimus (rapamycin),SK-MEL-2,1
Sorafenib,Sirolimus (rapamycin),T-47D,1
Sorafenib,Sirolimus (rapamycin),UO-31,0
Sorafenib,Sunitinib,HS 578T,0
Sorafenib,Sunitinib,HT29,1
Sorafenib,Sunitinib,IGROV1,0
Sorafenib,Sunitinib,LOX IMVI,0
Sorafenib,Sunitinib,MCF7,0
Sorafenib,Sunitinib,NCI-H460,0
Sorafenib,Sunitinib,PC-3,0
Sorafenib,Sunitinib,RPMI-8226,0
Sorafenib,Sunitinib,SK-MEL-2,0
Sorafenib,Sunitinib,UO-31,0
Sorafenib,Axitinib,HS 578T,0
Sorafenib,Axitinib,HT29,1
Sorafenib,Axitinib,IGROV1,0
Sorafenib,Axitinib,LOX IMVI,0
Sorafenib,Axitinib,MCF7,0
Sorafenib,Axitinib,NCI-H460,0
Sorafenib,Axitinib,PC-3,0
Sorafenib,Axitinib,RPMI-8226,0
Sorafenib,Axitinib,SK-MEL-2,0
Sorafenib,Axitinib,T-47D,0
Sorafenib,Axitinib,UO-31,0
Sorafenib,Crizotinib,HS 578T,0
Sorafenib,Crizotinib,HT29,0
Sorafenib,Crizotinib,IGROV1,0
Sorafenib,Crizotinib,LOX IMVI,0
Sorafenib,Crizotinib,MCF7,0
Sorafenib,Crizotinib,NCI-H460,0
Sorafenib,Crizotinib,PC-3,0
Sorafenib,Crizotinib,RPMI-8226,0
Sorafenib,Crizotinib,SK-MEL-2,0
Sorafenib,Crizotinib,T-47D,0
Sorafenib,Crizotinib,UO-31,0
Sorafenib,Ruxolitinib,HS 578T,0
Sorafenib,Ruxolitinib,HT29,0
Sorafenib,Ruxolitinib,IGROV1,0
Sorafenib,Ruxolitinib,LOX IMVI,0
Sorafenib,Ruxolitinib,MCF7,0
Sorafenib,Ruxolitinib,NCI-H460,0
Sorafenib,Ruxolitinib,PC-3,0
Sorafenib,Ruxolitinib,SK-MEL-2,0
Sorafenib,Ruxolitinib,T-47D,0
Sorafenib,Ruxolitinib,UO-31,0
Sorafenib,Vemurafenib,HS 578T,0
Sorafenib,Vemurafenib,HT29,1
Sorafenib,Vemurafenib,IGROV1,0
Sorafenib,Vemurafenib,LOX IMVI,0
Sorafenib,Vemurafenib,MCF7,0
Sorafenib,Vemurafenib,NCI-H460,0
Sorafenib,Vemurafenib,PC-3,0
Sorafenib,Vemurafenib,RPMI-8226,0
Sorafenib,Vemurafenib,SK-MEL-2,0
Sorafenib,Vemurafenib,T-47D,0
Sorafenib,Vemurafenib,UO-31,1
Sorafenib,Everolimus,HS 578T,0
Sorafenib,Everolimus,HT29,0
Sorafenib,Everolimus,LOX IMVI,0
Sorafenib,Everolimus,NCI-H460,0
Sorafenib,Everolimus,RPMI-8226,0
Sorafenib,Everolimus,SK-MEL-2,0
Sorafenib,Everolimus,T-47D,0
Sorafenib,Everolimus,UO-31,0
Sorafenib,Dacarbazine,HS 578T,0
Sorafenib,Dacarbazine,HT29,0
Sorafenib,Dacarbazine,IGROV1,0
Sorafenib,Dacarbazine,LOX IMVI,0
Sorafenib,Dacarbazine,MCF7,0
Sorafenib,Dacarbazine,NCI-H460,1
Sorafenib,Dacarbazine,PC-3,0
Sorafenib,Dacarbazine,RPMI-8226,0
Sorafenib,Dacarbazine,T-47D,0
Sorafenib,Dacarbazine,UO-31,0
Sorafenib,Allopurinol,HS 578T,0
Sorafenib,Allopurinol,HT29,0
Sorafenib,Allopurinol,IGROV1,1
Sorafenib,Allopurinol,LOX IMVI,1
Sorafenib,Allopurinol,MCF7,1
Sorafenib,Allopurinol,NCI-H460,0
Sorafenib,Allopurinol,PC-3,0
Sorafenib,Allopurinol,SK-MEL-2,0
Sorafenib,Allopurinol,T-47D,0
Sorafenib,Allopurinol,UO-31,0
Lenalidomide,Capecitabine,HS 578T,0
Lenalidomide,Capecitabine,HT29,1
Lenalidomide,Capecitabine,IGROV1,0
Lenalidomide,Capecitabine,LOX IMVI,0
Lenalidomide,Capecitabine,MCF7,0
Lenalidomide,Capecitabine,NCI-H460,1
Lenalidomide,Capecitabine,PC-3,1
Lenalidomide,Capecitabine,RPMI-8226,1
Lenalidomide,Capecitabine,SK-MEL-2,0
Lenalidomide,Capecitabine,T-47D,0
Lenalidomide,Capecitabine,UO-31,0
Lenalidomide,Tretinoin,HS 578T,0
Lenalidomide,Tretinoin,HT29,1
Lenalidomide,Tretinoin,IGROV1,1
Lenalidomide,Tretinoin,LOX IMVI,1
Lenalidomide,Tretinoin,MCF7,0
Lenalidomide,Tretinoin,NCI-H460,1
Lenalidomide,Tretinoin,PC-3,0
Lenalidomide,Tretinoin,RPMI-8226,0
Lenalidomide,Tretinoin,SK-MEL-2,1
Lenalidomide,Tretinoin,T-47D,0
Lenalidomide,Tretinoin,UO-31,0
Lenalidomide,Decitabine,HS 578T,0
Lenalidomide,Decitabine,HT29,0
Lenalidomide,Decitabine,IGROV1,1
Lenalidomide,Decitabine,LOX IMVI,1
Lenalidomide,Decitabine,MCF7,0
Lenalidomide,Decitabine,NCI-H460,1
Lenalidomide,Decitabine,PC-3,1
Lenalidomide,Decitabine,RPMI-8226,1
Lenalidomide,Decitabine,SK-MEL-2,0
Lenalidomide,Decitabine,T-47D,0
Lenalidomide,Decitabine,UO-31,0
Lenalidomide,Teniposide,HS 578T,0
Lenalidomide,Teniposide,HT29,0
Lenalidomide,Teniposide,IGROV1,0
Lenalidomide,Teniposide,LOX IMVI,0
Lenalidomide,Teniposide,MCF7,0
Lenalidomide,Teniposide,NCI-H460,0
Lenalidomide,Teniposide,PC-3,0
Lenalidomide,Teniposide,RPMI-8226,0
Lenalidomide,Teniposide,SK-MEL-2,0
Lenalidomide,Teniposide,T-47D,0
Lenalidomide,Teniposide,UO-31,0
Lenalidomide,Dactinomycin,HS 578T,1
Lenalidomide,Dactinomycin,HT29,1
Lenalidomide,Dactinomycin,IGROV1,1
Lenalidomide,Dactinomycin,LOX IMVI,1
Lenalidomide,Dactinomycin,MCF7,1
Lenalidomide,Dactinomycin,NCI-H460,1
Lenalidomide,Dactinomycin,PC-3,1
Lenalidomide,Dactinomycin,RPMI-8226,1
Lenalidomide,Dactinomycin,SK-MEL-2,1
Lenalidomide,Dactinomycin,T-47D,1
Lenalidomide,Dactinomycin,UO-31,1
Lenalidomide,Nilotinib,HS 578T,0
Lenalidomide,Nilotinib,HT29,1
Lenalidomide,Nilotinib,IGROV1,0
Lenalidomide,Nilotinib,LOX IMVI,0
Lenalidomide,Nilotinib,MCF7,0
Lenalidomide,Nilotinib,NCI-H460,0
Lenalidomide,Nilotinib,PC-3,1
Lenalidomide,Nilotinib,RPMI-8226,0
Lenalidomide,Nilotinib,SK-MEL-2,0
Lenalidomide,Nilotinib,T-47D,1
Lenalidomide,Nilotinib,UO-31,0
Lenalidomide,2-fluoroAraA (fludarabine),HS 578T,0
Lenalidomide,2-fluoroAraA (fludarabine),HT29,1
Lenalidomide,2-fluoroAraA (fludarabine),IGROV1,1
Lenalidomide,2-fluoroAraA (fludarabine),LOX IMVI,1
Lenalidomide,2-fluoroAraA (fludarabine),MCF7,0
Lenalidomide,2-fluoroAraA (fludarabine),NCI-H460,0
Lenalidomide,2-fluoroAraA (fludarabine),PC-3,1
Lenalidomide,2-fluoroAraA (fludarabine),RPMI-8226,1
Lenalidomide,2-fluoroAraA (fludarabine),SK-MEL-2,0
Lenalidomide,2-fluoroAraA (fludarabine),T-47D,1
Lenalidomide,2-fluoroAraA (fludarabine),UO-31,0
Lenalidomide,Mercaptopurine,HS 578T,0
Lenalidomide,Mercaptopurine,HT29,0
Lenalidomide,Mercaptopurine,IGROV1,1
Lenalidomide,Mercaptopurine,LOX IMVI,1
Lenalidomide,Mercaptopurine,MCF7,0
Lenalidomide,Mercaptopurine,NCI-H460,1
Lenalidomide,Mercaptopurine,PC-3,0
Lenalidomide,Mercaptopurine,RPMI-8226,0
Lenalidomide,Mercaptopurine,SK-MEL-2,1
Lenalidomide,Mercaptopurine,T-47D,0
Lenalidomide,Mercaptopurine,UO-31,1
Lenalidomide,Dasatinib,HS 578T,0
Lenalidomide,Dasatinib,HT29,0
Lenalidomide,Dasatinib,IGROV1,0
Lenalidomide,Dasatinib,LOX IMVI,0
Lenalidomide,Dasatinib,MCF7,0
Lenalidomide,Dasatinib,NCI-H460,0
Lenalidomide,Dasatinib,PC-3,0
Lenalidomide,Dasatinib,RPMI-8226,1
Lenalidomide,Dasatinib,SK-MEL-2,0
Lenalidomide,Dasatinib,T-47D,0
Lenalidomide,Dasatinib,UO-31,0
Lenalidomide,Sirolimus (rapamycin),HS 578T,0
Lenalidomide,Sirolimus (rapamycin),HT29,0
Lenalidomide,Sirolimus (rapamycin),IGROV1,0
Lenalidomide,Sirolimus (rapamycin),LOX IMVI,0
Lenalidomide,Sirolimus (rapamycin),MCF7,0
Lenalidomide,Sirolimus (rapamycin),NCI-H460,0
Lenalidomide,Sirolimus (rapamycin),PC-3,0
Lenalidomide,Sirolimus (rapamycin),RPMI-8226,0
Lenalidomide,Sirolimus (rapamycin),SK-MEL-2,0
Lenalidomide,Sirolimus (rapamycin),T-47D,0
Lenalidomide,Sirolimus (rapamycin),UO-31,0
Lenalidomide,Sunitinib,HS 578T,0
Lenalidomide,Sunitinib,HT29,1
Lenalidomide,Sunitinib,IGROV1,0
Lenalidomide,Sunitinib,LOX IMVI,0
Lenalidomide,Sunitinib,MCF7,1
Lenalidomide,Sunitinib,NCI-H460,0
Lenalidomide,Sunitinib,PC-3,0
Lenalidomide,Sunitinib,RPMI-8226,1
Lenalidomide,Sunitinib,SK-MEL-2,0
Lenalidomide,Sunitinib,T-47D,0
Lenalidomide,Sunitinib,UO-31,0
Lenalidomide,Axitinib,HS 578T,1
Lenalidomide,Axitinib,HT29,0
Lenalidomide,Axitinib,IGROV1,0
Lenalidomide,Axitinib,LOX IMVI,0
Lenalidomide,Axitinib,MCF7,1
Lenalidomide,Axitinib,NCI-H460,0
Lenalidomide,Axitinib,PC-3,0
Lenalidomide,Axitinib,RPMI-8226,0
Lenalidomide,Axitinib,SK-MEL-2,0
Lenalidomide,Axitinib,T-47D,1
Lenalidomide,Axitinib,UO-31,0
Lenalidomide,Crizotinib,HS 578T,1
Lenalidomide,Crizotinib,HT29,0
Lenalidomide,Crizotinib,IGROV1,0
Lenalidomide,Crizotinib,LOX IMVI,0
Lenalidomide,Crizotinib,MCF7,0
Lenalidomide,Crizotinib,NCI-H460,0
Lenalidomide,Crizotinib,PC-3,1
Lenalidomide,Crizotinib,RPMI-8226,1
Lenalidomide,Crizotinib,SK-MEL-2,0
Lenalidomide,Crizotinib,T-47D,0
Lenalidomide,Crizotinib,UO-31,0
Lenalidomide,Ruxolitinib,HS 578T,0
Lenalidomide,Ruxolitinib,HT29,0
Lenalidomide,Ruxolitinib,IGROV1,0
Lenalidomide,Ruxolitinib,LOX IMVI,0
Lenalidomide,Ruxolitinib,MCF7,1
Lenalidomide,Ruxolitinib,NCI-H460,0
Lenalidomide,Ruxolitinib,PC-3,0
Lenalidomide,Ruxolitinib,RPMI-8226,0
Lenalidomide,Ruxolitinib,SK-MEL-2,0
Lenalidomide,Ruxolitinib,T-47D,0
Lenalidomide,Ruxolitinib,UO-31,0
Lenalidomide,Vemurafenib,HS 578T,1
Lenalidomide,Vemurafenib,HT29,0
Lenalidomide,Vemurafenib,IGROV1,0
Lenalidomide,Vemurafenib,LOX IMVI,0
Lenalidomide,Vemurafenib,MCF7,1
Lenalidomide,Vemurafenib,NCI-H460,0
Lenalidomide,Vemurafenib,PC-3,1
Lenalidomide,Vemurafenib,RPMI-8226,1
Lenalidomide,Vemurafenib,SK-MEL-2,0
Lenalidomide,Vemurafenib,T-47D,0
Lenalidomide,Vemurafenib,UO-31,0
Lenalidomide,Everolimus,HS 578T,0
Lenalidomide,Everolimus,HT29,0
Lenalidomide,Everolimus,IGROV1,0
Lenalidomide,Everolimus,LOX IMVI,0
Lenalidomide,Everolimus,MCF7,0
Lenalidomide,Everolimus,NCI-H460,1
Lenalidomide,Everolimus,PC-3,0
Lenalidomide,Everolimus,RPMI-8226,1
Lenalidomide,Everolimus,SK-MEL-2,0
Lenalidomide,Everolimus,T-47D,0
Lenalidomide,Everolimus,UO-31,0
Lenalidomide,Dacarbazine,HS 578T,0
Lenalidomide,Dacarbazine,HT29,0
Lenalidomide,Dacarbazine,IGROV1,0
Lenalidomide,Dacarbazine,LOX IMVI,1
Lenalidomide,Dacarbazine,MCF7,0
Lenalidomide,Dacarbazine,NCI-H460,0
Lenalidomide,Dacarbazine,PC-3,0
Lenalidomide,Dacarbazine,RPMI-8226,1
Lenalidomide,Dacarbazine,SK-MEL-2,0
Lenalidomide,Dacarbazine,T-47D,0
Lenalidomide,Dacarbazine,UO-31,0
Lenalidomide,Allopurinol,HS 578T,1
Lenalidomide,Allopurinol,HT29,1
Lenalidomide,Allopurinol,IGROV1,1
Lenalidomide,Allopurinol,LOX IMVI,1
Lenalidomide,Allopurinol,MCF7,1
Lenalidomide,Allopurinol,NCI-H460,1
Lenalidomide,Allopurinol,PC-3,1
Lenalidomide,Allopurinol,RPMI-8226,0
Lenalidomide,Allopurinol,SK-MEL-2,1
Lenalidomide,Allopurinol,T-47D,1
Lenalidomide,Allopurinol,UO-31,1
Capecitabine,Tretinoin,HS 578T,0
Capecitabine,Tretinoin,HT29,1
Capecitabine,Tretinoin,IGROV1,0
Capecitabine,Tretinoin,LOX IMVI,0
Capecitabine,Tretinoin,MCF7,0
Capecitabine,Tretinoin,NCI-H460,0
Capecitabine,Tretinoin,PC-3,0
Capecitabine,Tretinoin,RPMI-8226,0
Capecitabine,Tretinoin,T-47D,0
Capecitabine,Tretinoin,UO-31,0
Capecitabine,Decitabine,HS 578T,1
Capecitabine,Decitabine,HT29,0
Capecitabine,Decitabine,IGROV1,0
Capecitabine,Decitabine,LOX IMVI,0
Capecitabine,Decitabine,MCF7,0
Capecitabine,Decitabine,NCI-H460,0
Capecitabine,Decitabine,PC-3,0
Capecitabine,Decitabine,RPMI-8226,0
Capecitabine,Decitabine,SK-MEL-2,1
Capecitabine,Decitabine,T-47D,0
Capecitabine,Decitabine,UO-31,0
Capecitabine,Teniposide,HS 578T,0
Capecitabine,Teniposide,HT29,0
Capecitabine,Teniposide,IGROV1,0
Capecitabine,Teniposide,LOX IMVI,0
Capecitabine,Teniposide,MCF7,0
Capecitabine,Teniposide,NCI-H460,0
Capecitabine,Teniposide,PC-3,0
Capecitabine,Teniposide,RPMI-8226,0
Capecitabine,Teniposide,SK-MEL-2,0
Capecitabine,Teniposide,T-47D,0
Capecitabine,Teniposide,UO-31,0
Capecitabine,Dactinomycin,HS 578T,0
Capecitabine,Dactinomycin,HT29,1
Capecitabine,Dactinomycin,IGROV1,0
Capecitabine,Dactinomycin,LOX IMVI,0
Capecitabine,Dactinomycin,MCF7,0
Capecitabine,Dactinomycin,NCI-H460,0
Capecitabine,Dactinomycin,PC-3,0
Capecitabine,Dactinomycin,RPMI-8226,0
Capecitabine,Dactinomycin,T-47D,0
Capecitabine,Dactinomycin,UO-31,0
Capecitabine,Nilotinib,HS 578T,0
Capecitabine,Nilotinib,HT29,1
Capecitabine,Nilotinib,IGROV1,0
Capecitabine,Nilotinib,LOX IMVI,0
Capecitabine,Nilotinib,MCF7,0
Capecitabine,Nilotinib,NCI-H460,0
Capecitabine,Nilotinib,PC-3,0
Capecitabine,Nilotinib,RPMI-8226,0
Capecitabine,Nilotinib,T-47D,0
Capecitabine,Nilotinib,UO-31,0
Capecitabine,2-fluoroAraA (fludarabine),HS 578T,0
Capecitabine,2-fluoroAraA (fludarabine),HT29,1
Capecitabine,2-fluoroAraA (fludarabine),IGROV1,0
Capecitabine,2-fluoroAraA (fludarabine),LOX IMVI,0
Capecitabine,2-fluoroAraA (fludarabine),MCF7,1
Capecitabine,2-fluoroAraA (fludarabine),NCI-H460,0
Capecitabine,2-fluoroAraA (fludarabine),PC-3,0
Capecitabine,2-fluoroAraA (fludarabine),RPMI-8226,0
Capecitabine,2-fluoroAraA (fludarabine),T-47D,0
Capecitabine,2-fluoroAraA (fludarabine),UO-31,0
Capecitabine,Mercaptopurine,HS 578T,0
Capecitabine,Mercaptopurine,HT29,0
Capecitabine,Mercaptopurine,IGROV1,0
Capecitabine,Mercaptopurine,LOX IMVI,1
Capecitabine,Mercaptopurine,MCF7,0
Capecitabine,Mercaptopurine,NCI-H460,0
Capecitabine,Mercaptopurine,PC-3,0
Capecitabine,Mercaptopurine,RPMI-8226,0
Capecitabine,Mercaptopurine,T-47D,1
Capecitabine,Mercaptopurine,UO-31,0
Capecitabine,Dasatinib,HS 578T,0
Capecitabine,Dasatinib,HT29,0
Capecitabine,Dasatinib,IGROV1,0
Capecitabine,Dasatinib,LOX IMVI,0
Capecitabine,Dasatinib,MCF7,0
Capecitabine,Dasatinib,NCI-H460,0
Capecitabine,Dasatinib,PC-3,0
Capecitabine,Dasatinib,RPMI-8226,1
Capecitabine,Dasatinib,T-47D,0
Capecitabine,Dasatinib,UO-31,1
Capecitabine,Sirolimus (rapamycin),HS 578T,1
Capecitabine,Sirolimus (rapamycin),HT29,0
Capecitabine,Sirolimus (rapamycin),IGROV1,0
Capecitabine,Sirolimus (rapamycin),LOX IMVI,0
Capecitabine,Sirolimus (rapamycin),MCF7,0
Capecitabine,Sirolimus (rapamycin),NCI-H460,0
Capecitabine,Sirolimus (rapamycin),PC-3,0
Capecitabine,Sirolimus (rapamycin),RPMI-8226,0
Capecitabine,Sirolimus (rapamycin),T-47D,1
Capecitabine,Sirolimus (rapamycin),UO-31,0
Capecitabine,Sunitinib,HS 578T,1
Capecitabine,Sunitinib,HT29,0
Capecitabine,Sunitinib,IGROV1,0
Capecitabine,Sunitinib,LOX IMVI,0
Capecitabine,Sunitinib,MCF7,1
Capecitabine,Sunitinib,NCI-H460,0
Capecitabine,Sunitinib,PC-3,0
Capecitabine,Sunitinib,RPMI-8226,1
Capecitabine,Sunitinib,T-47D,0
Capecitabine,Sunitinib,UO-31,0
Capecitabine,Axitinib,HS 578T,0
Capecitabine,Axitinib,HT29,0
Capecitabine,Axitinib,IGROV1,0
Capecitabine,Axitinib,LOX IMVI,1
Capecitabine,Axitinib,MCF7,1
Capecitabine,Axitinib,NCI-H460,1
Capecitabine,Axitinib,PC-3,0
Capecitabine,Axitinib,RPMI-8226,0
Capecitabine,Axitinib,SK-MEL-2,1
Capecitabine,Axitinib,T-47D,0
Capecitabine,Axitinib,UO-31,1
Capecitabine,Crizotinib,HS 578T,0
Capecitabine,Crizotinib,HT29,0
Capecitabine,Crizotinib,IGROV1,0
Capecitabine,Crizotinib,LOX IMVI,0
Capecitabine,Crizotinib,MCF7,0
Capecitabine,Crizotinib,NCI-H460,1
Capecitabine,Crizotinib,PC-3,0
Capecitabine,Crizotinib,RPMI-8226,0
Capecitabine,Crizotinib,SK-MEL-2,0
Capecitabine,Crizotinib,T-47D,1
Capecitabine,Crizotinib,UO-31,1
Capecitabine,Ruxolitinib,HS 578T,0
Capecitabine,Ruxolitinib,HT29,0
Capecitabine,Ruxolitinib,IGROV1,0
Capecitabine,Ruxolitinib,LOX IMVI,0
Capecitabine,Ruxolitinib,MCF7,1
Capecitabine,Ruxolitinib,NCI-H460,1
Capecitabine,Ruxolitinib,PC-3,0
Capecitabine,Ruxolitinib,RPMI-8226,0
Capecitabine,Ruxolitinib,SK-MEL-2,1
Capecitabine,Ruxolitinib,T-47D,0
Capecitabine,Ruxolitinib,UO-31,0
Capecitabine,Vemurafenib,HS 578T,0
Capecitabine,Vemurafenib,HT29,0
Capecitabine,Vemurafenib,IGROV1,0
Capecitabine,Vemurafenib,LOX IMVI,0
Capecitabine,Vemurafenib,MCF7,0
Capecitabine,Vemurafenib,NCI-H460,0
Capecitabine,Vemurafenib,PC-3,0
Capecitabine,Vemurafenib,RPMI-8226,0
Capecitabine,Vemurafenib,SK-MEL-2,1
Capecitabine,Vemurafenib,T-47D,1
Capecitabine,Vemurafenib,UO-31,1
Capecitabine,Everolimus,HS 578T,0
Capecitabine,Everolimus,HT29,0
Capecitabine,Everolimus,IGROV1,0
Capecitabine,Everolimus,LOX IMVI,0
Capecitabine,Everolimus,MCF7,1
Capecitabine,Everolimus,NCI-H460,0
Capecitabine,Everolimus,PC-3,0
Capecitabine,Everolimus,RPMI-8226,1
Capecitabine,Everolimus,T-47D,0
Capecitabine,Everolimus,UO-31,0
Capecitabine,Dacarbazine,HS 578T,0
Capecitabine,Dacarbazine,HT29,0
Capecitabine,Dacarbazine,IGROV1,0
Capecitabine,Dacarbazine,LOX IMVI,0
Capecitabine,Dacarbazine,MCF7,0
Capecitabine,Dacarbazine,NCI-H460,0
Capecitabine,Dacarbazine,PC-3,0
Capecitabine,Dacarbazine,RPMI-8226,0
Capecitabine,Dacarbazine,SK-MEL-2,0
Capecitabine,Dacarbazine,T-47D,0
Capecitabine,Dacarbazine,UO-31,0
Capecitabine,Allopurinol,HS 578T,0
Capecitabine,Allopurinol,HT29,1
Capecitabine,Allopurinol,IGROV1,0
Capecitabine,Allopurinol,LOX IMVI,1
Capecitabine,Allopurinol,MCF7,1
Capecitabine,Allopurinol,NCI-H460,0
Capecitabine,Allopurinol,PC-3,0
Capecitabine,Allopurinol,RPMI-8226,1
Capecitabine,Allopurinol,SK-MEL-2,1
Capecitabine,Allopurinol,T-47D,1
Capecitabine,Allopurinol,UO-31,1
Tretinoin,Decitabine,HS 578T,1
Tretinoin,Decitabine,HT29,1
Tretinoin,Decitabine,IGROV1,0
Tretinoin,Decitabine,LOX IMVI,0
Tretinoin,Decitabine,MCF7,0
Tretinoin,Decitabine,NCI-H460,0
Tretinoin,Decitabine,PC-3,0
Tretinoin,Decitabine,RPMI-8226,1
Tretinoin,Decitabine,T-47D,1
Tretinoin,Decitabine,UO-31,0
Tretinoin,Teniposide,HS 578T,1
Tretinoin,Teniposide,HT29,0
Tretinoin,Teniposide,IGROV1,0
Tretinoin,Teniposide,LOX IMVI,0
Tretinoin,Teniposide,MCF7,1
Tretinoin,Teniposide,NCI-H460,0
Tretinoin,Teniposide,PC-3,0
Tretinoin,Teniposide,RPMI-8226,1
Tretinoin,Teniposide,SK-MEL-2,0
Tretinoin,Teniposide,T-47D,0
Tretinoin,Teniposide,UO-31,1
Tretinoin,Dactinomycin,HS 578T,0
Tretinoin,Dactinomycin,HT29,1
Tretinoin,Dactinomycin,IGROV1,1
Tretinoin,Dactinomycin,LOX IMVI,0
Tretinoin,Dactinomycin,MCF7,1
Tretinoin,Dactinomycin,NCI-H460,1
Tretinoin,Dactinomycin,PC-3,1
Tretinoin,Dactinomycin,RPMI-8226,1
Tretinoin,Dactinomycin,T-47D,1
Tretinoin,Dactinomycin,UO-31,1
Tretinoin,Nilotinib,HS 578T,0
Tretinoin,Nilotinib,HT29,1
Tretinoin,Nilotinib,IGROV1,1
Tretinoin,Nilotinib,LOX IMVI,0
Tretinoin,Nilotinib,MCF7,0
Tretinoin,Nilotinib,NCI-H460,0
Tretinoin,Nilotinib,PC-3,0
Tretinoin,Nilotinib,RPMI-8226,0
Tretinoin,Nilotinib,T-47D,1
Tretinoin,Nilotinib,UO-31,1
Tretinoin,2-fluoroAraA (fludarabine),HS 578T,1
Tretinoin,2-fluoroAraA (fludarabine),HT29,1
Tretinoin,2-fluoroAraA (fludarabine),IGROV1,0
Tretinoin,2-fluoroAraA (fludarabine),LOX IMVI,0
Tretinoin,2-fluoroAraA (fludarabine),MCF7,0
Tretinoin,2-fluoroAraA (fludarabine),NCI-H460,0
Tretinoin,2-fluoroAraA (fludarabine),PC-3,0
Tretinoin,2-fluoroAraA (fludarabine),RPMI-8226,0
Tretinoin,2-fluoroAraA (fludarabine),T-47D,0
Tretinoin,2-fluoroAraA (fludarabine),UO-31,0
Tretinoin,Mercaptopurine,HS 578T,1
Tretinoin,Mercaptopurine,HT29,0
Tretinoin,Mercaptopurine,IGROV1,0
Tretinoin,Mercaptopurine,LOX IMVI,0
Tretinoin,Mercaptopurine,MCF7,0
Tretinoin,Mercaptopurine,NCI-H460,0
Tretinoin,Mercaptopurine,PC-3,0
Tretinoin,Mercaptopurine,RPMI-8226,0
Tretinoin,Mercaptopurine,SK-MEL-2,0
Tretinoin,Mercaptopurine,T-47D,0
Tretinoin,Mercaptopurine,UO-31,1
Tretinoin,Dasatinib,HS 578T,1
Tretinoin,Dasatinib,HT29,1
Tretinoin,Dasatinib,IGROV1,0
Tretinoin,Dasatinib,LOX IMVI,0
Tretinoin,Dasatinib,MCF7,0
Tretinoin,Dasatinib,NCI-H460,0
Tretinoin,Dasatinib,PC-3,0
Tretinoin,Dasatinib,RPMI-8226,1
Tretinoin,Dasatinib,T-47D,0
Tretinoin,Dasatinib,UO-31,1
Tretinoin,Sirolimus (rapamycin),HS 578T,1
Tretinoin,Sirolimus (rapamycin),HT29,0
Tretinoin,Sirolimus (rapamycin),IGROV1,1
Tretinoin,Sirolimus (rapamycin),LOX IMVI,1
Tretinoin,Sirolimus (rapamycin),MCF7,1
Tretinoin,Sirolimus (rapamycin),NCI-H460,1
Tretinoin,Sirolimus (rapamycin),PC-3,1
Tretinoin,Sirolimus (rapamycin),RPMI-8226,1
Tretinoin,Sirolimus (rapamycin),T-47D,1
Tretinoin,Sirolimus (rapamycin),UO-31,0
Tretinoin,Sunitinib,HS 578T,0
Tretinoin,Sunitinib,HT29,0
Tretinoin,Sunitinib,IGROV1,0
Tretinoin,Sunitinib,LOX IMVI,0
Tretinoin,Sunitinib,MCF7,0
Tretinoin,Sunitinib,NCI-H460,0
Tretinoin,Sunitinib,PC-3,0
Tretinoin,Sunitinib,RPMI-8226,0
Tretinoin,Sunitinib,T-47D,0
Tretinoin,Sunitinib,UO-31,1
Tretinoin,Axitinib,HS 578T,1
Tretinoin,Axitinib,HT29,1
Tretinoin,Axitinib,IGROV1,0
Tretinoin,Axitinib,LOX IMVI,1
Tretinoin,Axitinib,MCF7,1
Tretinoin,Axitinib,NCI-H460,0
Tretinoin,Axitinib,PC-3,1
Tretinoin,Axitinib,RPMI-8226,0
Tretinoin,Axitinib,SK-MEL-2,0
Tretinoin,Axitinib,T-47D,1
Tretinoin,Axitinib,UO-31,0
Tretinoin,Crizotinib,HS 578T,0
Tretinoin,Crizotinib,HT29,0
Tretinoin,Crizotinib,IGROV1,0
Tretinoin,Crizotinib,LOX IMVI,0
Tretinoin,Crizotinib,MCF7,1
Tretinoin,Crizotinib,NCI-H460,1
Tretinoin,Crizotinib,PC-3,1
Tretinoin,Crizotinib,RPMI-8226,0
Tretinoin,Crizotinib,SK-MEL-2,0
Tretinoin,Crizotinib,T-47D,1
Tretinoin,Crizotinib,UO-31,1
Tretinoin,Ruxolitinib,HS 578T,0
Tretinoin,Ruxolitinib,HT29,0
Tretinoin,Ruxolitinib,IGROV1,1
Tretinoin,Ruxolitinib,LOX IMVI,1
Tretinoin,Ruxolitinib,MCF7,0
Tretinoin,Ruxolitinib,NCI-H460,0
Tretinoin,Ruxolitinib,PC-3,0
Tretinoin,Ruxolitinib,RPMI-8226,0
Tretinoin,Ruxolitinib,SK-MEL-2,0
Tretinoin,Ruxolitinib,T-47D,0
Tretinoin,Ruxolitinib,UO-31,1
Tretinoin,Vemurafenib,HS 578T,0
Tretinoin,Vemurafenib,HT29,1
Tretinoin,Vemurafenib,IGROV1,0
Tretinoin,Vemurafenib,LOX IMVI,1
Tretinoin,Vemurafenib,MCF7,0
Tretinoin,Vemurafenib,NCI-H460,0
Tretinoin,Vemurafenib,PC-3,1
Tretinoin,Vemurafenib,RPMI-8226,0
Tretinoin,Vemurafenib,SK-MEL-2,1
Tretinoin,Vemurafenib,T-47D,0
Tretinoin,Vemurafenib,UO-31,1
Tretinoin,Everolimus,HS 578T,1
Tretinoin,Everolimus,HT29,1
Tretinoin,Everolimus,IGROV1,0
Tretinoin,Everolimus,LOX IMVI,0
Tretinoin,Everolimus,MCF7,1
Tretinoin,Everolimus,NCI-H460,0
Tretinoin,Everolimus,PC-3,0
Tretinoin,Everolimus,RPMI-8226,1
Tretinoin,Everolimus,T-47D,0
Tretinoin,Everolimus,UO-31,0
Tretinoin,Dacarbazine,HS 578T,0
Tretinoin,Dacarbazine,HT29,1
Tretinoin,Dacarbazine,IGROV1,0
Tretinoin,Dacarbazine,LOX IMVI,0
Tretinoin,Dacarbazine,MCF7,0
Tretinoin,Dacarbazine,NCI-H460,0
Tretinoin,Dacarbazine,PC-3,0
Tretinoin,Dacarbazine,RPMI-8226,0
Tretinoin,Dacarbazine,SK-MEL-2,1
Tretinoin,Dacarbazine,T-47D,0
Tretinoin,Dacarbazine,UO-31,1
Tretinoin,Allopurinol,HS 578T,0
Tretinoin,Allopurinol,HT29,0
Tretinoin,Allopurinol,IGROV1,0
Tretinoin,Allopurinol,LOX IMVI,0
Tretinoin,Allopurinol,MCF7,0
Tretinoin,Allopurinol,NCI-H460,0
Tretinoin,Allopurinol,PC-3,0
Tretinoin,Allopurinol,RPMI-8226,0
Tretinoin,Allopurinol,T-47D,0
Tretinoin,Allopurinol,UO-31,0
Decitabine,Teniposide,HS 578T,1
Decitabine,Teniposide,HT29,1
Decitabine,Teniposide,IGROV1,0
Decitabine,Teniposide,LOX IMVI,1
Decitabine,Teniposide,MCF7,1
Decitabine,Teniposide,NCI-H460,0
Decitabine,Teniposide,PC-3,0
Decitabine,Teniposide,RPMI-8226,1
Decitabine,Teniposide,SK-MEL-2,1
Decitabine,Teniposide,T-47D,0
Decitabine,Teniposide,UO-31,0
Decitabine,Dactinomycin,HS 578T,1
Decitabine,Dactinomycin,HT29,0
Decitabine,Dactinomycin,IGROV1,0
Decitabine,Dactinomycin,LOX IMVI,0
Decitabine,Dactinomycin,MCF7,0
Decitabine,Dactinomycin,NCI-H460,0
Decitabine,Dactinomycin,PC-3,1
Decitabine,Dactinomycin,T-47D,0
Decitabine,Dactinomycin,UO-31,0
Decitabine,Nilotinib,HS 578T,0
Decitabine,Nilotinib,HT29,0
Decitabine,Nilotinib,IGROV1,0
Decitabine,Nilotinib,LOX IMVI,0
Decitabine,Nilotinib,MCF7,1
Decitabine,Nilotinib,NCI-H460,0
Decitabine,Nilotinib,PC-3,0
Decitabine,Nilotinib,RPMI-8226,0
Decitabine,Nilotinib,SK-MEL-2,1
Decitabine,Nilotinib,T-47D,1
Decitabine,Nilotinib,UO-31,0
Decitabine,2-fluoroAraA (fludarabine),HS 578T,0
Decitabine,2-fluoroAraA (fludarabine),HT29,0
Decitabine,2-fluoroAraA (fludarabine),IGROV1,0
Decitabine,2-fluoroAraA (fludarabine),LOX IMVI,0
Decitabine,2-fluoroAraA (fludarabine),MCF7,0
Decitabine,2-fluoroAraA (fludarabine),NCI-H460,0
Decitabine,2-fluoroAraA (fludarabine),PC-3,1
Decitabine,2-fluoroAraA (fludarabine),RPMI-8226,0
Decitabine,2-fluoroAraA (fludarabine),T-47D,0
Decitabine,2-fluoroAraA (fludarabine),UO-31,1
Decitabine,Mercaptopurine,HS 578T,0
Decitabine,Mercaptopurine,HT29,0
Decitabine,Mercaptopurine,IGROV1,1
Decitabine,Mercaptopurine,LOX IMVI,0
Decitabine,Mercaptopurine,MCF7,0
Decitabine,Mercaptopurine,NCI-H460,1
Decitabine,Mercaptopurine,PC-3,1
Decitabine,Mercaptopurine,RPMI-8226,0
Decitabine,Mercaptopurine,T-47D,0
Decitabine,Mercaptopurine,UO-31,1
Decitabine,Dasatinib,HS 578T,1
Decitabine,Dasatinib,HT29,1
Decitabine,Dasatinib,IGROV1,0
Decitabine,Dasatinib,LOX IMVI,1
Decitabine,Dasatinib,MCF7,1
Decitabine,Dasatinib,NCI-H460,0
Decitabine,Dasatinib,PC-3,1
Decitabine,Dasatinib,RPMI-8226,0
Decitabine,Dasatinib,SK-MEL-2,1
Decitabine,Dasatinib,T-47D,0
Decitabine,Dasatinib,UO-31,0
Decitabine,Sirolimus (rapamycin),HS 578T,0
Decitabine,Sirolimus (rapamycin),HT29,0
Decitabine,Sirolimus (rapamycin),IGROV1,0
Decitabine,Sirolimus (rapamycin),LOX IMVI,1
Decitabine,Sirolimus (rapamycin),MCF7,0
Decitabine,Sirolimus (rapamycin),NCI-H460,1
Decitabine,Sirolimus (rapamycin),PC-3,0
Decitabine,Sirolimus (rapamycin),RPMI-8226,0
Decitabine,Sirolimus (rapamycin),T-47D,0
Decitabine,Sirolimus (rapamycin),UO-31,0
Decitabine,Sunitinib,HS 578T,0
Decitabine,Sunitinib,HT29,1
Decitabine,Sunitinib,IGROV1,0
Decitabine,Sunitinib,LOX IMVI,0
Decitabine,Sunitinib,MCF7,1
Decitabine,Sunitinib,NCI-H460,0
Decitabine,Sunitinib,PC-3,1
Decitabine,Sunitinib,RPMI-8226,0
Decitabine,Sunitinib,SK-MEL-2,1
Decitabine,Sunitinib,T-47D,0
Decitabine,Sunitinib,UO-31,0
Decitabine,Axitinib,HS 578T,0
Decitabine,Axitinib,HT29,0
Decitabine,Axitinib,IGROV1,0
Decitabine,Axitinib,LOX IMVI,1
Decitabine,Axitinib,MCF7,1
Decitabine,Axitinib,NCI-H460,1
Decitabine,Axitinib,PC-3,0
Decitabine,Axitinib,RPMI-8226,0
Decitabine,Axitinib,SK-MEL-2,0
Decitabine,Axitinib,T-47D,0
Decitabine,Axitinib,UO-31,0
Decitabine,Crizotinib,HS 578T,0
Decitabine,Crizotinib,HT29,1
Decitabine,Crizotinib,IGROV1,0
Decitabine,Crizotinib,LOX IMVI,1
Decitabine,Crizotinib,MCF7,1
Decitabine,Crizotinib,NCI-H460,1
Decitabine,Crizotinib,PC-3,1
Decitabine,Crizotinib,RPMI-8226,0
Decitabine,Crizotinib,SK-MEL-2,1
Decitabine,Crizotinib,T-47D,1
Decitabine,Crizotinib,UO-31,1
Decitabine,Ruxolitinib,HS 578T,0
Decitabine,Ruxolitinib,HT29,0
Decitabine,Ruxolitinib,IGROV1,1
Decitabine,Ruxolitinib,LOX IMVI,1
Decitabine,Ruxolitinib,MCF7,0
Decitabine,Ruxolitinib,NCI-H460,0
Decitabine,Ruxolitinib,PC-3,0
Decitabine,Ruxolitinib,RPMI-8226,0
Decitabine,Ruxolitinib,SK-MEL-2,0
Decitabine,Ruxolitinib,T-47D,0
Decitabine,Ruxolitinib,UO-31,1
Decitabine,Vemurafenib,HS 578T,0
Decitabine,Vemurafenib,HT29,0
Decitabine,Vemurafenib,IGROV1,0
Decitabine,Vemurafenib,LOX IMVI,1
Decitabine,Vemurafenib,MCF7,0
Decitabine,Vemurafenib,NCI-H460,0
Decitabine,Vemurafenib,PC-3,0
Decitabine,Vemurafenib,RPMI-8226,0
Decitabine,Vemurafenib,SK-MEL-2,0
Decitabine,Vemurafenib,T-47D,0
Decitabine,Vemurafenib,UO-31,1
Decitabine,Everolimus,HS 578T,0
Decitabine,Everolimus,HT29,0
Decitabine,Everolimus,IGROV1,0
Decitabine,Everolimus,LOX IMVI,0
Decitabine,Everolimus,MCF7,0
Decitabine,Everolimus,NCI-H460,0
Decitabine,Everolimus,PC-3,1
Decitabine,Everolimus,RPMI-8226,0
Decitabine,Everolimus,SK-MEL-2,1
Decitabine,Everolimus,T-47D,0
Decitabine,Everolimus,UO-31,1
Decitabine,Dacarbazine,HS 578T,0
Decitabine,Dacarbazine,HT29,0
Decitabine,Dacarbazine,IGROV1,0
Decitabine,Dacarbazine,LOX IMVI,0
Decitabine,Dacarbazine,MCF7,0
Decitabine,Dacarbazine,NCI-H460,0
Decitabine,Dacarbazine,PC-3,0
Decitabine,Dacarbazine,RPMI-8226,0
Decitabine,Dacarbazine,SK-MEL-2,0
Decitabine,Dacarbazine,T-47D,0
Decitabine,Dacarbazine,UO-31,1
Decitabine,Allopurinol,HS 578T,0
Decitabine,Allopurinol,HT29,0
Decitabine,Allopurinol,IGROV1,0
Decitabine,Allopurinol,LOX IMVI,1
Decitabine,Allopurinol,MCF7,0
Decitabine,Allopurinol,NCI-H460,0
Decitabine,Allopurinol,PC-3,0
Decitabine,Allopurinol,RPMI-8226,0
Decitabine,Allopurinol,SK-MEL-2,0
Decitabine,Allopurinol,T-47D,0
Decitabine,Allopurinol,UO-31,0
Teniposide,Dactinomycin,HS 578T,1
Teniposide,Dactinomycin,HT29,1
Teniposide,Dactinomycin,IGROV1,1
Teniposide,Dactinomycin,LOX IMVI,1
Teniposide,Dactinomycin,MCF7,1
Teniposide,Dactinomycin,NCI-H460,1
Teniposide,Dactinomycin,PC-3,1
Teniposide,Dactinomycin,RPMI-8226,1
Teniposide,Dactinomycin,SK-MEL-2,1
Teniposide,Dactinomycin,T-47D,1
Teniposide,Dactinomycin,UO-31,1
Teniposide,Nilotinib,HS 578T,0
Teniposide,Nilotinib,HT29,0
Teniposide,Nilotinib,IGROV1,0
Teniposide,Nilotinib,LOX IMVI,0
Teniposide,Nilotinib,MCF7,0
Teniposide,Nilotinib,NCI-H460,0
Teniposide,Nilotinib,PC-3,0
Teniposide,Nilotinib,RPMI-8226,0
Teniposide,Nilotinib,T-47D,0
Teniposide,Nilotinib,UO-31,0
Teniposide,2-fluoroAraA (fludarabine),HS 578T,0
Teniposide,2-fluoroAraA (fludarabine),HT29,0
Teniposide,2-fluoroAraA (fludarabine),IGROV1,0
Teniposide,2-fluoroAraA (fludarabine),LOX IMVI,0
Teniposide,2-fluoroAraA (fludarabine),MCF7,0
Teniposide,2-fluoroAraA (fludarabine),NCI-H460,0
Teniposide,2-fluoroAraA (fludarabine),PC-3,0
Teniposide,2-fluoroAraA (fludarabine),RPMI-8226,0
Teniposide,2-fluoroAraA (fludarabine),SK-MEL-2,0
Teniposide,2-fluoroAraA (fludarabine),T-47D,0
Teniposide,2-fluoroAraA (fludarabine),UO-31,0
Teniposide,Mercaptopurine,HS 578T,0
Teniposide,Mercaptopurine,HT29,0
Teniposide,Mercaptopurine,IGROV1,0
Teniposide,Mercaptopurine,LOX IMVI,0
Teniposide,Mercaptopurine,MCF7,0
Teniposide,Mercaptopurine,NCI-H460,0
Teniposide,Mercaptopurine,PC-3,0
Teniposide,Mercaptopurine,RPMI-8226,0
Teniposide,Mercaptopurine,SK-MEL-2,0
Teniposide,Mercaptopurine,T-47D,0
Teniposide,Mercaptopurine,UO-31,1
Teniposide,Dasatinib,HS 578T,1
Teniposide,Dasatinib,HT29,1
Teniposide,Dasatinib,IGROV1,1
Teniposide,Dasatinib,LOX IMVI,1
Teniposide,Dasatinib,MCF7,0
Teniposide,Dasatinib,NCI-H460,1
Teniposide,Dasatinib,PC-3,1
Teniposide,Dasatinib,RPMI-8226,1
Teniposide,Dasatinib,T-47D,1
Teniposide,Dasatinib,UO-31,1
Teniposide,Sirolimus (rapamycin),HS 578T,1
Teniposide,Sirolimus (rapamycin),HT29,1
Teniposide,Sirolimus (rapamycin),IGROV1,0
Teniposide,Sirolimus (rapamycin),LOX IMVI,0
Teniposide,Sirolimus (rapamycin),MCF7,0
Teniposide,Sirolimus (rapamycin),NCI-H460,1
Teniposide,Sirolimus (rapamycin),PC-3,0
Teniposide,Sirolimus (rapamycin),RPMI-8226,1
Teniposide,Sirolimus (rapamycin),SK-MEL-2,1
Teniposide,Sirolimus (rapamycin),T-47D,0
Teniposide,Sirolimus (rapamycin),UO-31,0
Teniposide,Sunitinib,HS 578T,0
Teniposide,Sunitinib,HT29,0
Teniposide,Sunitinib,IGROV1,0
Teniposide,Sunitinib,LOX IMVI,0
Teniposide,Sunitinib,MCF7,0
Teniposide,Sunitinib,NCI-H460,0
Teniposide,Sunitinib,PC-3,0
Teniposide,Sunitinib,RPMI-8226,0
Teniposide,Sunitinib,T-47D,0
Teniposide,Sunitinib,UO-31,1
Teniposide,Axitinib,HS 578T,0
Teniposide,Axitinib,HT29,0
Teniposide,Axitinib,IGROV1,0
Teniposide,Axitinib,LOX IMVI,0
Teniposide,Axitinib,MCF7,0
Teniposide,Axitinib,NCI-H460,0
Teniposide,Axitinib,PC-3,0
Teniposide,Axitinib,RPMI-8226,0
Teniposide,Axitinib,SK-MEL-2,0
Teniposide,Axitinib,T-47D,0
Teniposide,Axitinib,UO-31,0
Teniposide,Crizotinib,HS 578T,0
Teniposide,Crizotinib,HT29,0
Teniposide,Crizotinib,IGROV1,0
Teniposide,Crizotinib,LOX IMVI,1
Teniposide,Crizotinib,MCF7,0
Teniposide,Crizotinib,NCI-H460,0
Teniposide,Crizotinib,PC-3,0
Teniposide,Crizotinib,RPMI-8226,0
Teniposide,Crizotinib,SK-MEL-2,0
Teniposide,Crizotinib,T-47D,0
Teniposide,Crizotinib,UO-31,1
Teniposide,Ruxolitinib,HS 578T,0
Teniposide,Ruxolitinib,HT29,0
Teniposide,Ruxolitinib,IGROV1,0
Teniposide,Ruxolitinib,LOX IMVI,0
Teniposide,Ruxolitinib,MCF7,0
Teniposide,Ruxolitinib,NCI-H460,0
Teniposide,Ruxolitinib,PC-3,0
Teniposide,Ruxolitinib,RPMI-8226,0
Teniposide,Ruxolitinib,SK-MEL-2,0
Teniposide,Ruxolitinib,T-47D,0
Teniposide,Ruxolitinib,UO-31,1
Teniposide,Vemurafenib,HS 578T,0
Teniposide,Vemurafenib,HT29,0
Teniposide,Vemurafenib,IGROV1,0
Teniposide,Vemurafenib,LOX IMVI,1
Teniposide,Vemurafenib,MCF7,0
Teniposide,Vemurafenib,NCI-H460,0
Teniposide,Vemurafenib,PC-3,0
Teniposide,Vemurafenib,RPMI-8226,0
Teniposide,Vemurafenib,SK-MEL-2,0
Teniposide,Vemurafenib,T-47D,0
Teniposide,Vemurafenib,UO-31,0
Teniposide,Everolimus,HS 578T,1
Teniposide,Everolimus,HT29,1
Teniposide,Everolimus,IGROV1,1
Teniposide,Everolimus,LOX IMVI,1
Teniposide,Everolimus,MCF7,1
Teniposide,Everolimus,NCI-H460,1
Teniposide,Everolimus,PC-3,1
Teniposide,Everolimus,RPMI-8226,1
Teniposide,Everolimus,SK-MEL-2,0
Teniposide,Everolimus,T-47D,1
Teniposide,Everolimus,UO-31,1
Teniposide,Dacarbazine,HS 578T,0
Teniposide,Dacarbazine,HT29,0
Teniposide,Dacarbazine,IGROV1,0
Teniposide,Dacarbazine,LOX IMVI,1
Teniposide,Dacarbazine,MCF7,0
Teniposide,Dacarbazine,NCI-H460,0
Teniposide,Dacarbazine,PC-3,0
Teniposide,Dacarbazine,RPMI-8226,0
Teniposide,Dacarbazine,SK-MEL-2,0
Teniposide,Dacarbazine,T-47D,0
Teniposide,Dacarbazine,UO-31,0
Teniposide,Allopurinol,HS 578T,0
Teniposide,Allopurinol,HT29,0
Teniposide,Allopurinol,IGROV1,0
Teniposide,Allopurinol,LOX IMVI,0
Teniposide,Allopurinol,MCF7,0
Teniposide,Allopurinol,NCI-H460,0
Teniposide,Allopurinol,PC-3,0
Teniposide,Allopurinol,RPMI-8226,0
Teniposide,Allopurinol,SK-MEL-2,0
Teniposide,Allopurinol,T-47D,0
Teniposide,Allopurinol,UO-31,0
Dactinomycin,Nilotinib,HS 578T,1
Dactinomycin,Nilotinib,HT29,1
Dactinomycin,Nilotinib,IGROV1,1
Dactinomycin,Nilotinib,LOX IMVI,1
Dactinomycin,Nilotinib,MCF7,1
Dactinomycin,Nilotinib,NCI-H460,1
Dactinomycin,Nilotinib,PC-3,1
Dactinomycin,Nilotinib,RPMI-8226,1
Dactinomycin,Nilotinib,T-47D,1
Dactinomycin,Nilotinib,UO-31,0
Dactinomycin,2-fluoroAraA (fludarabine),HS 578T,0
Dactinomycin,2-fluoroAraA (fludarabine),HT29,0
Dactinomycin,2-fluoroAraA (fludarabine),IGROV1,0
Dactinomycin,2-fluoroAraA (fludarabine),LOX IMVI,0
Dactinomycin,2-fluoroAraA (fludarabine),MCF7,0
Dactinomycin,2-fluoroAraA (fludarabine),NCI-H460,0
Dactinomycin,2-fluoroAraA (fludarabine),PC-3,0
Dactinomycin,2-fluoroAraA (fludarabine),T-47D,0
Dactinomycin,2-fluoroAraA (fludarabine),UO-31,0
Dactinomycin,Mercaptopurine,HS 578T,0
Dactinomycin,Mercaptopurine,HT29,0
Dactinomycin,Mercaptopurine,IGROV1,0
Dactinomycin,Mercaptopurine,MCF7,0
Dactinomycin,Mercaptopurine,NCI-H460,0
Dactinomycin,Mercaptopurine,PC-3,0
Dactinomycin,Mercaptopurine,RPMI-8226,0
Dactinomycin,Mercaptopurine,UO-31,0
Dactinomycin,Dasatinib,HS 578T,0
Dactinomycin,Dasatinib,HT29,0
Dactinomycin,Dasatinib,IGROV1,0
Dactinomycin,Dasatinib,LOX IMVI,0
Dactinomycin,Dasatinib,MCF7,0
Dactinomycin,Dasatinib,NCI-H460,0
Dactinomycin,Dasatinib,PC-3,0
Dactinomycin,Dasatinib,RPMI-8226,0
Dactinomycin,Dasatinib,T-47D,0
Dactinomycin,Dasatinib,UO-31,0
Dactinomycin,Sirolimus (rapamycin),HS 578T,1
Dactinomycin,Sirolimus (rapamycin),HT29,0
Dactinomycin,Sirolimus (rapamycin),IGROV1,0
Dactinomycin,Sirolimus (rapamycin),LOX IMVI,1
Dactinomycin,Sirolimus (rapamycin),MCF7,0
Dactinomycin,Sirolimus (rapamycin),NCI-H460,0
Dactinomycin,Sirolimus (rapamycin),PC-3,0
Dactinomycin,Sirolimus (rapamycin),RPMI-8226,1
Dactinomycin,Sirolimus (rapamycin),T-47D,0
Dactinomycin,Sirolimus (rapamycin),UO-31,0
Dactinomycin,Sunitinib,HS 578T,1
Dactinomycin,Sunitinib,HT29,0
Dactinomycin,Sunitinib,IGROV1,0
Dactinomycin,Sunitinib,LOX IMVI,1
Dactinomycin,Sunitinib,MCF7,1
Dactinomycin,Sunitinib,NCI-H460,0
Dactinomycin,Sunitinib,PC-3,0
Dactinomycin,Sunitinib,RPMI-8226,1
Dactinomycin,Sunitinib,T-47D,0
Dactinomycin,Sunitinib,UO-31,0
Dactinomycin,Axitinib,HS 578T,1
Dactinomycin,Axitinib,HT29,1
Dactinomycin,Axitinib,IGROV1,1
Dactinomycin,Axitinib,LOX IMVI,1
Dactinomycin,Axitinib,MCF7,1
Dactinomycin,Axitinib,NCI-H460,1
Dactinomycin,Axitinib,PC-3,1
Dactinomycin,Axitinib,RPMI-8226,1
Dactinomycin,Axitinib,SK-MEL-2,1
Dactinomycin,Axitinib,T-47D,1
Dactinomycin,Axitinib,UO-31,1
Dactinomycin,Crizotinib,HS 578T,1
Dactinomycin,Crizotinib,HT29,1
Dactinomycin,Crizotinib,IGROV1,1
Dactinomycin,Crizotinib,LOX IMVI,1
Dactinomycin,Crizotinib,MCF7,1
Dactinomycin,Crizotinib,NCI-H460,1
Dactinomycin,Crizotinib,PC-3,1
Dactinomycin,Crizotinib,RPMI-8226,1
Dactinomycin,Crizotinib,SK-MEL-2,0
Dactinomycin,Crizotinib,T-47D,1
Dactinomycin,Crizotinib,UO-31,1
Dactinomycin,Ruxolitinib,HS 578T,0
Dactinomycin,Ruxolitinib,HT29,1
Dactinomycin,Ruxolitinib,IGROV1,1
Dactinomycin,Ruxolitinib,LOX IMVI,1
Dactinomycin,Ruxolitinib,MCF7,1
Dactinomycin,Ruxolitinib,NCI-H460,1
Dactinomycin,Ruxolitinib,PC-3,1
Dactinomycin,Ruxolitinib,RPMI-8226,1
Dactinomycin,Ruxolitinib,SK-MEL-2,1
Dactinomycin,Ruxolitinib,T-47D,0
Dactinomycin,Ruxolitinib,UO-31,0
Dactinomycin,Vemurafenib,HS 578T,1
Dactinomycin,Vemurafenib,HT29,1
Dactinomycin,Vemurafenib,IGROV1,1
Dactinomycin,Vemurafenib,LOX IMVI,1
Dactinomycin,Vemurafenib,MCF7,1
Dactinomycin,Vemurafenib,NCI-H460,1
Dactinomycin,Vemurafenib,PC-3,1
Dactinomycin,Vemurafenib,RPMI-8226,0
Dactinomycin,Vemurafenib,SK-MEL-2,1
Dactinomycin,Vemurafenib,T-47D,1
Dactinomycin,Vemurafenib,UO-31,1
Dactinomycin,Everolimus,HS 578T,0
Dactinomycin,Everolimus,HT29,1
Dactinomycin,Everolimus,IGROV1,0
Dactinomycin,Everolimus,LOX IMVI,1
Dactinomycin,Everolimus,MCF7,1
Dactinomycin,Everolimus,NCI-H460,0
Dactinomycin,Everolimus,PC-3,0
Dactinomycin,Everolimus,RPMI-8226,1
Dactinomycin,Everolimus,T-47D,0
Dactinomycin,Everolimus,UO-31,0
Dactinomycin,Dacarbazine,HS 578T,1
Dactinomycin,Dacarbazine,HT29,0
Dactinomycin,Dacarbazine,IGROV1,1
Dactinomycin,Dacarbazine,LOX IMVI,1
Dactinomycin,Dacarbazine,MCF7,0
Dactinomycin,Dacarbazine,NCI-H460,1
Dactinomycin,Dacarbazine,PC-3,0
Dactinomycin,Dacarbazine,RPMI-8226,1
Dactinomycin,Dacarbazine,SK-MEL-2,1
Dactinomycin,Dacarbazine,T-47D,1
Dactinomycin,Dacarbazine,UO-31,1
Dactinomycin,Allopurinol,HS 578T,0
Dactinomycin,Allopurinol,HT29,0
Dactinomycin,Allopurinol,IGROV1,0
Dactinomycin,Allopurinol,LOX IMVI,0
Dactinomycin,Allopurinol,MCF7,0
Dactinomycin,Allopurinol,NCI-H460,0
Dactinomycin,Allopurinol,PC-3,0
Dactinomycin,Allopurinol,RPMI-8226,0
Dactinomycin,Allopurinol,T-47D,0
Dactinomycin,Allopurinol,UO-31,0
Nilotinib,2-fluoroAraA (fludarabine),HS 578T,0
Nilotinib,2-fluoroAraA (fludarabine),HT29,1
Nilotinib,2-fluoroAraA (fludarabine),IGROV1,0
Nilotinib,2-fluoroAraA (fludarabine),LOX IMVI,0
Nilotinib,2-fluoroAraA (fludarabine),MCF7,0
Nilotinib,2-fluoroAraA (fludarabine),NCI-H460,0
Nilotinib,2-fluoroAraA (fludarabine),PC-3,0
Nilotinib,2-fluoroAraA (fludarabine),RPMI-8226,1
Nilotinib,2-fluoroAraA (fludarabine),T-47D,0
Nilotinib,2-fluoroAraA (fludarabine),UO-31,0
Nilotinib,Mercaptopurine,HS 578T,0
Nilotinib,Mercaptopurine,HT29,0
Nilotinib,Mercaptopurine,IGROV1,0
Nilotinib,Mercaptopurine,LOX IMVI,1
Nilotinib,Mercaptopurine,MCF7,0
Nilotinib,Mercaptopurine,NCI-H460,0
Nilotinib,Mercaptopurine,PC-3,1
Nilotinib,Mercaptopurine,RPMI-8226,0
Nilotinib,Mercaptopurine,T-47D,1
Nilotinib,Mercaptopurine,UO-31,1
Nilotinib,Dasatinib,HS 578T,0
Nilotinib,Dasatinib,HT29,0
Nilotinib,Dasatinib,IGROV1,0
Nilotinib,Dasatinib,LOX IMVI,0
Nilotinib,Dasatinib,MCF7,0
Nilotinib,Dasatinib,NCI-H460,0
Nilotinib,Dasatinib,PC-3,0
Nilotinib,Dasatinib,RPMI-8226,0
Nilotinib,Dasatinib,T-47D,0
Nilotinib,Dasatinib,UO-31,0
Nilotinib,Sirolimus (rapamycin),HS 578T,0
Nilotinib,Sirolimus (rapamycin),HT29,0
Nilotinib,Sirolimus (rapamycin),IGROV1,0
Nilotinib,Sirolimus (rapamycin),LOX IMVI,1
Nilotinib,Sirolimus (rapamycin),MCF7,0
Nilotinib,Sirolimus (rapamycin),NCI-H460,0
Nilotinib,Sirolimus (rapamycin),PC-3,0
Nilotinib,Sirolimus (rapamycin),RPMI-8226,1
Nilotinib,Sirolimus (rapamycin),T-47D,0
Nilotinib,Sirolimus (rapamycin),UO-31,0
Nilotinib,Sunitinib,HS 578T,0
Nilotinib,Sunitinib,HT29,0
Nilotinib,Sunitinib,IGROV1,0
Nilotinib,Sunitinib,LOX IMVI,0
Nilotinib,Sunitinib,MCF7,0
Nilotinib,Sunitinib,NCI-H460,0
Nilotinib,Sunitinib,PC-3,0
Nilotinib,Sunitinib,RPMI-8226,0
Nilotinib,Sunitinib,T-47D,0
Nilotinib,Sunitinib,UO-31,0
Nilotinib,Axitinib,HS 578T,0
Nilotinib,Axitinib,HT29,0
Nilotinib,Axitinib,IGROV1,0
Nilotinib,Axitinib,LOX IMVI,1
Nilotinib,Axitinib,MCF7,0
Nilotinib,Axitinib,NCI-H460,1
Nilotinib,Axitinib,PC-3,1
Nilotinib,Axitinib,RPMI-8226,1
Nilotinib,Axitinib,SK-MEL-2,0
Nilotinib,Axitinib,T-47D,1
Nilotinib,Axitinib,UO-31,0
Nilotinib,Crizotinib,HS 578T,1
Nilotinib,Crizotinib,HT29,0
Nilotinib,Crizotinib,IGROV1,1
Nilotinib,Crizotinib,LOX IMVI,1
Nilotinib,Crizotinib,MCF7,0
Nilotinib,Crizotinib,NCI-H460,1
Nilotinib,Crizotinib,PC-3,1
Nilotinib,Crizotinib,RPMI-8226,0
Nilotinib,Crizotinib,SK-MEL-2,0
Nilotinib,Crizotinib,T-47D,1
Nilotinib,Crizotinib,UO-31,1
Nilotinib,Ruxolitinib,HS 578T,1
Nilotinib,Ruxolitinib,HT29,0
Nilotinib,Ruxolitinib,IGROV1,1
Nilotinib,Ruxolitinib,LOX IMVI,0
Nilotinib,Ruxolitinib,MCF7,1
Nilotinib,Ruxolitinib,NCI-H460,1
Nilotinib,Ruxolitinib,PC-3,1
Nilotinib,Ruxolitinib,SK-MEL-2,1
Nilotinib,Ruxolitinib,T-47D,1
Nilotinib,Ruxolitinib,UO-31,0
Nilotinib,Vemurafenib,HS 578T,0
Nilotinib,Vemurafenib,HT29,0
Nilotinib,Vemurafenib,IGROV1,0
Nilotinib,Vemurafenib,LOX IMVI,0
Nilotinib,Vemurafenib,MCF7,1
Nilotinib,Vemurafenib,NCI-H460,1
Nilotinib,Vemurafenib,PC-3,1
Nilotinib,Vemurafenib,RPMI-8226,1
Nilotinib,Vemurafenib,SK-MEL-2,1
Nilotinib,Vemurafenib,T-47D,1
Nilotinib,Vemurafenib,UO-31,1
Nilotinib,Everolimus,HS 578T,0
Nilotinib,Everolimus,HT29,0
Nilotinib,Everolimus,IGROV1,0
Nilotinib,Everolimus,LOX IMVI,0
Nilotinib,Everolimus,MCF7,0
Nilotinib,Everolimus,NCI-H460,0
Nilotinib,Everolimus,PC-3,0
Nilotinib,Everolimus,RPMI-8226,0
Nilotinib,Everolimus,T-47D,0
Nilotinib,Everolimus,UO-31,0
Nilotinib,Dacarbazine,HS 578T,0
Nilotinib,Dacarbazine,HT29,0
Nilotinib,Dacarbazine,IGROV1,0
Nilotinib,Dacarbazine,LOX IMVI,0
Nilotinib,Dacarbazine,MCF7,0
Nilotinib,Dacarbazine,NCI-H460,0
Nilotinib,Dacarbazine,PC-3,0
Nilotinib,Dacarbazine,RPMI-8226,1
Nilotinib,Dacarbazine,T-47D,1
Nilotinib,Dacarbazine,UO-31,0
Nilotinib,Allopurinol,HS 578T,0
Nilotinib,Allopurinol,HT29,0
Nilotinib,Allopurinol,IGROV1,1
Nilotinib,Allopurinol,LOX IMVI,1
Nilotinib,Allopurinol,MCF7,1
Nilotinib,Allopurinol,NCI-H460,0
Nilotinib,Allopurinol,PC-3,0
Nilotinib,Allopurinol,RPMI-8226,1
Nilotinib,Allopurinol,SK-MEL-2,1
Nilotinib,Allopurinol,T-47D,1
Nilotinib,Allopurinol,UO-31,0
2-fluoroAraA (fludarabine),Mercaptopurine,HS 578T,0
2-fluoroAraA (fludarabine),Mercaptopurine,HT29,0
2-fluoroAraA (fludarabine),Mercaptopurine,IGROV1,0
2-fluoroAraA (fludarabine),Mercaptopurine,LOX IMVI,0
2-fluoroAraA (fludarabine),Mercaptopurine,MCF7,0
2-fluoroAraA (fludarabine),Mercaptopurine,NCI-H460,0
2-fluoroAraA (fludarabine),Mercaptopurine,PC-3,0
2-fluoroAraA (fludarabine),Mercaptopurine,RPMI-8226,0
2-fluoroAraA (fludarabine),Mercaptopurine,SK-MEL-2,1
2-fluoroAraA (fludarabine),Mercaptopurine,T-47D,0
2-fluoroAraA (fludarabine),Mercaptopurine,UO-31,0
2-fluoroAraA (fludarabine),Dasatinib,HS 578T,0
2-fluoroAraA (fludarabine),Dasatinib,HT29,0
2-fluoroAraA (fludarabine),Dasatinib,IGROV1,0
2-fluoroAraA (fludarabine),Dasatinib,LOX IMVI,0
2-fluoroAraA (fludarabine),Dasatinib,MCF7,0
2-fluoroAraA (fludarabine),Dasatinib,NCI-H460,0
2-fluoroAraA (fludarabine),Dasatinib,PC-3,0
2-fluoroAraA (fludarabine),Dasatinib,RPMI-8226,0
2-fluoroAraA (fludarabine),Dasatinib,T-47D,0
2-fluoroAraA (fludarabine),Dasatinib,UO-31,0
2-fluoroAraA (fludarabine),Sirolimus (rapamycin),HS 578T,0
2-fluoroAraA (fludarabine),Sirolimus (rapamycin),HT29,0
2-fluoroAraA (fludarabine),Sirolimus (rapamycin),IGROV1,0
2-fluoroAraA (fludarabine),Sirolimus (rapamycin),LOX IMVI,1
2-fluoroAraA (fludarabine),Sirolimus (rapamycin),MCF7,0
2-fluoroAraA (fludarabine),Sirolimus (rapamycin),NCI-H460,0
2-fluoroAraA (fludarabine),Sirolimus (rapamycin),PC-3,0
2-fluoroAraA (fludarabine),Sirolimus (rapamycin),RPMI-8226,1
2-fluoroAraA (fludarabine),Sirolimus (rapamycin),T-47D,0
2-fluoroAraA (fludarabine),Sirolimus (rapamycin),UO-31,0
2-fluoroAraA (fludarabine),Sunitinib,HS 578T,1
2-fluoroAraA (fludarabine),Sunitinib,HT29,0
2-fluoroAraA (fludarabine),Sunitinib,LOX IMVI,0
2-fluoroAraA (fludarabine),Sunitinib,MCF7,0
2-fluoroAraA (fludarabine),Sunitinib,NCI-H460,0
2-fluoroAraA (fludarabine),Sunitinib,PC-3,0
2-fluoroAraA (fludarabine),Sunitinib,RPMI-8226,0
2-fluoroAraA (fludarabine),Sunitinib,T-47D,0
2-fluoroAraA (fludarabine),Sunitinib,UO-31,0
2-fluoroAraA (fludarabine),Axitinib,HS 578T,0
2-fluoroAraA (fludarabine),Axitinib,HT29,0
2-fluoroAraA (fludarabine),Axitinib,IGROV1,0
2-fluoroAraA (fludarabine),Axitinib,LOX IMVI,1
2-fluoroAraA (fludarabine),Axitinib,MCF7,0
2-fluoroAraA (fludarabine),Axitinib,NCI-H460,0
2-fluoroAraA (fludarabine),Axitinib,PC-3,1
2-fluoroAraA (fludarabine),Axitinib,RPMI-8226,0
2-fluoroAraA (fludarabine),Axitinib,SK-MEL-2,0
2-fluoroAraA (fludarabine),Axitinib,T-47D,0
2-fluoroAraA (fludarabine),Axitinib,UO-31,0
2-fluoroAraA (fludarabine),Crizotinib,HS 578T,0
2-fluoroAraA (fludarabine),Crizotinib,HT29,0
2-fluoroAraA (fludarabine),Crizotinib,IGROV1,0
2-fluoroAraA (fludarabine),Crizotinib,LOX IMVI,0
2-fluoroAraA (fludarabine),Crizotinib,MCF7,0
2-fluoroAraA (fludarabine),Crizotinib,NCI-H460,1
2-fluoroAraA (fludarabine),Crizotinib,PC-3,0
2-fluoroAraA (fludarabine),Crizotinib,RPMI-8226,0
2-fluoroAraA (fludarabine),Crizotinib,SK-MEL-2,0
2-fluoroAraA (fludarabine),Crizotinib,T-47D,0
2-fluoroAraA (fludarabine),Crizotinib,UO-31,1
2-fluoroAraA (fludarabine),Ruxolitinib,HS 578T,1
2-fluoroAraA (fludarabine),Ruxolitinib,HT29,1
2-fluoroAraA (fludarabine),Ruxolitinib,IGROV1,0
2-fluoroAraA (fludarabine),Ruxolitinib,LOX IMVI,1
2-fluoroAraA (fludarabine),Ruxolitinib,MCF7,0
2-fluoroAraA (fludarabine),Ruxolitinib,NCI-H460,1
2-fluoroAraA (fludarabine),Ruxolitinib,PC-3,0
2-fluoroAraA (fludarabine),Ruxolitinib,RPMI-8226,0
2-fluoroAraA (fludarabine),Ruxolitinib,SK-MEL-2,0
2-fluoroAraA (fludarabine),Ruxolitinib,T-47D,0
2-fluoroAraA (fludarabine),Ruxolitinib,UO-31,0
2-fluoroAraA (fludarabine),Vemurafenib,HS 578T,0
2-fluoroAraA (fludarabine),Vemurafenib,HT29,0
2-fluoroAraA (fludarabine),Vemurafenib,IGROV1,0
2-fluoroAraA (fludarabine),Vemurafenib,LOX IMVI,0
2-fluoroAraA (fludarabine),Vemurafenib,MCF7,0
2-fluoroAraA (fludarabine),Vemurafenib,NCI-H460,0
2-fluoroAraA (fludarabine),Vemurafenib,PC-3,0
2-fluoroAraA (fludarabine),Vemurafenib,RPMI-8226,0
2-fluoroAraA (fludarabine),Vemurafenib,SK-MEL-2,0
2-fluoroAraA (fludarabine),Vemurafenib,T-47D,0
2-fluoroAraA (fludarabine),Vemurafenib,UO-31,1
2-fluoroAraA (fludarabine),Everolimus,HS 578T,0
2-fluoroAraA (fludarabine),Everolimus,HT29,0
2-fluoroAraA (fludarabine),Everolimus,IGROV1,0
2-fluoroAraA (fludarabine),Everolimus,LOX IMVI,0
2-fluoroAraA (fludarabine),Everolimus,MCF7,0
2-fluoroAraA (fludarabine),Everolimus,NCI-H460,0
2-fluoroAraA (fludarabine),Everolimus,PC-3,1
2-fluoroAraA (fludarabine),Everolimus,RPMI-8226,0
2-fluoroAraA (fludarabine),Everolimus,T-47D,0
2-fluoroAraA (fludarabine),Everolimus,UO-31,0
2-fluoroAraA (fludarabine),Dacarbazine,HS 578T,1
2-fluoroAraA (fludarabine),Dacarbazine,HT29,0
2-fluoroAraA (fludarabine),Dacarbazine,IGROV1,0
2-fluoroAraA (fludarabine),Dacarbazine,LOX IMVI,0
2-fluoroAraA (fludarabine),Dacarbazine,MCF7,0
2-fluoroAraA (fludarabine),Dacarbazine,NCI-H460,0
2-fluoroAraA (fludarabine),Dacarbazine,PC-3,0
2-fluoroAraA (fludarabine),Dacarbazine,RPMI-8226,0
2-fluoroAraA (fludarabine),Dacarbazine,SK-MEL-2,0
2-fluoroAraA (fludarabine),Dacarbazine,T-47D,0
2-fluoroAraA (fludarabine),Dacarbazine,UO-31,1
2-fluoroAraA (fludarabine),Allopurinol,HS 578T,0
2-fluoroAraA (fludarabine),Allopurinol,HT29,0
2-fluoroAraA (fludarabine),Allopurinol,IGROV1,0
2-fluoroAraA (fludarabine),Allopurinol,LOX IMVI,0
2-fluoroAraA (fludarabine),Allopurinol,MCF7,0
2-fluoroAraA (fludarabine),Allopurinol,NCI-H460,0
2-fluoroAraA (fludarabine),Allopurinol,PC-3,0
2-fluoroAraA (fludarabine),Allopurinol,RPMI-8226,0
2-fluoroAraA (fludarabine),Allopurinol,T-47D,0
2-fluoroAraA (fludarabine),Allopurinol,UO-31,0
Mercaptopurine,Dasatinib,HS 578T,0
Mercaptopurine,Dasatinib,HT29,0
Mercaptopurine,Dasatinib,IGROV1,0
Mercaptopurine,Dasatinib,LOX IMVI,0
Mercaptopurine,Dasatinib,MCF7,0
Mercaptopurine,Dasatinib,NCI-H460,0
Mercaptopurine,Dasatinib,PC-3,0
Mercaptopurine,Dasatinib,RPMI-8226,0
Mercaptopurine,Dasatinib,T-47D,0
Mercaptopurine,Dasatinib,UO-31,0
Mercaptopurine,Sirolimus (rapamycin),HS 578T,1
Mercaptopurine,Sirolimus (rapamycin),HT29,0
Mercaptopurine,Sirolimus (rapamycin),IGROV1,0
Mercaptopurine,Sirolimus (rapamycin),LOX IMVI,1
Mercaptopurine,Sirolimus (rapamycin),MCF7,0
Mercaptopurine,Sirolimus (rapamycin),NCI-H460,1
Mercaptopurine,Sirolimus (rapamycin),PC-3,1
Mercaptopurine,Sirolimus (rapamycin),RPMI-8226,0
Mercaptopurine,Sirolimus (rapamycin),T-47D,0
Mercaptopurine,Sirolimus (rapamycin),UO-31,0
Mercaptopurine,Sunitinib,HS 578T,0
Mercaptopurine,Sunitinib,HT29,0
Mercaptopurine,Sunitinib,IGROV1,0
Mercaptopurine,Sunitinib,LOX IMVI,0
Mercaptopurine,Sunitinib,MCF7,0
Mercaptopurine,Sunitinib,NCI-H460,0
Mercaptopurine,Sunitinib,PC-3,0
Mercaptopurine,Sunitinib,RPMI-8226,1
Mercaptopurine,Sunitinib,SK-MEL-2,1
Mercaptopurine,Sunitinib,T-47D,0
Mercaptopurine,Axitinib,HS 578T,0
Mercaptopurine,Axitinib,HT29,0
Mercaptopurine,Axitinib,IGROV1,0
Mercaptopurine,Axitinib,LOX IMVI,0
Mercaptopurine,Axitinib,MCF7,0
Mercaptopurine,Axitinib,NCI-H460,0
Mercaptopurine,Axitinib,PC-3,0
Mercaptopurine,Axitinib,RPMI-8226,0
Mercaptopurine,Axitinib,SK-MEL-2,0
Mercaptopurine,Axitinib,T-47D,0
Mercaptopurine,Axitinib,UO-31,0
Mercaptopurine,Crizotinib,HS 578T,0
Mercaptopurine,Crizotinib,HT29,0
Mercaptopurine,Crizotinib,IGROV1,0
Mercaptopurine,Crizotinib,LOX IMVI,0
Mercaptopurine,Crizotinib,MCF7,0
Mercaptopurine,Crizotinib,NCI-H460,0
Mercaptopurine,Crizotinib,PC-3,0
Mercaptopurine,Crizotinib,RPMI-8226,0
Mercaptopurine,Crizotinib,SK-MEL-2,0
Mercaptopurine,Crizotinib,T-47D,0
Mercaptopurine,Crizotinib,UO-31,1
Mercaptopurine,Ruxolitinib,HS 578T,0
Mercaptopurine,Ruxolitinib,HT29,0
Mercaptopurine,Ruxolitinib,IGROV1,0
Mercaptopurine,Ruxolitinib,LOX IMVI,0
Mercaptopurine,Ruxolitinib,MCF7,0
Mercaptopurine,Ruxolitinib,NCI-H460,0
Mercaptopurine,Ruxolitinib,PC-3,0
Mercaptopurine,Ruxolitinib,RPMI-8226,0
Mercaptopurine,Ruxolitinib,SK-MEL-2,0
Mercaptopurine,Ruxolitinib,T-47D,0
Mercaptopurine,Ruxolitinib,UO-31,1
Mercaptopurine,Vemurafenib,HS 578T,0
Mercaptopurine,Vemurafenib,HT29,0
Mercaptopurine,Vemurafenib,IGROV1,0
Mercaptopurine,Vemurafenib,LOX IMVI,0
Mercaptopurine,Vemurafenib,MCF7,0
Mercaptopurine,Vemurafenib,NCI-H460,0
Mercaptopurine,Vemurafenib,PC-3,0
Mercaptopurine,Vemurafenib,RPMI-8226,0
Mercaptopurine,Vemurafenib,SK-MEL-2,0
Mercaptopurine,Vemurafenib,T-47D,0
Mercaptopurine,Vemurafenib,UO-31,1
Mercaptopurine,Everolimus,HS 578T,0
Mercaptopurine,Everolimus,HT29,0
Mercaptopurine,Everolimus,IGROV1,1
Mercaptopurine,Everolimus,LOX IMVI,0
Mercaptopurine,Everolimus,MCF7,0
Mercaptopurine,Everolimus,NCI-H460,0
Mercaptopurine,Everolimus,PC-3,1
Mercaptopurine,Everolimus,RPMI-8226,0
Mercaptopurine,Everolimus,SK-MEL-2,0
Mercaptopurine,Everolimus,T-47D,1
Mercaptopurine,Everolimus,UO-31,0
Mercaptopurine,Dacarbazine,HS 578T,0
Mercaptopurine,Dacarbazine,HT29,0
Mercaptopurine,Dacarbazine,IGROV1,0
Mercaptopurine,Dacarbazine,LOX IMVI,0
Mercaptopurine,Dacarbazine,MCF7,0
Mercaptopurine,Dacarbazine,NCI-H460,0
Mercaptopurine,Dacarbazine,PC-3,0
Mercaptopurine,Dacarbazine,RPMI-8226,0
Mercaptopurine,Dacarbazine,SK-MEL-2,0
Mercaptopurine,Dacarbazine,T-47D,0
Mercaptopurine,Dacarbazine,UO-31,1
Mercaptopurine,Allopurinol,HS 578T,0
Mercaptopurine,Allopurinol,HT29,0
Mercaptopurine,Allopurinol,IGROV1,0
Mercaptopurine,Allopurinol,LOX IMVI,0
Mercaptopurine,Allopurinol,MCF7,0
Mercaptopurine,Allopurinol,NCI-H460,0
Mercaptopurine,Allopurinol,PC-3,0
Mercaptopurine,Allopurinol,RPMI-8226,0
Mercaptopurine,Allopurinol,T-47D,0
Mercaptopurine,Allopurinol,UO-31,0
Dasatinib,Sirolimus (rapamycin),HT29,1
Dasatinib,Sirolimus (rapamycin),IGROV1,1
Dasatinib,Sirolimus (rapamycin),LOX IMVI,0
Dasatinib,Sirolimus (rapamycin),MCF7,1
Dasatinib,Sirolimus (rapamycin),NCI-H460,0
Dasatinib,Sirolimus (rapamycin),PC-3,1
Dasatinib,Sirolimus (rapamycin),RPMI-8226,0
Dasatinib,Sirolimus (rapamycin),T-47D,0
Dasatinib,Sirolimus (rapamycin),UO-31,1
Dasatinib,Sunitinib,HS 578T,1
Dasatinib,Sunitinib,HT29,1
Dasatinib,Sunitinib,IGROV1,1
Dasatinib,Sunitinib,LOX IMVI,1
Dasatinib,Sunitinib,MCF7,0
Dasatinib,Sunitinib,NCI-H460,0
Dasatinib,Sunitinib,PC-3,1
Dasatinib,Sunitinib,RPMI-8226,1
Dasatinib,Sunitinib,T-47D,0
Dasatinib,Sunitinib,UO-31,1
Dasatinib,Axitinib,HS 578T,0
Dasatinib,Axitinib,HT29,0
Dasatinib,Axitinib,IGROV1,0
Dasatinib,Axitinib,LOX IMVI,1
Dasatinib,Axitinib,MCF7,1
Dasatinib,Axitinib,NCI-H460,1
Dasatinib,Axitinib,PC-3,0
Dasatinib,Axitinib,RPMI-8226,0
Dasatinib,Axitinib,SK-MEL-2,0
Dasatinib,Axitinib,T-47D,1
Dasatinib,Axitinib,UO-31,0
Dasatinib,Crizotinib,HS 578T,0
Dasatinib,Crizotinib,HT29,1
Dasatinib,Crizotinib,IGROV1,1
Dasatinib,Crizotinib,LOX IMVI,1
Dasatinib,Crizotinib,MCF7,0
Dasatinib,Crizotinib,NCI-H460,1
Dasatinib,Crizotinib,PC-3,1
Dasatinib,Crizotinib,RPMI-8226,0
Dasatinib,Crizotinib,SK-MEL-2,0
Dasatinib,Crizotinib,T-47D,1
Dasatinib,Crizotinib,UO-31,1
Dasatinib,Ruxolitinib,HS 578T,0
Dasatinib,Ruxolitinib,HT29,0
Dasatinib,Ruxolitinib,IGROV1,0
Dasatinib,Ruxolitinib,LOX IMVI,1
Dasatinib,Ruxolitinib,MCF7,1
Dasatinib,Ruxolitinib,NCI-H460,1
Dasatinib,Ruxolitinib,PC-3,0
Dasatinib,Ruxolitinib,RPMI-8226,0
Dasatinib,Ruxolitinib,SK-MEL-2,0
Dasatinib,Ruxolitinib,T-47D,1
Dasatinib,Ruxolitinib,UO-31,1
Dasatinib,Vemurafenib,HS 578T,0
Dasatinib,Vemurafenib,HT29,1
Dasatinib,Vemurafenib,IGROV1,0
Dasatinib,Vemurafenib,LOX IMVI,1
Dasatinib,Vemurafenib,MCF7,0
Dasatinib,Vemurafenib,NCI-H460,1
Dasatinib,Vemurafenib,PC-3,0
Dasatinib,Vemurafenib,RPMI-8226,0
Dasatinib,Vemurafenib,SK-MEL-2,0
Dasatinib,Vemurafenib,T-47D,1
Dasatinib,Vemurafenib,UO-31,0
Dasatinib,Everolimus,HS 578T,0
Dasatinib,Everolimus,HT29,1
Dasatinib,Everolimus,IGROV1,0
Dasatinib,Everolimus,LOX IMVI,0
Dasatinib,Everolimus,MCF7,0
Dasatinib,Everolimus,NCI-H460,0
Dasatinib,Everolimus,PC-3,0
Dasatinib,Everolimus,RPMI-8226,1
Dasatinib,Everolimus,T-47D,0
Dasatinib,Everolimus,UO-31,1
Dasatinib,Dacarbazine,HS 578T,0
Dasatinib,Dacarbazine,HT29,0
Dasatinib,Dacarbazine,IGROV1,1
Dasatinib,Dacarbazine,LOX IMVI,0
Dasatinib,Dacarbazine,MCF7,0
Dasatinib,Dacarbazine,NCI-H460,0
Dasatinib,Dacarbazine,PC-3,0
Dasatinib,Dacarbazine,RPMI-8226,1
Dasatinib,Dacarbazine,T-47D,0
Dasatinib,Dacarbazine,UO-31,0
Dasatinib,Allopurinol,HS 578T,0
Dasatinib,Allopurinol,HT29,0
Dasatinib,Allopurinol,IGROV1,0
Dasatinib,Allopurinol,LOX IMVI,0
Dasatinib,Allopurinol,MCF7,0
Dasatinib,Allopurinol,NCI-H460,0
Dasatinib,Allopurinol,PC-3,0
Dasatinib,Allopurinol,RPMI-8226,1
Dasatinib,Allopurinol,SK-MEL-2,1
Dasatinib,Allopurinol,T-47D,0
Dasatinib,Allopurinol,UO-31,0
Sirolimus (rapamycin),Sunitinib,HS 578T,1
Sirolimus (rapamycin),Sunitinib,HT29,1
Sirolimus (rapamycin),Sunitinib,IGROV1,0
Sirolimus (rapamycin),Sunitinib,LOX IMVI,1
Sirolimus (rapamycin),Sunitinib,MCF7,0
Sirolimus (rapamycin),Sunitinib,NCI-H460,0
Sirolimus (rapamycin),Sunitinib,PC-3,1
Sirolimus (rapamycin),Sunitinib,RPMI-8226,1
Sirolimus (rapamycin),Sunitinib,T-47D,0
Sirolimus (rapamycin),Sunitinib,UO-31,0
Sirolimus (rapamycin),Axitinib,HS 578T,1
Sirolimus (rapamycin),Axitinib,HT29,0
Sirolimus (rapamycin),Axitinib,IGROV1,0
Sirolimus (rapamycin),Axitinib,LOX IMVI,1
Sirolimus (rapamycin),Axitinib,MCF7,0
Sirolimus (rapamycin),Axitinib,NCI-H460,0
Sirolimus (rapamycin),Axitinib,PC-3,0
Sirolimus (rapamycin),Axitinib,RPMI-8226,0
Sirolimus (rapamycin),Axitinib,SK-MEL-2,0
Sirolimus (rapamycin),Axitinib,T-47D,0
Sirolimus (rapamycin),Axitinib,UO-31,0
Sirolimus (rapamycin),Crizotinib,HS 578T,0
Sirolimus (rapamycin),Crizotinib,HT29,0
Sirolimus (rapamycin),Crizotinib,IGROV1,0
Sirolimus (rapamycin),Crizotinib,LOX IMVI,1
Sirolimus (rapamycin),Crizotinib,MCF7,0
Sirolimus (rapamycin),Crizotinib,NCI-H460,0
Sirolimus (rapamycin),Crizotinib,PC-3,0
Sirolimus (rapamycin),Crizotinib,RPMI-8226,0
Sirolimus (rapamycin),Crizotinib,SK-MEL-2,0
Sirolimus (rapamycin),Crizotinib,T-47D,0
Sirolimus (rapamycin),Crizotinib,UO-31,0
Sirolimus (rapamycin),Ruxolitinib,HS 578T,1
Sirolimus (rapamycin),Ruxolitinib,HT29,0
Sirolimus (rapamycin),Ruxolitinib,IGROV1,0
Sirolimus (rapamycin),Ruxolitinib,LOX IMVI,1
Sirolimus (rapamycin),Ruxolitinib,MCF7,0
Sirolimus (rapamycin),Ruxolitinib,NCI-H460,0
Sirolimus (rapamycin),Ruxolitinib,PC-3,0
Sirolimus (rapamycin),Ruxolitinib,RPMI-8226,0
Sirolimus (rapamycin),Ruxolitinib,SK-MEL-2,0
Sirolimus (rapamycin),Ruxolitinib,T-47D,0
Sirolimus (rapamycin),Ruxolitinib,UO-31,1
Sirolimus (rapamycin),Vemurafenib,HS 578T,1
Sirolimus (rapamycin),Vemurafenib,HT29,1
Sirolimus (rapamycin),Vemurafenib,IGROV1,0
Sirolimus (rapamycin),Vemurafenib,LOX IMVI,1
Sirolimus (rapamycin),Vemurafenib,MCF7,0
Sirolimus (rapamycin),Vemurafenib,NCI-H460,0
Sirolimus (rapamycin),Vemurafenib,PC-3,0
Sirolimus (rapamycin),Vemurafenib,RPMI-8226,0
Sirolimus (rapamycin),Vemurafenib,SK-MEL-2,0
Sirolimus (rapamycin),Vemurafenib,T-47D,1
Sirolimus (rapamycin),Vemurafenib,UO-31,1
Sirolimus (rapamycin),Everolimus,HS 578T,0
Sirolimus (rapamycin),Everolimus,HT29,0
Sirolimus (rapamycin),Everolimus,IGROV1,0
Sirolimus (rapamycin),Everolimus,LOX IMVI,1
Sirolimus (rapamycin),Everolimus,MCF7,1
Sirolimus (rapamycin),Everolimus,NCI-H460,0
Sirolimus (rapamycin),Everolimus,PC-3,1
Sirolimus (rapamycin),Everolimus,RPMI-8226,0
Sirolimus (rapamycin),Everolimus,T-47D,0
Sirolimus (rapamycin),Everolimus,UO-31,1
Sirolimus (rapamycin),Dacarbazine,HS 578T,0
Sirolimus (rapamycin),Dacarbazine,HT29,0
Sirolimus (rapamycin),Dacarbazine,IGROV1,0
Sirolimus (rapamycin),Dacarbazine,LOX IMVI,0
Sirolimus (rapamycin),Dacarbazine,MCF7,0
Sirolimus (rapamycin),Dacarbazine,NCI-H460,1
Sirolimus (rapamycin),Dacarbazine,PC-3,0
Sirolimus (rapamycin),Dacarbazine,RPMI-8226,0
Sirolimus (rapamycin),Dacarbazine,SK-MEL-2,0
Sirolimus (rapamycin),Dacarbazine,T-47D,0
Sirolimus (rapamycin),Dacarbazine,UO-31,0
Sirolimus (rapamycin),Allopurinol,HS 578T,0
Sirolimus (rapamycin),Allopurinol,HT29,0
Sirolimus (rapamycin),Allopurinol,IGROV1,0
Sirolimus (rapamycin),Allopurinol,LOX IMVI,0
Sirolimus (rapamycin),Allopurinol,MCF7,0
Sirolimus (rapamycin),Allopurinol,NCI-H460,0
Sirolimus (rapamycin),Allopurinol,PC-3,0
Sirolimus (rapamycin),Allopurinol,RPMI-8226,0
Sirolimus (rapamycin),Allopurinol,T-47D,0
Sirolimus (rapamycin),Allopurinol,UO-31,0
Sunitinib,Axitinib,HS 578T,0
Sunitinib,Axitinib,HT29,1
Sunitinib,Axitinib,IGROV1,0
Sunitinib,Axitinib,LOX IMVI,0
Sunitinib,Axitinib,MCF7,0
Sunitinib,Axitinib,NCI-H460,0
Sunitinib,Axitinib,PC-3,0
Sunitinib,Axitinib,RPMI-8226,0
Sunitinib,Axitinib,SK-MEL-2,0
Sunitinib,Axitinib,T-47D,0
Sunitinib,Axitinib,UO-31,0
Sunitinib,Crizotinib,HS 578T,1
Sunitinib,Crizotinib,HT29,0
Sunitinib,Crizotinib,IGROV1,0
Sunitinib,Crizotinib,LOX IMVI,1
Sunitinib,Crizotinib,MCF7,0
Sunitinib,Crizotinib,NCI-H460,0
Sunitinib,Crizotinib,PC-3,0
Sunitinib,Crizotinib,RPMI-8226,0
Sunitinib,Crizotinib,SK-MEL-2,0
Sunitinib,Crizotinib,T-47D,1
Sunitinib,Crizotinib,UO-31,1
Sunitinib,Ruxolitinib,HS 578T,0
Sunitinib,Ruxolitinib,HT29,0
Sunitinib,Ruxolitinib,IGROV1,0
Sunitinib,Ruxolitinib,LOX IMVI,0
Sunitinib,Ruxolitinib,MCF7,1
Sunitinib,Ruxolitinib,NCI-H460,0
Sunitinib,Ruxolitinib,PC-3,0
Sunitinib,Ruxolitinib,RPMI-8226,0
Sunitinib,Ruxolitinib,SK-MEL-2,0
Sunitinib,Ruxolitinib,T-47D,1
Sunitinib,Ruxolitinib,UO-31,1
Sunitinib,Vemurafenib,HS 578T,0
Sunitinib,Vemurafenib,HT29,0
Sunitinib,Vemurafenib,IGROV1,0
Sunitinib,Vemurafenib,LOX IMVI,0
Sunitinib,Vemurafenib,MCF7,1
Sunitinib,Vemurafenib,NCI-H460,0
Sunitinib,Vemurafenib,PC-3,0
Sunitinib,Vemurafenib,RPMI-8226,0
Sunitinib,Vemurafenib,SK-MEL-2,1
Sunitinib,Vemurafenib,T-47D,1
Sunitinib,Vemurafenib,UO-31,1
Sunitinib,Everolimus,HS 578T,1
Sunitinib,Everolimus,HT29,0
Sunitinib,Everolimus,IGROV1,0
Sunitinib,Everolimus,LOX IMVI,0
Sunitinib,Everolimus,MCF7,1
Sunitinib,Everolimus,NCI-H460,0
Sunitinib,Everolimus,PC-3,1
Sunitinib,Everolimus,RPMI-8226,0
Sunitinib,Everolimus,T-47D,0
Sunitinib,Everolimus,UO-31,0
Sunitinib,Dacarbazine,HS 578T,0
Sunitinib,Dacarbazine,HT29,0
Sunitinib,Dacarbazine,IGROV1,0
Sunitinib,Dacarbazine,LOX IMVI,0
Sunitinib,Dacarbazine,MCF7,0
Sunitinib,Dacarbazine,NCI-H460,1
Sunitinib,Dacarbazine,PC-3,0
Sunitinib,Dacarbazine,RPMI-8226,1
Sunitinib,Dacarbazine,T-47D,0
Sunitinib,Dacarbazine,UO-31,0
Sunitinib,Allopurinol,HS 578T,0
Sunitinib,Allopurinol,HT29,0
Sunitinib,Allopurinol,IGROV1,0
Sunitinib,Allopurinol,LOX IMVI,0
Sunitinib,Allopurinol,MCF7,0
Sunitinib,Allopurinol,NCI-H460,0
Sunitinib,Allopurinol,PC-3,0
Sunitinib,Allopurinol,RPMI-8226,0
Sunitinib,Allopurinol,SK-MEL-2,0
Sunitinib,Allopurinol,T-47D,1
Sunitinib,Allopurinol,UO-31,0
Axitinib,Crizotinib,HS 578T,0
Axitinib,Crizotinib,HT29,1
Axitinib,Crizotinib,IGROV1,1
Axitinib,Crizotinib,LOX IMVI,1
Axitinib,Crizotinib,MCF7,1
Axitinib,Crizotinib,NCI-H460,1
Axitinib,Crizotinib,PC-3,0
Axitinib,Crizotinib,RPMI-8226,1
Axitinib,Crizotinib,SK-MEL-2,1
Axitinib,Crizotinib,T-47D,0
Axitinib,Crizotinib,UO-31,0
Axitinib,Ruxolitinib,HS 578T,1
Axitinib,Ruxolitinib,HT29,0
Axitinib,Ruxolitinib,IGROV1,1
Axitinib,Ruxolitinib,LOX IMVI,1
Axitinib,Ruxolitinib,MCF7,1
Axitinib,Ruxolitinib,NCI-H460,0
Axitinib,Ruxolitinib,PC-3,0
Axitinib,Ruxolitinib,RPMI-8226,1
Axitinib,Ruxolitinib,SK-MEL-2,1
Axitinib,Ruxolitinib,T-47D,0
Axitinib,Ruxolitinib,UO-31,0
Axitinib,Vemurafenib,HS 578T,0
Axitinib,Vemurafenib,HT29,0
Axitinib,Vemurafenib,IGROV1,1
Axitinib,Vemurafenib,LOX IMVI,1
Axitinib,Vemurafenib,MCF7,0
Axitinib,Vemurafenib,NCI-H460,0
Axitinib,Vemurafenib,PC-3,1
Axitinib,Vemurafenib,RPMI-8226,0
Axitinib,Vemurafenib,SK-MEL-2,1
Axitinib,Vemurafenib,T-47D,1
Axitinib,Vemurafenib,UO-31,1
Axitinib,Everolimus,HS 578T,0
Axitinib,Everolimus,HT29,0
Axitinib,Everolimus,IGROV1,0
Axitinib,Everolimus,LOX IMVI,0
Axitinib,Everolimus,MCF7,0
Axitinib,Everolimus,NCI-H460,1
Axitinib,Everolimus,PC-3,0
Axitinib,Everolimus,RPMI-8226,0
Axitinib,Everolimus,SK-MEL-2,1
Axitinib,Everolimus,T-47D,0
Axitinib,Everolimus,UO-31,0
Axitinib,Dacarbazine,HS 578T,0
Axitinib,Dacarbazine,HT29,1
Axitinib,Dacarbazine,IGROV1,1
Axitinib,Dacarbazine,LOX IMVI,1
Axitinib,Dacarbazine,MCF7,0
Axitinib,Dacarbazine,NCI-H460,0
Axitinib,Dacarbazine,PC-3,0
Axitinib,Dacarbazine,RPMI-8226,1
Axitinib,Dacarbazine,SK-MEL-2,0
Axitinib,Dacarbazine,T-47D,1
Axitinib,Dacarbazine,UO-31,0
Axitinib,Allopurinol,HS 578T,1
Axitinib,Allopurinol,HT29,0
Axitinib,Allopurinol,IGROV1,1
Axitinib,Allopurinol,LOX IMVI,1
Axitinib,Allopurinol,MCF7,0
Axitinib,Allopurinol,NCI-H460,0
Axitinib,Allopurinol,PC-3,1
Axitinib,Allopurinol,RPMI-8226,0
Axitinib,Allopurinol,SK-MEL-2,0
Axitinib,Allopurinol,T-47D,0
Axitinib,Allopurinol,UO-31,0
Crizotinib,Ruxolitinib,HS 578T,0
Crizotinib,Ruxolitinib,HT29,0
Crizotinib,Ruxolitinib,IGROV1,1
Crizotinib,Ruxolitinib,LOX IMVI,1
Crizotinib,Ruxolitinib,MCF7,0
Crizotinib,Ruxolitinib,NCI-H460,0
Crizotinib,Ruxolitinib,PC-3,0
Crizotinib,Ruxolitinib,RPMI-8226,0
Crizotinib,Ruxolitinib,SK-MEL-2,0
Crizotinib,Ruxolitinib,T-47D,1
Crizotinib,Ruxolitinib,UO-31,1
Crizotinib,Vemurafenib,HS 578T,0
Crizotinib,Vemurafenib,HT29,0
Crizotinib,Vemurafenib,IGROV1,0
Crizotinib,Vemurafenib,LOX IMVI,1
Crizotinib,Vemurafenib,MCF7,0
Crizotinib,Vemurafenib,NCI-H460,0
Crizotinib,Vemurafenib,PC-3,0
Crizotinib,Vemurafenib,RPMI-8226,0
Crizotinib,Vemurafenib,SK-MEL-2,0
Crizotinib,Vemurafenib,T-47D,1
Crizotinib,Vemurafenib,UO-31,1
Crizotinib,Everolimus,HS 578T,0
Crizotinib,Everolimus,HT29,0
Crizotinib,Everolimus,IGROV1,0
Crizotinib,Everolimus,LOX IMVI,1
Crizotinib,Everolimus,MCF7,0
Crizotinib,Everolimus,NCI-H460,1
Crizotinib,Everolimus,PC-3,0
Crizotinib,Everolimus,RPMI-8226,0
Crizotinib,Everolimus,SK-MEL-2,1
Crizotinib,Everolimus,T-47D,0
Crizotinib,Everolimus,UO-31,0
Crizotinib,Dacarbazine,HS 578T,0
Crizotinib,Dacarbazine,HT29,0
Crizotinib,Dacarbazine,IGROV1,1
Crizotinib,Dacarbazine,LOX IMVI,1
Crizotinib,Dacarbazine,MCF7,0
Crizotinib,Dacarbazine,NCI-H460,1
Crizotinib,Dacarbazine,PC-3,0
Crizotinib,Dacarbazine,RPMI-8226,1
Crizotinib,Dacarbazine,SK-MEL-2,0
Crizotinib,Dacarbazine,T-47D,0
Crizotinib,Dacarbazine,UO-31,0
Crizotinib,Allopurinol,HT29,0
Crizotinib,Allopurinol,IGROV1,0
Crizotinib,Allopurinol,LOX IMVI,1
Crizotinib,Allopurinol,MCF7,0
Crizotinib,Allopurinol,NCI-H460,0
Crizotinib,Allopurinol,PC-3,0
Crizotinib,Allopurinol,RPMI-8226,1
Crizotinib,Allopurinol,SK-MEL-2,0
Crizotinib,Allopurinol,T-47D,1
Crizotinib,Allopurinol,UO-31,0
Ruxolitinib,Vemurafenib,HS 578T,0
Ruxolitinib,Vemurafenib,HT29,0
Ruxolitinib,Vemurafenib,IGROV1,0
Ruxolitinib,Vemurafenib,LOX IMVI,0
Ruxolitinib,Vemurafenib,MCF7,0
Ruxolitinib,Vemurafenib,NCI-H460,0
Ruxolitinib,Vemurafenib,PC-3,0
Ruxolitinib,Vemurafenib,RPMI-8226,0
Ruxolitinib,Vemurafenib,SK-MEL-2,0
Ruxolitinib,Vemurafenib,T-47D,0
Ruxolitinib,Vemurafenib,UO-31,1
Ruxolitinib,Everolimus,HS 578T,0
Ruxolitinib,Everolimus,HT29,0
Ruxolitinib,Everolimus,IGROV1,0
Ruxolitinib,Everolimus,LOX IMVI,0
Ruxolitinib,Everolimus,MCF7,0
Ruxolitinib,Everolimus,NCI-H460,1
Ruxolitinib,Everolimus,PC-3,0
Ruxolitinib,Everolimus,SK-MEL-2,1
Ruxolitinib,Everolimus,T-47D,0
Ruxolitinib,Everolimus,UO-31,1
Ruxolitinib,Dacarbazine,HS 578T,0
Ruxolitinib,Dacarbazine,HT29,0
Ruxolitinib,Dacarbazine,IGROV1,0
Ruxolitinib,Dacarbazine,LOX IMVI,1
Ruxolitinib,Dacarbazine,MCF7,0
Ruxolitinib,Dacarbazine,NCI-H460,0
Ruxolitinib,Dacarbazine,PC-3,0
Ruxolitinib,Dacarbazine,RPMI-8226,1
Ruxolitinib,Dacarbazine,SK-MEL-2,0
Ruxolitinib,Dacarbazine,T-47D,0
Ruxolitinib,Dacarbazine,UO-31,0
Ruxolitinib,Allopurinol,HS 578T,0
Ruxolitinib,Allopurinol,HT29,0
Ruxolitinib,Allopurinol,IGROV1,0
Ruxolitinib,Allopurinol,LOX IMVI,1
Ruxolitinib,Allopurinol,MCF7,0
Ruxolitinib,Allopurinol,NCI-H460,0
Ruxolitinib,Allopurinol,PC-3,0
Ruxolitinib,Allopurinol,RPMI-8226,0
Ruxolitinib,Allopurinol,SK-MEL-2,1
Ruxolitinib,Allopurinol,T-47D,0
Ruxolitinib,Allopurinol,UO-31,1
Vemurafenib,Vemurafenib,HS 578T,0
Vemurafenib,Vemurafenib,HT29,0
Vemurafenib,Vemurafenib,IGROV1,1
Vemurafenib,Vemurafenib,LOX IMVI,0
Vemurafenib,Vemurafenib,MCF7,0
Vemurafenib,Vemurafenib,NCI-H460,1
Vemurafenib,Vemurafenib,PC-3,1
Vemurafenib,Vemurafenib,RPMI-8226,0
Vemurafenib,Vemurafenib,SK-MEL-2,1
Vemurafenib,Vemurafenib,T-47D,0
Vemurafenib,Vemurafenib,UO-31,1
Vemurafenib,Everolimus,HS 578T,0
Vemurafenib,Everolimus,HT29,1
Vemurafenib,Everolimus,IGROV1,0
Vemurafenib,Everolimus,LOX IMVI,1
Vemurafenib,Everolimus,MCF7,0
Vemurafenib,Everolimus,NCI-H460,1
Vemurafenib,Everolimus,PC-3,0
Vemurafenib,Everolimus,RPMI-8226,0
Vemurafenib,Everolimus,SK-MEL-2,1
Vemurafenib,Everolimus,T-47D,0
Vemurafenib,Everolimus,UO-31,1
Vemurafenib,Dacarbazine,HS 578T,0
Vemurafenib,Dacarbazine,HT29,0
Vemurafenib,Dacarbazine,IGROV1,1
Vemurafenib,Dacarbazine,LOX IMVI,1
Vemurafenib,Dacarbazine,MCF7,0
Vemurafenib,Dacarbazine,NCI-H460,1
Vemurafenib,Dacarbazine,PC-3,0
Vemurafenib,Dacarbazine,RPMI-8226,1
Vemurafenib,Dacarbazine,SK-MEL-2,0
Vemurafenib,Dacarbazine,T-47D,0
Vemurafenib,Dacarbazine,UO-31,0
Vemurafenib,Allopurinol,HS 578T,0
Vemurafenib,Allopurinol,HT29,0
Vemurafenib,Allopurinol,IGROV1,0
Vemurafenib,Allopurinol,LOX IMVI,1
Vemurafenib,Allopurinol,MCF7,0
Vemurafenib,Allopurinol,NCI-H460,0
Vemurafenib,Allopurinol,PC-3,1
Vemurafenib,Allopurinol,RPMI-8226,0
Vemurafenib,Allopurinol,SK-MEL-2,1
Vemurafenib,Allopurinol,T-47D,0
Vemurafenib,Allopurinol,UO-31,0
Everolimus,Dacarbazine,HS 578T,0
Everolimus,Dacarbazine,HT29,0
Everolimus,Dacarbazine,IGROV1,0
Everolimus,Dacarbazine,LOX IMVI,0
Everolimus,Dacarbazine,MCF7,0
Everolimus,Dacarbazine,NCI-H460,1
Everolimus,Dacarbazine,PC-3,0
Everolimus,Dacarbazine,RPMI-8226,0
Everolimus,Dacarbazine,SK-MEL-2,0
Everolimus,Dacarbazine,T-47D,0
Everolimus,Dacarbazine,UO-31,1
Everolimus,Allopurinol,HS 578T,0
Everolimus,Allopurinol,HT29,0
Everolimus,Allopurinol,IGROV1,0
Everolimus,Allopurinol,LOX IMVI,0
Everolimus,Allopurinol,NCI-H460,0
Everolimus,Allopurinol,PC-3,0
Everolimus,Allopurinol,RPMI-8226,0
Everolimus,Allopurinol,SK-MEL-2,0
Everolimus,Allopurinol,T-47D,0
Everolimus,Allopurinol,UO-31,0
Dacarbazine,Allopurinol,HS 578T,0
Dacarbazine,Allopurinol,HT29,0
Dacarbazine,Allopurinol,IGROV1,0
Dacarbazine,Allopurinol,LOX IMVI,0
Dacarbazine,Allopurinol,MCF7,0
Dacarbazine,Allopurinol,NCI-H460,0
Dacarbazine,Allopurinol,PC-3,0
Dacarbazine,Allopurinol,RPMI-8226,0
Dacarbazine,Allopurinol,SK-MEL-2,0
Dacarbazine,Allopurinol,T-47D,0
Dacarbazine,Allopurinol,UO-31,1
