label,x,y
BIOCARTA_41BB_PATHWAY,6.531634155409563,-5.885222286636584
BIOCARTA_ACE2_PATHWAY,-6.307305365148906,-4.504441108742332
BIOCARTA_ACETAMINOPHEN_PATHWAY,3.928274470979704,0.9322687440008544
BIOCARTA_ACH_PATHWAY,-0.709278603356363,-0.4165345390369769
BIOCARTA_ACTINY_PATHWAY,13.32004622051845,4.520383074122952
BIOCARTA_AGPCR_PATHWAY,3.0318422940787753,-5.055167212900445
BIOCARTA_AGR_PATHWAY,5.376004837576738,-5.809763841255117
BIOCARTA_AHSP_PATHWAY,9.15083886409689,-0.9257504364052166
BIOCARTA_AKAP13_PATHWAY,5.143800558806332,-6.673059723529761
BIOCARTA_AKAP95_PATHWAY,7.504336149049906,5.62249933838807
BIOCARTA_AKAPCENTROSOME_PATHWAY,8.641699006290077,2.543249733123706
BIOCARTA_AKT_PATHWAY,15.850368570658018,3.15465943338045
BIOCARTA_ALK_PATHWAY,-1.0826339351032415,-3.9655202780277516
BIOCARTA_ALTERNATIVE_PATHWAY,10.763399368394294,14.841316599679324
BIOCARTA_AMAN_PATHWAY,-4.145723692760044,0.4990094795264345
BIOCARTA_AMI_PATHWAY,12.298466570678004,15.979822907312494
BIOCARTA_ARAP_PATHWAY,16.654281079887372,2.511038626515006
BIOCARTA_ARENRF2_PATHWAY,18.899138465481343,11.542733595127363
BIOCARTA_ARF_PATHWAY,7.843735451600694,-0.5201258481858634
BIOCARTA_ASBCELL_PATHWAY,-3.700447029454599,5.305773338144822
BIOCARTA_AT1R_PATHWAY,17.64277820513012,12.423067292365578
BIOCARTA_ATM_PATHWAY,8.969239673340617,1.2932362688655137
BIOCARTA_ATRBRCA_PATHWAY,-3.6688005263264385,-2.784215594947811
BIOCARTA_BAD_PATHWAY,3.1136302847066673,-4.2995039911875885
BIOCARTA_BARD1_PATHWAY,-7.245735507687648,-1.6150449050902824
BIOCARTA_BARRESTIN_PATHWAY,0.3452658222328263,-0.04320755171376192
BIOCARTA_BARRESTIN_SRC_PATHWAY,7.446319633082904,-7.6543488388157375
BIOCARTA_BARR_MAPK_PATHWAY,6.779781258708041,-6.464537766242774
BIOCARTA_BBCELL_PATHWAY,-0.8027586048054414,1.6827601886773502
BIOCARTA_BCELLSURVIVAL_PATHWAY,21.913013561332384,6.781364319193372
BIOCARTA_BCR_PATHWAY,18.381767720083843,-4.164071272716942
BIOCARTA_BIOPEPTIDES_PATHWAY,17.431633650896405,10.92832959723397
BIOCARTA_BLYMPHOCYTE_PATHWAY,-0.3281962574148911,2.9986858527765983
BIOCARTA_BTG2_PATHWAY,11.576845690509101,-7.415713762025544
BIOCARTA_CACAM_PATHWAY,2.417092290701301,-3.9861710273386373
BIOCARTA_CALCINEURIN_PATHWAY,14.188898761478422,-4.082597974811523
BIOCARTA_CARDIACEGF_PATHWAY,16.573531785934346,-5.40297606784792
BIOCARTA_CARM1_PATHWAY,13.538477039335541,-1.6771558879291921
BIOCARTA_CARM_ER_PATHWAY,7.575473688314668,-3.816022664440375
BIOCARTA_CASPASE_PATHWAY,16.303247223035918,-3.548575782400873
BIOCARTA_CB1R_PATHWAY,15.345457062322698,5.597156274463548
BIOCARTA_CBL_PATHWAY,12.480158356779038,-7.9062437318905605
BIOCARTA_CCR3_PATHWAY,7.694418088106477,-5.453054518261743
BIOCARTA_CCR5_PATHWAY,21.779434619192223,2.849513702765299
BIOCARTA_CD40_PATHWAY,16.615126660006005,-3.311353076875564
BIOCARTA_CDC25_PATHWAY,3.8469814285158193,3.6811438604964977
BIOCARTA_CDC42RAC_PATHWAY,21.339093192852072,10.936184646468172
BIOCARTA_CDK5_PATHWAY,19.425662193624326,3.7799926903288474
BIOCARTA_CDMAC_PATHWAY,22.038468727542735,6.377104811466617
BIOCARTA_CELL2CELL_PATHWAY,8.539681466433544,-2.836684642527975
BIOCARTA_CELLCYCLE_PATHWAY,5.918935447824137,3.607392742330412
BIOCARTA_CERAMIDE_PATHWAY,18.141874999983376,6.222872276734183
BIOCARTA_CFTR_PATHWAY,3.0085133760875378,-3.2619710683721053
BIOCARTA_CHEMICAL_PATHWAY,15.552882139283495,2.9454854325858086
BIOCARTA_CHREBP_PATHWAY,10.189899885346428,0.6647770658337508
BIOCARTA_CIRCADIAN_PATHWAY,9.864995804951867,-1.107298982118045
BIOCARTA_CK1_PATHWAY,-1.218357083759967,-2.2283258497619043
BIOCARTA_CLASSIC_PATHWAY,10.012731166495897,18.327856821998967
BIOCARTA_COMP_PATHWAY,9.888921698645635,17.97784689111087
BIOCARTA_CPSF_PATHWAY,11.420587411205203,7.200769680631969
BIOCARTA_CREB_PATHWAY,12.218424609609457,-1.7552282614667911
BIOCARTA_CREM_PATHWAY,-7.280048005668437,3.583548493707209
BIOCARTA_CSK_PATHWAY,3.571058797374895,-10.275149572752397
BIOCARTA_CTBP1_PATHWAY,18.601532080439892,9.321108460662554
BIOCARTA_CTCF_PATHWAY,12.865392637232398,-7.54911205964141
BIOCARTA_CTLA4_PATHWAY,-2.8517708284859746,3.1069663366660127
BIOCARTA_CTL_PATHWAY,4.941147030436424,-10.424726326833671
BIOCARTA_CXCR4_PATHWAY,19.733802281913388,2.352712054716313
BIOCARTA_CYTOKINE_PATHWAY,-5.398314635309946,8.735949061452484
BIOCARTA_D4GDI_PATHWAY,12.252729945905298,-8.660296555285871
BIOCARTA_DC_PATHWAY,-3.606831698808749,5.036025861632528
BIOCARTA_DEATH_PATHWAY,16.52162866843894,1.1897998578820992
BIOCARTA_DICER_PATHWAY,-2.8174994482350932,-1.0367421826549315
BIOCARTA_DNAFRAGMENT_PATHWAY,8.919851735007104,4.343054076771122
BIOCARTA_DREAM_PATHWAY,8.295714336578639,-7.542632761688569
BIOCARTA_DSP_PATHWAY,15.833149992313206,0.741149942925025
BIOCARTA_ECM_PATHWAY,20.89280958724045,8.090559318852103
BIOCARTA_EDG1_PATHWAY,11.068061957363037,-6.114677446133123
BIOCARTA_EEA1_PATHWAY,18.70705270700915,3.399930498974999
BIOCARTA_EFP_PATHWAY,6.50741863023395,4.643665382146052
BIOCARTA_EGFR_SMRTE_PATHWAY,13.326047453000287,2.7665808034292847
BIOCARTA_EGF_PATHWAY,19.29158764521269,2.5181280815412617
BIOCARTA_EICOSANOID_PATHWAY,-3.814264035435051,2.0966083628847185
BIOCARTA_EIF2_PATHWAY,16.71853622987462,13.511841251145226
BIOCARTA_EIF4_PATHWAY,18.044321964171203,2.6025845292961916
BIOCARTA_EIF_PATHWAY,16.079621810671107,17.37206226400263
BIOCARTA_EOSINOPHILS_PATHWAY,-7.343514130822242,10.267644534353302
BIOCARTA_EPHA4_PATHWAY,-6.870304814971446,-0.5422859850195356
BIOCARTA_EPONFKB_PATHWAY,19.120812789401946,1.0208493835840136
BIOCARTA_EPO_PATHWAY,20.83271486231102,4.107841960776656
BIOCARTA_ERAD_PATHWAY,16.317631418392857,17.722804476684846
BIOCARTA_ERBB3_PATHWAY,3.61856525837958,-3.9375612545018095
BIOCARTA_ERBB4_PATHWAY,-7.538290358116894,3.777941380236363
BIOCARTA_ERK5_PATHWAY,18.800456621447076,1.4519550702340989
BIOCARTA_ERK_PATHWAY,21.461670652590755,2.2797061306869146
BIOCARTA_ERYTH_PATHWAY,-4.40583368555229,9.388190144594226
BIOCARTA_ETC_PATHWAY,13.907719467350386,18.00487456297745
BIOCARTA_ETS_PATHWAY,20.991559903869817,3.670950015838474
BIOCARTA_EXTRINSIC_PATHWAY,8.2563144615599,17.11035681362322
BIOCARTA_FAS_PATHWAY,15.313554526578912,-3.114363623746151
BIOCARTA_FBW7_PATHWAY,11.609105710047556,8.459590891463192
BIOCARTA_FCER1_PATHWAY,14.219819902281458,-5.125342201049846
BIOCARTA_FEEDER_PATHWAY,8.929784012719384,7.6097387520757795
BIOCARTA_FIBRINOLYSIS_PATHWAY,12.584974379867111,16.62234855844193
BIOCARTA_FLUMAZENIL_PATHWAY,-4.648828442410278,7.807921089231345
BIOCARTA_FMLP_PATHWAY,16.69040467390537,-3.7579457901171867
BIOCARTA_FOSB_PATHWAY,2.2220593275764227,-6.000443676037378
BIOCARTA_FREE_PATHWAY,15.050707050781522,11.943113190720112
BIOCARTA_FXR_PATHWAY,13.694603481856705,14.539984380997796
BIOCARTA_G1_PATHWAY,6.731734405953439,1.1885841437882922
BIOCARTA_G2_PATHWAY,6.903289476317838,4.957092542239943
BIOCARTA_GABA_PATHWAY,-6.649327477182415,5.167597519421468
BIOCARTA_GATA3_PATHWAY,-2.452256224524387,-0.8282115171798103
BIOCARTA_GCR_PATHWAY,17.92748741905278,1.1586829570190553
BIOCARTA_GHRELIN_PATHWAY,13.77391411908659,-6.404919008277005
BIOCARTA_GH_PATHWAY,17.50777724963403,1.1453689403248308
BIOCARTA_GLEEVEC_PATHWAY,20.335226734217837,3.5813810098549843
BIOCARTA_GPCR_PATHWAY,13.880083067946487,-2.9323890428000974
BIOCARTA_GRANULOCYTES_PATHWAY,-0.9061900432323076,2.2889016693813127
BIOCARTA_GSK3_PATHWAY,18.120259784066672,0.15592157285350308
BIOCARTA_HBX_PATHWAY,17.116639609167994,11.661126954626463
BIOCARTA_HCMV_PATHWAY,18.73031781189369,2.7619012361220943
BIOCARTA_HDAC_PATHWAY,3.6639402084955925,-4.610563871892342
BIOCARTA_HER2_PATHWAY,17.69404004562697,2.6457844480257298
BIOCARTA_HES_PATHWAY,2.8214843648141144,-4.433508122316889
BIOCARTA_HIF_PATHWAY,21.19004661509724,9.724989878680873
BIOCARTA_HIVNEF_PATHWAY,15.613713290536818,1.2352679080288866
BIOCARTA_HSP27_PATHWAY,0.9468723694207585,-4.565908503091757
BIOCARTA_HSWI_SNF_PATHWAY,16.516641036237438,4.020600583064713
BIOCARTA_IFNA_PATHWAY,19.965427375314253,4.479556964269515
BIOCARTA_IFNG_PATHWAY,22.61279606134652,3.2119396766503128
BIOCARTA_IGF1MTOR_PATHWAY,13.174446397465767,2.462200984723261
BIOCARTA_IGF1R_PATHWAY,18.93040120011742,2.0699663675598448
BIOCARTA_IGF1_PATHWAY,19.345056738467562,1.9721728619676915
BIOCARTA_IL10_PATHWAY,17.44846370814013,-6.355504524339368
BIOCARTA_IL12_PATHWAY,-1.1816894591162783,1.693931495853135
BIOCARTA_IL17_PATHWAY,-2.428103224657185,2.975942594593966
BIOCARTA_IL1R_PATHWAY,12.854581635631341,-7.211019026348078
BIOCARTA_IL22BP_PATHWAY,22.401955523735538,4.5077401182765335
BIOCARTA_IL2RB_PATHWAY,14.072582045946094,-8.921930433490635
BIOCARTA_IL2_PATHWAY,18.776106930270892,-5.244523997385944
BIOCARTA_IL3_PATHWAY,21.380897910053783,0.17840023851395637
BIOCARTA_IL4_PATHWAY,20.508385799728682,2.750356026653013
BIOCARTA_IL5_PATHWAY,-4.746366481080131,8.149817721642375
BIOCARTA_IL6_PATHWAY,20.700733065382405,11.53291455400912
BIOCARTA_IL7_PATHWAY,2.6155208799826353,-9.148569180033821
BIOCARTA_INFLAM_PATHWAY,-5.868851399895136,6.094171553271198
BIOCARTA_INSULIN_PATHWAY,20.479697865714552,7.198630192459597
BIOCARTA_INTEGRIN_PATHWAY,20.88453247132367,11.900736149500997
BIOCARTA_INTRINSIC_PATHWAY,10.544606459740647,16.291516240379504
BIOCARTA_ION_PATHWAY,-3.644676649420031,-3.2743904714982435
BIOCARTA_IRES_PATHWAY,20.872048589764383,11.190164425476127
BIOCARTA_KERATINOCYTE_PATHWAY,16.754590925764532,-4.671050805053397
BIOCARTA_KREB_PATHWAY,15.646846038893308,16.60447400461243
BIOCARTA_LAIR_PATHWAY,18.33726384148245,-2.387134472744876
BIOCARTA_LDL_PATHWAY,14.896603087042118,-7.846673171648794
BIOCARTA_LECTIN_PATHWAY,9.266570215384743,17.229515703574844
BIOCARTA_LEPTIN_PATHWAY,8.788723411676633,-0.053551205936516424
BIOCARTA_LIS1_PATHWAY,-3.3091460803336394,-4.515995852538323
BIOCARTA_LONGEVITY_PATHWAY,16.74951106807214,2.1234477522057955
BIOCARTA_LYMPHOCYTE_PATHWAY,5.986062453944358,-10.639577191648906
BIOCARTA_LYM_PATHWAY,3.317513718950279,-9.73777174917994
BIOCARTA_MALATEX_PATHWAY,13.372411016731235,19.977798724594084
BIOCARTA_MAL_PATHWAY,17.193373736436556,7.454150070485386
BIOCARTA_MAPK_PATHWAY,16.146527782053017,-0.639585246535118
BIOCARTA_MCALPAIN_PATHWAY,16.912338403742247,-1.4804444478694059
BIOCARTA_MCM_PATHWAY,5.661068521744533,5.128236010148628
BIOCARTA_MEF2D_PATHWAY,21.600674394388776,4.098872197958412
BIOCARTA_MELANOCYTE_PATHWAY,-5.197978913996129,-1.9659628604980472
BIOCARTA_MET_PATHWAY,19.310707724214353,2.9005644189417485
BIOCARTA_MHC_PATHWAY,9.518144858899214,19.639229658616525
BIOCARTA_MITOCHONDRIA_PATHWAY,11.694673465717582,-3.1616444425075896
BIOCARTA_MITR_PATHWAY,-6.433909835941673,2.2384226721768217
BIOCARTA_MONOCYTE_PATHWAY,4.216829512148626,-10.171451907537916
BIOCARTA_MPR_PATHWAY,5.800200165353666,2.4377764010815532
BIOCARTA_MRP_PATHWAY,9.57044645821819,10.976974133105216
BIOCARTA_MSP_PATHWAY,6.5054139044153105,-10.537002689745078
BIOCARTA_MTA3_PATHWAY,19.906979564636018,6.758365576323012
BIOCARTA_MTOR_PATHWAY,17.09695419667704,3.04440699845056
BIOCARTA_MYOSIN_PATHWAY,10.099242223289416,-5.877375640446819
BIOCARTA_NDKDYNAMIN_PATHWAY,16.871436777345973,2.7360128835896793
BIOCARTA_NEUTROPHIL_PATHWAY,5.198798424085965,-10.342604038747702
BIOCARTA_NFAT_PATHWAY,3.0301037147404757,-2.7066412155157997
BIOCARTA_NFKB_PATHWAY,18.131894045807847,3.8182072467209984
BIOCARTA_NGF_PATHWAY,18.428584310324457,0.2688257641591312
BIOCARTA_NKCELLS_PATHWAY,11.78762323596038,-9.511880517567263
BIOCARTA_NKT_PATHWAY,-2.630409567927616,3.607830023932367
BIOCARTA_NO1_PATHWAY,5.452467563138978,-6.511033347004888
BIOCARTA_NO2IL12_PATHWAY,-2.3702468957174885,3.3616131118344623
BIOCARTA_NOS1_PATHWAY,-0.7906188643890695,-3.6699482968496917
BIOCARTA_NOTCH_PATHWAY,18.2431059922202,-1.4938149954307163
BIOCARTA_NPC_PATHWAY,20.309979623641485,14.906360093522586
BIOCARTA_NPP1_PATHWAY,1.643737082665361,-9.032097008544408
BIOCARTA_NTHI_PATHWAY,19.621521741396904,3.192038571430706
BIOCARTA_NUCLEARRS_PATHWAY,6.9051929784429396,9.651479902392435
BIOCARTA_P27_PATHWAY,13.791592455969482,11.635208350971434
BIOCARTA_P35ALZHEIMERS_PATHWAY,18.738534210982415,14.40548703026983
BIOCARTA_P38MAPK_PATHWAY,15.744496464061513,0.03371046322507701
BIOCARTA_P53HYPOXIA_PATHWAY,21.694206719394867,8.857384828288033
BIOCARTA_P53_PATHWAY,17.974616502815827,7.257480746150165
BIOCARTA_PAR1_PATHWAY,9.059110507319883,-6.566614287754908
BIOCARTA_PARKIN_PATHWAY,3.301628866904325,-2.565053226349195
BIOCARTA_PCAF_PATHWAY,21.391900135936606,8.477981599216687
BIOCARTA_PDGF_PATHWAY,19.741004933995967,1.2645036064661561
BIOCARTA_PDZS_PATHWAY,-6.36964293873585,-1.3375976272572911
BIOCARTA_PELP1_PATHWAY,18.12129150821491,2.1999942282529754
BIOCARTA_PEPI_PATHWAY,5.777422610502003,-8.721801305549356
BIOCARTA_PGC1A_PATHWAY,11.893659827225902,2.7125907936670246
BIOCARTA_PITX2_PATHWAY,4.754795602441362,-4.204797183015754
BIOCARTA_PKC_PATHWAY,16.738347529293158,-0.020289572846735493
BIOCARTA_PLATELETAPP_PATHWAY,16.222273115745377,8.312247100694048
BIOCARTA_PLCE_PATHWAY,-4.004165840338968,-5.832935471005583
BIOCARTA_PLC_PATHWAY,-2.410330042655663,-7.138855173649422
BIOCARTA_PLK3_PATHWAY,2.5868286049036864,0.8460941352865952
BIOCARTA_PML_PATHWAY,17.07183528895178,-4.788628869973609
BIOCARTA_PPARA_PATHWAY,16.854360562120373,8.858968685624882
BIOCARTA_PPARG_PATHWAY,9.876153425773705,-1.3920667075231843
BIOCARTA_PRC2_PATHWAY,11.210978764448162,7.643447535816796
BIOCARTA_PRION_PATHWAY,18.75537366017342,-1.619991469621029
BIOCARTA_PROTEASOME_PATHWAY,15.301703647940332,18.12775783061737
BIOCARTA_PS1_PATHWAY,5.195999579356933,-5.173993304082484
BIOCARTA_PTC1_PATHWAY,4.304600707555833,2.9973532972884254
BIOCARTA_PTDINS_PATHWAY,16.062806414704333,0.22087182543356695
BIOCARTA_PTEN_PATHWAY,19.706752646474968,2.008113140129328
BIOCARTA_PYK2_PATHWAY,19.780633715380468,11.730872236001346
BIOCARTA_RAB_PATHWAY,21.201245354343154,12.097934447254028
BIOCARTA_RAC1_PATHWAY,1.4138351069016195,-7.374272357751677
BIOCARTA_RACCYCD_PATHWAY,19.9666587673419,10.430015352634285
BIOCARTA_RACC_PATHWAY,-8.9527896339544,5.473795501629188
BIOCARTA_RANBP2_PATHWAY,12.896163803708898,4.68149677366741
BIOCARTA_RANKL_PATHWAY,2.15102103039987,-5.352820148059445
BIOCARTA_RANMS_PATHWAY,23.267900557015377,12.178910304173785
BIOCARTA_RAN_PATHWAY,18.015539989174133,17.24884465392162
BIOCARTA_RARRXR_PATHWAY,17.43212590451748,8.572943561122532
BIOCARTA_RAS_PATHWAY,20.380373020186678,5.641079940907899
BIOCARTA_RB_PATHWAY,5.511494711071013,2.5847498070927717
BIOCARTA_RECK_PATHWAY,22.863797024739654,5.257367718949898
BIOCARTA_REELIN_PATHWAY,-8.016573002799644,0.6537056410507753
BIOCARTA_RELA_PATHWAY,20.868294711215785,5.457403427884922
BIOCARTA_RHODOPSIN_PATHWAY,-6.737479569739781,5.801370826446615
BIOCARTA_RHO_PATHWAY,14.600454462850289,-4.169506676361183
BIOCARTA_RNAPOL3_PATHWAY,9.66817801426617,3.7866351438139487
BIOCARTA_RNA_PATHWAY,18.798550333087523,14.950706170373946
BIOCARTA_S1P_PATHWAY,15.172621000264618,14.011519891497805
BIOCARTA_SALMONELLA_PATHWAY,15.647779944638406,8.67909286082034
BIOCARTA_SAM68_PATHWAY,21.499128851287676,13.18333883917089
BIOCARTA_SARS_PATHWAY,15.321260774035924,9.836883467862286
BIOCARTA_SET_PATHWAY,18.9383977397065,5.735594601968421
BIOCARTA_SHH_PATHWAY,-2.3685619189054106,-5.386364540223379
BIOCARTA_SKP2E2F_PATHWAY,7.264527781976974,4.1225449391229425
BIOCARTA_SLRP_PATHWAY,-0.6068764047255821,-9.233158083233128
BIOCARTA_SM_PATHWAY,14.866831056614643,19.884178496507257
BIOCARTA_SODD_PATHWAY,18.647012604337068,5.306736828879205
BIOCARTA_SPPA_PATHWAY,12.089155899695873,-7.752382754065689
BIOCARTA_SPRY_PATHWAY,17.198404350462425,-1.539377176448987
BIOCARTA_SRCRPTP_PATHWAY,6.882598223076063,5.416928843956956
BIOCARTA_STAT3_PATHWAY,21.892314526677627,6.0127820082705234
BIOCARTA_STATHMIN_PATHWAY,7.818968121201128,3.5057757575794515
BIOCARTA_STEM_PATHWAY,-5.622610257488858,6.853346603084761
BIOCARTA_STRESS_PATHWAY,16.894211372088268,5.275749759265375
BIOCARTA_SUMO_PATHWAY,14.973401604597996,19.342432337710406
BIOCARTA_TALL1_PATHWAY,2.886650330478751,-8.103014714438842
BIOCARTA_TCAPOPTOSIS_PATHWAY,-2.0313316515050626,3.3353284203488207
BIOCARTA_TCRA_PATHWAY,-0.5513962832154011,3.2565389641981017
BIOCARTA_TCR_PATHWAY,17.505970059918123,-3.951898787936346
BIOCARTA_TCYTOTOXIC_PATHWAY,4.398643305073443,-10.44995886134804
BIOCARTA_TEL_PATHWAY,13.517430181438282,-3.517154429199844
BIOCARTA_TERC_PATHWAY,17.938009645048442,3.3209628315517326
BIOCARTA_TERT_PATHWAY,11.4019245608145,-1.170974802007812
BIOCARTA_TFF_PATHWAY,18.869263047887593,3.0341677152603737
BIOCARTA_TGFB_PATHWAY,15.553246817272079,-4.987920613939535
BIOCARTA_TH1TH2_PATHWAY,-2.3967690363276635,4.180043220734717
BIOCARTA_THELPER_PATHWAY,4.7493397037644005,-10.651518312986038
BIOCARTA_TID_PATHWAY,15.791852559279251,1.506931507912784
BIOCARTA_TNFR1_PATHWAY,16.18873792195965,6.223044135664035
BIOCARTA_TNFR2_PATHWAY,18.50267524811301,4.317132123339331
BIOCARTA_TOB1_PATHWAY,0.14648840173940875,-7.2814794680225585
BIOCARTA_TOLL_PATHWAY,17.44883940828795,0.7418208600677917
BIOCARTA_TPO_PATHWAY,18.392680873283393,0.6501106361641398
BIOCARTA_TRKA_PATHWAY,12.842476913370243,-2.069053543149834
BIOCARTA_TSP1_PATHWAY,20.547005491176183,12.1750592733687
BIOCARTA_TUBBY_PATHWAY,-7.6403431246669,4.7977147366622335
BIOCARTA_UCALPAIN_PATHWAY,20.48011922318037,15.732346963142003
BIOCARTA_VDR_PATHWAY,17.590515036415415,4.131916322440072
BIOCARTA_VEGF_PATHWAY,18.818773269827197,6.938263984366472
BIOCARTA_VIP_PATHWAY,10.584068308612748,-8.279555255103576
BIOCARTA_VITCB_PATHWAY,10.885963000231811,-8.169939535891636
BIOCARTA_VOBESITY_PATHWAY,4.183009019329392,-0.6340484650986453
BIOCARTA_WNT_LRP6_PATHWAY,-6.62818734557119,7.454447093538061
BIOCARTA_WNT_PATHWAY,13.474811899018466,0.3771833932443551
KEGG_ABC_TRANSPORTERS,1.3255765434861368,0.47779332501211563
KEGG_ACUTE_MYELOID_LEUKEMIA,14.057068542140144,-6.765490320102811
KEGG_ADHERENS_JUNCTION,17.388876900325283,1.4665063267272196
KEGG_ADIPOCYTOKINE_SIGNALING_PATHWAY,10.492068414924697,1.5006653916152637
KEGG_ALANINE_ASPARTATE_AND_GLUTAMATE_METABOLISM,11.18775908034365,9.753900227025241
KEGG_ALDOSTERONE_REGULATED_SODIUM_REABSORPTION,-3.4528715583228964,-5.392802303117754
KEGG_ALLOGRAFT_REJECTION,-4.006424262092823,6.834489475424456
KEGG_ALPHA_LINOLENIC_ACID_METABOLISM,-4.771478011045817,-5.177168263039059
KEGG_ALZHEIMERS_DISEASE,17.364557830875423,9.711364117539452
KEGG_AMINOACYL_TRNA_BIOSYNTHESIS,14.575916808977585,8.996478327347917
KEGG_AMINO_SUGAR_AND_NUCLEOTIDE_SUGAR_METABOLISM,13.280606969034187,5.653298534325707
KEGG_AMYOTROPHIC_LATERAL_SCLEROSIS_ALS,8.279621945445127,-3.501070466959889
KEGG_ANTIGEN_PROCESSING_AND_PRESENTATION,19.37432859328162,-0.6443862740359347
KEGG_APOPTOSIS,10.197182580240565,-6.814903896988492
KEGG_ARACHIDONIC_ACID_METABOLISM,2.0975388577544947,-0.26799006119049884
KEGG_ARGININE_AND_PROLINE_METABOLISM,12.850112979629527,12.853486090760542
KEGG_ARRHYTHMOGENIC_RIGHT_VENTRICULAR_CARDIOMYOPATHY_ARVC,-2.2354428337890315,-1.7870812153711755
KEGG_ASCORBATE_AND_ALDARATE_METABOLISM,11.416450515802154,12.464782386758472
KEGG_ASTHMA,-3.590509837602479,7.684121787862681
KEGG_AUTOIMMUNE_THYROID_DISEASE,-4.307851757727811,8.559956283242922
KEGG_AXON_GUIDANCE,1.272915522465629,-6.874117569161948
KEGG_BASAL_CELL_CARCINOMA,-7.24916994241634,-0.8056978611340457
KEGG_BASAL_TRANSCRIPTION_FACTORS,3.499914548431382,-0.7693937604185196
KEGG_BASE_EXCISION_REPAIR,10.393706505881287,5.973050690067004
KEGG_BETA_ALANINE_METABOLISM,10.36304535694739,13.299050817699035
KEGG_BIOSYNTHESIS_OF_UNSATURATED_FATTY_ACIDS,14.04525253670532,13.395292012780219
KEGG_BLADDER_CANCER,20.09109601786746,0.7247293232090377
KEGG_BUTANOATE_METABOLISM,10.018327367530915,13.395548740649398
KEGG_B_CELL_RECEPTOR_SIGNALING_PATHWAY,7.403168027220572,-9.526606707061223
KEGG_CALCIUM_SIGNALING_PATHWAY,-6.196585564341565,1.4221216290942806
KEGG_CARDIAC_MUSCLE_CONTRACTION,3.1651769431835657,-3.808228561913824
KEGG_CELL_ADHESION_MOLECULES_CAMS,-0.7819440271902647,0.15047995000685344
KEGG_CELL_CYCLE,6.5481266452628955,3.9940311336392833
KEGG_CHEMOKINE_SIGNALING_PATHWAY,-0.2601327677566384,-7.260340529714369
KEGG_CHRONIC_MYELOID_LEUKEMIA,16.266764095153228,-1.1567627269131735
KEGG_CIRCADIAN_RHYTHM_MAMMAL,10.29324956893688,-2.427196686005243
KEGG_CITRATE_CYCLE_TCA_CYCLE,13.201170780264356,17.84464165839541
KEGG_COLORECTAL_CANCER,12.118088289394708,-5.045068234225351
KEGG_COMPLEMENT_AND_COAGULATION_CASCADES,11.193484961006927,16.119429087694257
KEGG_CYSTEINE_AND_METHIONINE_METABOLISM,10.887182937422416,7.301960247808269
KEGG_CYTOKINE_CYTOKINE_RECEPTOR_INTERACTION,-3.5673847850711278,2.9065277042477207
KEGG_CYTOSOLIC_DNA_SENSING_PATHWAY,2.3529955869502928,-6.446809549707092
KEGG_DILATED_CARDIOMYOPATHY,-5.438458986971915,1.2836602761596534
KEGG_DNA_REPLICATION,8.013829588667447,5.010382165826209
KEGG_DORSO_VENTRAL_AXIS_FORMATION,8.577666967340564,-7.878307819247633
KEGG_DRUG_METABOLISM_CYTOCHROME_P450,7.47980880950121,8.326230908259213
KEGG_DRUG_METABOLISM_OTHER_ENZYMES,10.09337973016261,10.792829666755827
KEGG_ECM_RECEPTOR_INTERACTION,1.6807326081596554,-8.506831783271233
KEGG_ENDOCYTOSIS,11.8885734969254,-4.78840926325258
KEGG_ENDOMETRIAL_CANCER,8.956082121187952,-4.214331310783485
KEGG_EPITHELIAL_CELL_SIGNALING_IN_HELICOBACTER_PYLORI_INFECTION,14.91409336082811,-2.8875799163066667
KEGG_ERBB_SIGNALING_PATHWAY,5.006037125925945,-5.580341537597311
KEGG_ETHER_LIPID_METABOLISM,1.9608996886043748,-5.726989664340665
KEGG_FATTY_ACID_METABOLISM,11.166090755565051,16.953374574161312
KEGG_FC_EPSILON_RI_SIGNALING_PATHWAY,0.27986782324801096,-5.835378082899541
KEGG_FC_GAMMA_R_MEDIATED_PHAGOCYTOSIS,8.15426747218494,-8.515616936989424
KEGG_FOCAL_ADHESION,9.21499316736366,-7.331246586706454
KEGG_FOLATE_BIOSYNTHESIS,9.177573268387047,7.7799254322265385
KEGG_FRUCTOSE_AND_MANNOSE_METABOLISM,12.272445327572477,0.3955144234844804
KEGG_GALACTOSE_METABOLISM,14.03574711461964,0.9443882710908866
KEGG_GAP_JUNCTION,-1.9145454011223921,-6.231169391918885
KEGG_GLIOMA,6.043280033156148,-5.361069263840612
KEGG_GLUTATHIONE_METABOLISM,16.987707896567528,10.490535033726376
KEGG_GLYCEROLIPID_METABOLISM,7.271424536473648,-1.739473414209536
KEGG_GLYCEROPHOSPHOLIPID_METABOLISM,4.161713502654368,-3.0770801543348334
KEGG_GLYCINE_SERINE_AND_THREONINE_METABOLISM,9.368348210302619,13.963955016578556
KEGG_GLYCOLYSIS_GLUCONEOGENESIS,12.743446357394532,6.625756116225189
KEGG_GLYCOSAMINOGLYCAN_BIOSYNTHESIS_CHONDROITIN_SULFATE,4.390692527737606,-7.410721987392402
KEGG_GLYCOSAMINOGLYCAN_BIOSYNTHESIS_HEPARAN_SULFATE,-2.4325173555184527,-4.103975521553337
KEGG_GLYCOSAMINOGLYCAN_BIOSYNTHESIS_KERATAN_SULFATE,3.544088800107275,-7.007412952733098
KEGG_GLYCOSAMINOGLYCAN_DEGRADATION,8.816834964985357,-2.3749572033689734
KEGG_GLYCOSPHINGOLIPID_BIOSYNTHESIS_GANGLIO_SERIES,-4.575471388927569,-5.431785056555979
KEGG_GLYCOSPHINGOLIPID_BIOSYNTHESIS_GLOBO_SERIES,-4.762445738017559,-1.5354890782611499
KEGG_GLYCOSPHINGOLIPID_BIOSYNTHESIS_LACTO_AND_NEOLACTO_SERIES,-5.953404378621949,-0.5527398663717314
KEGG_GLYCOSYLPHOSPHATIDYLINOSITOL_GPI_ANCHOR_BIOSYNTHESIS,8.070244082001231,-1.4951478067537367
KEGG_GLYOXYLATE_AND_DICARBOXYLATE_METABOLISM,12.181432248573179,12.515319441833826
KEGG_GNRH_SIGNALING_PATHWAY,0.3281266956308955,-3.777970376970053
KEGG_GRAFT_VERSUS_HOST_DISEASE,-3.918591639462483,7.116848315244664
KEGG_HEDGEHOG_SIGNALING_PATHWAY,-6.376031562069314,2.956469469925604
KEGG_HEMATOPOIETIC_CELL_LINEAGE,-4.053041286257252,1.7371089253939245
KEGG_HISTIDINE_METABOLISM,8.07412571146621,8.167228665597202
KEGG_HOMOLOGOUS_RECOMBINATION,2.2040362963697104,1.7325998127457518
KEGG_HUNTINGTONS_DISEASE,15.205375477709676,12.545408230564547
KEGG_HYPERTROPHIC_CARDIOMYOPATHY_HCM,-5.3884205661144255,0.6610397899169715
KEGG_INOSITOL_PHOSPHATE_METABOLISM,3.2747598937240023,-4.717409263339447
KEGG_INSULIN_SIGNALING_PATHWAY,9.568174106684603,-2.0732083021798715
KEGG_INTESTINAL_IMMUNE_NETWORK_FOR_IGA_PRODUCTION,-3.1717207946881407,4.157517111819922
KEGG_JAK_STAT_SIGNALING_PATHWAY,-4.483050055023126,0.29110624021442427
KEGG_LEISHMANIA_INFECTION,10.211411931870053,-10.432552734423592
KEGG_LEUKOCYTE_TRANSENDOTHELIAL_MIGRATION,8.773198171561468,-9.618335070952531
KEGG_LIMONENE_AND_PINENE_DEGRADATION,11.11807452226466,17.802871493826622
KEGG_LINOLEIC_ACID_METABOLISM,3.6363563107761308,0.8751639974616772
KEGG_LONG_TERM_DEPRESSION,-3.1417833758253995,-5.115126814730301
KEGG_LONG_TERM_POTENTIATION,-0.18883999126776557,-1.5875343128127175
KEGG_LYSINE_DEGRADATION,14.498767012369388,9.758548182701393
KEGG_LYSOSOME,16.683719586100086,7.154537053021184
KEGG_MAPK_SIGNALING_PATHWAY,1.5973927713083773,-4.481961853130051
KEGG_MATURITY_ONSET_DIABETES_OF_THE_YOUNG,0.5101011108653754,-0.4407432721563808
KEGG_MELANOGENESIS,-3.104556602648856,-1.128163772043642
KEGG_MELANOMA,-1.9594064081808833,-1.7395413392898482
KEGG_METABOLISM_OF_XENOBIOTICS_BY_CYTOCHROME_P450,6.964216847312647,8.29998716942912
KEGG_MISMATCH_REPAIR,6.987957063782024,5.783064742340822
KEGG_MTOR_SIGNALING_PATHWAY,8.59530098764316,-4.329912075692981
KEGG_NATURAL_KILLER_CELL_MEDIATED_CYTOTOXICITY,-1.6013198094913121,-5.601960493111952
KEGG_NEUROACTIVE_LIGAND_RECEPTOR_INTERACTION,-5.253502474637894,8.229634043279887
KEGG_NEUROTROPHIN_SIGNALING_PATHWAY,13.361592312346957,-2.7187249585539286
KEGG_NICOTINATE_AND_NICOTINAMIDE_METABOLISM,5.8747921384332304,-1.6069005677987929
KEGG_NITROGEN_METABOLISM,-4.030329850721405,-6.585702446937608
KEGG_NOD_LIKE_RECEPTOR_SIGNALING_PATHWAY,6.513932084207912,-11.464826469505317
KEGG_NON_HOMOLOGOUS_END_JOINING,2.0798096323578483,0.7446483940633803
KEGG_NON_SMALL_CELL_LUNG_CANCER,7.756679172757473,-5.09278125154132
KEGG_NOTCH_SIGNALING_PATHWAY,15.031161092638566,-6.634494522580106
KEGG_NUCLEOTIDE_EXCISION_REPAIR,11.405163640920014,8.710844714230685
KEGG_N_GLYCAN_BIOSYNTHESIS,17.05778923424839,9.217896651586091
KEGG_OLFACTORY_TRANSDUCTION,-4.229645172877007,10.146109757316621
KEGG_ONE_CARBON_POOL_BY_FOLATE,9.710401719376145,1.7587833180528154
KEGG_OOCYTE_MEIOSIS,5.8559506209473415,1.8824791218405206
KEGG_OTHER_GLYCAN_DEGRADATION,18.42020030301134,9.723586998861355
KEGG_OXIDATIVE_PHOSPHORYLATION,15.11261692047701,17.00112108652248
KEGG_O_GLYCAN_BIOSYNTHESIS,-5.936105400025566,0.6081193255242722
KEGG_P53_SIGNALING_PATHWAY,11.943730990575595,-1.0092896683278507
KEGG_PANCREATIC_CANCER,11.947919437832327,-5.7381233489416905
KEGG_PANTOTHENATE_AND_COA_BIOSYNTHESIS,9.998039383170232,8.19195166786859
KEGG_PARKINSONS_DISEASE,16.067730550627033,16.758314557204258
KEGG_PATHOGENIC_ESCHERICHIA_COLI_INFECTION,22.432995642533434,6.560618504107447
KEGG_PATHWAYS_IN_CANCER,4.002547946222745,-6.410070216962917
KEGG_PENTOSE_AND_GLUCURONATE_INTERCONVERSIONS,11.865922361287378,12.264546391923128
KEGG_PENTOSE_PHOSPHATE_PATHWAY,17.316660749336222,10.168803942823335
KEGG_PEROXISOME,11.825849618935884,14.783134864813226
KEGG_PHENYLALANINE_METABOLISM,14.364973423283313,7.682389280880443
KEGG_PHOSPHATIDYLINOSITOL_SIGNALING_SYSTEM,-1.4532805625977947,-4.1434958941726645
KEGG_PORPHYRIN_AND_CHLOROPHYLL_METABOLISM,12.759441332237936,12.166810204845483
KEGG_PPAR_SIGNALING_PATHWAY,10.20295811705823,10.479650120218766
KEGG_PRIMARY_BILE_ACID_BIOSYNTHESIS,8.98402206292631,13.818465150878286
KEGG_PRIMARY_IMMUNODEFICIENCY,-2.2250964062246523,3.832385790599432
KEGG_PRION_DISEASES,15.558176937862978,11.82595022183819
KEGG_PROGESTERONE_MEDIATED_OOCYTE_MATURATION,3.1377086876131077,-0.9130689500562206
KEGG_PROPANOATE_METABOLISM,11.770245754496328,13.927907835588915
KEGG_PROSTATE_CANCER,13.55346692110772,-5.370837070433112
KEGG_PROTEASOME,14.726091646060055,18.338647415530847
KEGG_PROTEIN_EXPORT,15.439274219205064,17.565527628316477
KEGG_PROXIMAL_TUBULE_BICARBONATE_RECLAMATION,7.283570487090987,-4.343305839919051
KEGG_PURINE_METABOLISM,4.670530404458742,-1.5428672181393515
KEGG_PYRIMIDINE_METABOLISM,10.728231674354957,6.280146438232941
KEGG_PYRUVATE_METABOLISM,12.082107090542097,11.999961283082104
KEGG_REGULATION_OF_ACTIN_CYTOSKELETON,4.566895283621586,-6.869447747959744
KEGG_REGULATION_OF_AUTOPHAGY,-0.010591766497815791,-1.0195491537746488
KEGG_RENAL_CELL_CARCINOMA,16.290710737896084,-2.1288125615732367
KEGG_RENIN_ANGIOTENSIN_SYSTEM,1.5151115989520574,-2.0081695195994422
KEGG_RETINOL_METABOLISM,6.99233263107108,9.358212045236865
KEGG_RIBOFLAVIN_METABOLISM,6.5070923977276465,-4.532210515266009
KEGG_RIBOSOME,11.655719993068299,20.379191293019456
KEGG_RIG_I_LIKE_RECEPTOR_SIGNALING_PATHWAY,2.5422035241985115,-5.512467131639514
KEGG_RNA_DEGRADATION,11.459933321581834,5.509876362551994
KEGG_RNA_POLYMERASE,13.412324124215917,9.317597901340072
KEGG_SELENOAMINO_ACID_METABOLISM,12.149999122766241,3.6505714007818124
KEGG_SMALL_CELL_LUNG_CANCER,7.4125396909111565,-7.145039551159823
KEGG_SNARE_INTERACTIONS_IN_VESICULAR_TRANSPORT,11.943793717559103,1.7011899355917561
KEGG_SPHINGOLIPID_METABOLISM,9.250667177848735,-5.330505678893553
KEGG_SPLICEOSOME,18.730133775330263,15.45612230395912
KEGG_STARCH_AND_SUCROSE_METABOLISM,10.039125612744883,1.1066462576717708
KEGG_STEROID_BIOSYNTHESIS,14.380665264793377,14.379058590970885
KEGG_STEROID_HORMONE_BIOSYNTHESIS,3.8653924666111834,1.3826959981403177
KEGG_SULFUR_METABOLISM,7.115131818765504,-2.6958392949713637
KEGG_SYSTEMIC_LUPUS_ERYTHEMATOSUS,16.129700034991203,-3.0054607255495682
KEGG_TASTE_TRANSDUCTION,-6.918416581259935,8.263875825472455
KEGG_TAURINE_AND_HYPOTAURINE_METABOLISM,2.502255553874642,-1.4264069082574775
KEGG_TERPENOID_BACKBONE_BIOSYNTHESIS,13.6626235859198,15.373207482701797
KEGG_TGF_BETA_SIGNALING_PATHWAY,3.3980023605736016,-6.4239147488593265
KEGG_THYROID_CANCER,14.149395300049264,4.940566266158038
KEGG_TIGHT_JUNCTION,4.569543697321731,-3.5821863394832825
KEGG_TOLL_LIKE_RECEPTOR_SIGNALING_PATHWAY,6.124204533599011,-8.72279564477366
KEGG_TRYPTOPHAN_METABOLISM,10.568864619181737,12.023473752931725
KEGG_TYPE_II_DIABETES_MELLITUS,-3.670441109494421,-4.376664592903159
KEGG_TYPE_I_DIABETES_MELLITUS,-3.3236182159791916,4.9118995454793515
KEGG_TYROSINE_METABOLISM,5.261878604148461,-0.9801272620443606
KEGG_T_CELL_RECEPTOR_SIGNALING_PATHWAY,2.0765585704932157,-8.863101236118966
KEGG_UBIQUITIN_MEDIATED_PROTEOLYSIS,14.101629478411501,4.245387912206391
KEGG_VALINE_LEUCINE_AND_ISOLEUCINE_BIOSYNTHESIS,6.629575164150643,-2.0108163012145277
KEGG_VALINE_LEUCINE_AND_ISOLEUCINE_DEGRADATION,11.556055311318621,15.912751368967786
KEGG_VASCULAR_SMOOTH_MUSCLE_CONTRACTION,-0.1354753907683669,-4.582259597829349
KEGG_VASOPRESSIN_REGULATED_WATER_REABSORPTION,15.347118024460892,0.38616708583483783
KEGG_VEGF_SIGNALING_PATHWAY,4.218978553781684,-6.641667022889974
KEGG_VIBRIO_CHOLERAE_INFECTION,16.037683679729895,5.328195388577408
KEGG_VIRAL_MYOCARDITIS,9.613065452099661,-9.876156226222092
KEGG_WNT_SIGNALING_PATHWAY,-0.26343512990452633,-3.5531628526568326
NABA_BASEMENT_MEMBRANES,-0.42088005834201087,-8.167144003931654
NABA_COLLAGENS,-6.893482438660424,-0.14328028700264805
NABA_CORE_MATRISOME,-3.7241183344425886,0.9164410042765297
NABA_ECM_AFFILIATED,-4.130158493843664,-0.3672795503748852
NABA_ECM_GLYCOPROTEINS,-3.0384785861571166,0.9587540016901422
NABA_ECM_REGULATORS,0.22188873562249584,-5.103666608413448
NABA_MATRISOME,-4.648564327637617,1.043613129960385
NABA_MATRISOME_ASSOCIATED,-4.732035062902283,1.4885981858004353
NABA_PROTEOGLYCANS,-4.327418331348665,1.4229267076133407
NABA_SECRETED_FACTORS,-4.092100014969654,6.518557899375741
PID_A6B1_A6B4_INTEGRIN_PATHWAY,22.09981768339815,3.1303322819072177
PID_AJDISS_2PATHWAY,14.253449828875848,-4.388139745698832
PID_ALK1_PATHWAY,18.160774030959534,-2.800714213448444
PID_ALK2_PATHWAY,-3.3745034688133284,0.25818697083461717
PID_ALPHA_SYNUCLEIN_PATHWAY,8.015573092099912,-9.188248778663624
PID_AMB2_NEUTROPHILS_PATHWAY,9.695354180096505,-10.557549266880423
PID_ANGIOPOIETIN_RECEPTOR_PATHWAY,20.23550478890889,2.2543385074653184
PID_ANTHRAX_PATHWAY,10.65034702538792,-10.188884208193995
PID_AP1_PATHWAY,10.83715028982719,-9.330931284882352
PID_ARF6_DOWNSTREAM_PATHWAY,21.59501453342491,10.251028567537645
PID_ARF6_PATHWAY,2.0357217978237414,-4.057635539788216
PID_ARF6_TRAFFICKING_PATHWAY,12.370786109380846,-7.31343312804219
PID_ARF_3PATHWAY,19.4076291464823,17.086255372490662
PID_AR_NONGENOMIC_PATHWAY,15.540195325440832,2.3342032835441975
PID_AR_PATHWAY,13.123961849134409,-1.6514887437259436
PID_AR_TF_PATHWAY,6.383985819988182,-3.792549852303791
PID_ATF2_PATHWAY,13.652827556882368,-6.91700283582074
PID_ATM_PATHWAY,5.068869427256537,1.6841209840948734
PID_ATR_PATHWAY,5.256816047019961,3.7877870541709844
PID_AURORA_A_PATHWAY,11.151363263964397,10.526584684749917
PID_AURORA_B_PATHWAY,4.797356932888192,4.246742974866239
PID_AVB3_INTEGRIN_PATHWAY,15.669342416648341,-6.1415290143565215
PID_AVB3_OPN_PATHWAY,22.635291265414722,4.032763892063497
PID_BARD1_PATHWAY,6.029444789765656,2.8395653858544607
PID_BCR_5PATHWAY,12.141994241129778,-9.29005297196208
PID_BETA_CATENIN_DEG_PATHWAY,13.508134010636672,3.86687129608098
PID_BETA_CATENIN_NUC_PATHWAY,6.672827382163532,-5.4874581578034665
PID_BMP_PATHWAY,6.14748586009698,-4.369827774728512
PID_CASPASE_PATHWAY,15.133060659826436,2.4823585791342424
PID_CD40_PATHWAY,16.764653503825844,-2.969901747676748
PID_CD8_TCR_DOWNSTREAM_PATHWAY,-0.4316755033844402,0.8958099863209652
PID_CD8_TCR_PATHWAY,2.2605122964211954,-9.797456002467273
PID_CDC42_PATHWAY,17.20996393083368,-0.6749554865702423
PID_CDC42_REG_PATHWAY,3.7616457555997047,-5.505442286557293
PID_CERAMIDE_PATHWAY,16.50333317340737,4.288863935524147
PID_CIRCADIAN_PATHWAY,9.810068390016326,-2.7479020035512565
PID_CMYB_PATHWAY,14.664173923442513,-4.695804603819143
PID_CONE_PATHWAY,-6.768441841745908,9.744407922005966
PID_CXCR3_PATHWAY,10.36813998654344,-9.834701222623602
PID_CXCR4_PATHWAY,13.601147360175505,-8.71214151115769
PID_DELTA_NP63_PATHWAY,2.5687653887985555,-5.996381880103266
PID_DNA_PK_PATHWAY,1.872897324589603,0.28873325600642413
PID_E2F_PATHWAY,6.848230995534228,3.6955772497579984
PID_ECADHERIN_KERATINOCYTE_PATHWAY,18.605560806664975,13.748296702914843
PID_ECADHERIN_NASCENT_AJ_PATHWAY,21.75460204423065,7.747483539518784
PID_ECADHERIN_STABILIZATION_PATHWAY,21.821727479265522,3.5489643296956506
PID_ENDOTHELIN_PATHWAY,3.2679090115671086,-6.905117164316382
PID_EPHA2_FWD_PATHWAY,20.201652385851265,10.829308958544283
PID_EPHA_FWDPATHWAY,0.6292674286877427,-6.881634034644874
PID_EPHB_FWD_PATHWAY,14.271116365335294,-3.6539531254450885
PID_EPHRINB_REV_PATHWAY,7.602698890288008,-9.207478668369038
PID_EPO_PATHWAY,19.088155871651907,0.13936295897187617
PID_ERA_GENOMIC_PATHWAY,13.843652227549732,3.6046594634465574
PID_ERBB1_DOWNSTREAM_PATHWAY,20.812779714083362,5.001463416465705
PID_ERBB1_INTERNALIZATION_PATHWAY,9.186721422552441,-4.880137559239064
PID_ERBB1_RECEPTOR_PROXIMAL_PATHWAY,19.365555987683713,1.2181239013347187
PID_ERBB2_ERBB3_PATHWAY,12.918134944549555,-0.9067310689485047
PID_ERBB4_PATHWAY,1.581223929579143,-0.746829222217126
PID_ERBB_NETWORK_PATHWAY,-7.244687736505914,-4.18390827100185
PID_ERB_GENOMIC_PATHWAY,12.378790072826497,1.2863437514387206
PID_ER_NONGENOMIC_PATHWAY,11.326979594199614,-8.426197515131825
PID_FAK_PATHWAY,20.64325526027204,2.2655966684386337
PID_FANCONI_PATHWAY,2.4128219759798535,2.3301589084306853
PID_FAS_PATHWAY,6.373905774219909,-8.004310427642796
PID_FCER1_PATHWAY,11.419258125337818,-9.434621247862466
PID_FGF_PATHWAY,7.020014664484654,-7.007265895521728
PID_FOXM1_PATHWAY,4.7860243745992355,3.7823515602025397
PID_FOXO_PATHWAY,19.29434541107113,8.54892367284283
PID_FRA_PATHWAY,10.954644014410649,-9.690218954439677
PID_GLYPICAN_1PATHWAY,5.111330796567729,-9.348448442751486
PID_GMCSF_PATHWAY,20.37646823672636,-0.16880799561090676
PID_HDAC_CLASSIII_PATHWAY,14.041323609833825,2.6551907571754985
PID_HDAC_CLASSII_PATHWAY,13.539108131582722,3.444511941712897
PID_HDAC_CLASSI_PATHWAY,14.346039127760381,3.8419015994124135
PID_HEDGEHOG_2PATHWAY,-5.044945565951601,-2.3157320164688078
PID_HEDGEHOG_GLI_PATHWAY,11.76490350336029,-0.6614807012715223
PID_HES_HEY_PATHWAY,10.713272933728833,-4.553040847932331
PID_HIF1A_PATHWAY,14.229410017743014,8.65799877215053
PID_HIF1_TFPATHWAY,20.432571257745153,6.8503950340674
PID_HIF2PATHWAY,20.48456096014929,3.2520369172574304
PID_HIV_NEF_PATHWAY,15.026598378027135,-1.632081876558985
PID_HNF3A_PATHWAY,9.280339232967059,6.898506725826166
PID_HNF3B_PATHWAY,12.658050925307364,14.127617470153343
PID_IFNG_PATHWAY,18.22998094854498,-3.761425550807643
PID_IGF1_PATHWAY,21.39856060210371,4.746049206897543
PID_IL12_2PATHWAY,3.752236587343619,-9.989132955193572
PID_IL12_STAT4_PATHWAY,-0.5294170341798213,1.8419769480881203
PID_IL1_PATHWAY,12.188753236003743,-0.14249521961114464
PID_IL23_PATHWAY,-1.8140685794094356,2.2981624716638813
PID_IL27_PATHWAY,-1.5318472843452127,1.361930255199289
PID_IL2_1PATHWAY,17.41873683360237,-4.764431963243703
PID_IL2_PI3K_PATHWAY,18.914025326692148,-0.918116007648617
PID_IL2_STAT5_PATHWAY,5.9242148168236675,-9.764547698231436
PID_IL3_PATHWAY,19.820634784241676,3.6165491518967046
PID_IL4_2PATHWAY,7.851521996598417,-10.308604468399402
PID_IL5_PATHWAY,13.731679367181306,-7.415305694785739
PID_IL6_7_PATHWAY,21.7817699200867,8.330016603553053
PID_IL8_CXCR1_PATHWAY,-0.8690988757373614,-7.3144003610959984
PID_IL8_CXCR2_PATHWAY,7.566760026330507,-9.845153348866983
PID_ILK_PATHWAY,22.40174875040741,2.520710663864291
PID_INSULIN_GLUCOSE_PATHWAY,14.484506313409929,4.320870797502709
PID_INSULIN_PATHWAY,16.120171493942454,-0.32334320109310644
PID_INTEGRIN1_PATHWAY,19.01342328665074,-3.2049252083242923
PID_INTEGRIN2_PATHWAY,19.123370199504365,-2.646056683980951
PID_INTEGRIN3_PATHWAY,22.89052377166599,6.295939899544687
PID_INTEGRIN4_PATHWAY,9.03926757710939,-8.901310832795403
PID_INTEGRIN5_PATHWAY,10.021096951813673,-9.886269261309785
PID_INTEGRIN_A4B1_PATHWAY,22.14800541119559,9.815205133990213
PID_INTEGRIN_A9B1_PATHWAY,5.517854185932458,-8.87088215957216
PID_INTEGRIN_CS_PATHWAY,-1.5753248270097595,-0.045070971605624885
PID_KIT_PATHWAY,5.331269344209387,-7.502994102593195
PID_LIS1_PATHWAY,11.632907358576627,-1.5254679834747813
PID_LKB1_PATHWAY,14.894435400562218,4.560968136832196
PID_LPA4_PATHWAY,-7.45053394433611,2.9462959397642394
PID_LYMPH_ANGIOGENESIS_PATHWAY,20.911624217291735,2.402255286128015
PID_LYSOPHOSPHOLIPID_PATHWAY,9.692362553752318,-7.918994238933271
PID_MAPK_TRK_PATHWAY,13.843191522240346,-3.5835995646373195
PID_MET_PATHWAY,19.1332089712614,3.3492590338523254
PID_MTOR_4PATHWAY,20.415111906574865,9.939935323682752
PID_MYC_ACTIV_PATHWAY,13.15060090317946,7.885441214255505
PID_MYC_PATHWAY,11.369264743820201,4.711833977482403
PID_MYC_REPRESS_PATHWAY,18.136136709493492,1.5967109199482237
PID_NCADHERIN_PATHWAY,18.29894359337907,-1.2090834317042258
PID_NECTIN_PATHWAY,20.783127174880256,10.890658149919792
PID_NEPHRIN_NEPH1_PATHWAY,5.045910925949088,-6.080340989772827
PID_NETRIN_PATHWAY,14.509797953902824,-3.3139444848598467
PID_NFAT_3PATHWAY,15.094772005087059,0.024753338654414314
PID_NFAT_TFPATHWAY,-1.850707347609581,1.1484298302723461
PID_NFKAPPAB_ATYPICAL_PATHWAY,17.6046344160477,-5.197006096587569
PID_NFKAPPAB_CANONICAL_PATHWAY,16.846589522211268,0.3843075986117396
PID_NOTCH_PATHWAY,8.937181836077768,-7.539413197816866
PID_P38_ALPHA_BETA_DOWNSTREAM_PATHWAY,14.318593543274961,-4.806426742322828
PID_P38_ALPHA_BETA_PATHWAY,16.77192247834437,-0.5137126309191207
PID_P38_GAMMA_DELTA_PATHWAY,14.512652892787196,2.6908791124952405
PID_P38_MK2_PATHWAY,20.007595092000933,13.538906862340781
PID_P38_MKK3_6PATHWAY,13.508636737636303,5.009540326424651
PID_P53_DOWNSTREAM_PATHWAY,15.75616892749475,-2.0973815206487956
PID_P53_REGULATION_PATHWAY,11.832959597944733,4.613807099883565
PID_P73PATHWAY,9.45064116828609,0.6003520449060992
PID_P75_NTR_PATHWAY,15.574634416082144,0.5859679909466282
PID_PDGFRA_PATHWAY,20.14363957168617,2.977764647689092
PID_PDGFRB_PATHWAY,21.782920658157227,2.516002538295142
PID_PI3KCI_AKT_PATHWAY,18.359249019946628,11.03763812339006
PID_PI3KCI_PATHWAY,9.34910901459462,-10.697847532259734
PID_PI3K_PLC_TRK_PATHWAY,14.454106551002399,1.8080025018198282
PID_PLK1_PATHWAY,5.874792859112363,4.425017680273038
PID_PRL_SIGNALING_EVENTS_PATHWAY,19.380535929014368,15.848882462941736
PID_PS1_PATHWAY,14.389415517371727,-0.5333622605283161
PID_PTP1B_PATHWAY,15.113836061801754,-7.388306159423851
PID_RAC1_PATHWAY,20.96957320272699,3.345958583501119
PID_RAC1_REG_PATHWAY,2.2426242643222984,-6.881799192661789
PID_RANBP2_PATHWAY,13.938410377448408,6.928221728458977
PID_RAS_PATHWAY,-2.5871935923455185,-3.8130152317785
PID_RB_1PATHWAY,6.62470058637764,0.8160396636043608
PID_REELIN_PATHWAY,5.758744367615066,-6.574820180932088
PID_REG_GR_PATHWAY,9.752488445511062,-6.927998934100673
PID_RETINOIC_ACID_PATHWAY,12.433730117649677,-0.5251813655543397
PID_RET_PATHWAY,16.609817614578287,3.063287533183129
PID_RHOA_PATHWAY,15.872294302576112,-3.605800717453085
PID_RHOA_REG_PATHWAY,6.41875923485373,-7.443750299558808
PID_RHODOPSIN_PATHWAY,-6.771282461625005,8.97353569018223
PID_RXR_VDR_PATHWAY,11.692612030118873,0.19408184164196135
PID_S1P_META_PATHWAY,9.01238982773755,-8.245715419472264
PID_S1P_S1P1_PATHWAY,19.493257281796144,-1.6900433633097158
PID_S1P_S1P2_PATHWAY,20.11170718068947,7.474000371337677
PID_S1P_S1P3_PATHWAY,20.035737726613654,0.3439971624370623
PID_S1P_S1P4_PATHWAY,15.065318140972074,1.5909052581401655
PID_SHP2_PATHWAY,8.668087458312227,-7.078176308322201
PID_SMAD2_3NUCLEAR_PATHWAY,12.21843127508682,-5.596815617496086
PID_SMAD2_3PATHWAY,17.819769575966824,9.353038777586349
PID_SYNDECAN_1_PATHWAY,8.9890709453231,-9.258299562260579
PID_SYNDECAN_2_PATHWAY,22.94216140656043,5.922599624008298
PID_SYNDECAN_3_PATHWAY,4.49280105823471,-8.134309198533387
PID_SYNDECAN_4_PATHWAY,22.95261213361514,6.845276327070153
PID_TAP63_PATHWAY,14.74458732346539,-1.80188999115295
PID_TCPTP_PATHWAY,19.470724094186682,-1.0454403371332597
PID_TCR_CALCIUM_PATHWAY,-1.8803120406442875,0.28600996203469603
PID_TCR_JNK_PATHWAY,8.490792345461726,-9.567754976299863
PID_TCR_PATHWAY,2.961809776119681,-9.47179528711867
PID_TCR_RAS_PATHWAY,16.230447490036564,-2.679829409123128
PID_TELOMERASE_PATHWAY,14.538119636941136,-0.2695459079737918
PID_TGFBR_PATHWAY,21.266757874316532,4.234345589947704
PID_THROMBIN_PAR1_PATHWAY,11.318144930040706,-7.692468371330955
PID_THROMBIN_PAR4_PATHWAY,10.425742170070537,-7.729883735408825
PID_TNF_PATHWAY,16.053261008261487,1.0694417939837533
PID_TOLL_ENDOGENOUS_PATHWAY,17.870146127414646,-2.9861577596700246
PID_TRAIL_PATHWAY,11.70010798215645,-5.416341881737912
PID_TRKR_PATHWAY,14.07893007453957,-3.2688946070883746
PID_TXA2PATHWAY,4.576941246320358,-9.043613200511409
PID_UPA_UPAR_PATHWAY,19.46799328429355,-2.405794947826193
PID_VEGFR1_2_PATHWAY,21.50922834011055,5.626435012823074
PID_VEGFR1_PATHWAY,18.920619522810476,-1.3575897264457524
PID_VEGF_VEGFR_PATHWAY,6.678104172011782,-8.041934736295016
PID_WNT_CANONICAL_PATHWAY,12.998373997316099,-0.5864712243659669
PID_WNT_NONCANONICAL_PATHWAY,7.982279706790776,-3.1572929972166413
PID_WNT_SIGNALING_PATHWAY,-5.964400434844034,-1.24776164099002
REACTOMEMATURATION_OF__SARS_COV_1_NUCLEOPROTEIN,17.30522285122548,4.828850596685456
REACTOME_2_LTR_CIRCLE_FORMATION,20.11639441820305,12.922589795063358
REACTOME_ABACAVIR_ADME,6.656343220616203,9.949048374119355
REACTOME_ABACAVIR_TRANSMEMBRANE_TRANSPORT,6.3011773177195085,9.672100101575621
REACTOME_ABC_FAMILY_PROTEINS_MEDIATED_TRANSPORT,14.747212019975956,10.616298812204743
REACTOME_ABC_TRANSPORTERS_IN_LIPID_HOMEOSTASIS,4.838422484794863,-0.522790327049895
REACTOME_ABC_TRANSPORTER_DISORDERS,15.24244904935757,14.800475754826453
REACTOME_ABERRANT_REGULATION_OF_MITOTIC_EXIT_IN_CANCER_DUE_TO_RB1_DEFECTS,8.815070841996834,4.684237640221635
REACTOME_ABERRANT_REGULATION_OF_MITOTIC_G1_S_TRANSITION_IN_CANCER_DUE_TO_RB1_DEFECTS,7.159022387255352,1.5064936329450875
REACTOME_ABORTIVE_ELONGATION_OF_HIV_1_TRANSCRIPT_IN_THE_ABSENCE_OF_TAT,17.581238233291472,17.607071696994346
REACTOME_ACETYLCHOLINE_BINDING_AND_DOWNSTREAM_EVENTS,-3.7275226984044725,9.415426505874777
REACTOME_ACETYLCHOLINE_INHIBITS_CONTRACTION_OF_OUTER_HAIR_CELLS,-7.2761765017661,9.333189124683441
REACTOME_ACETYLCHOLINE_NEUROTRANSMITTER_RELEASE_CYCLE,-5.592091977865708,4.571958661933841
REACTOME_ACETYLCHOLINE_REGULATES_INSULIN_SECRETION,-2.197131916719976,-5.775127822952796
REACTOME_ACROSOME_REACTION_AND_SPERM_OOCYTE_MEMBRANE_BINDING,-5.11589292411478,4.965095143403158
REACTOME_ACTIVATED_NOTCH1_TRANSMITS_SIGNAL_TO_THE_NUCLEUS,14.267156484929524,-7.1772868043130265
REACTOME_ACTIVATED_NTRK2_SIGNALS_THROUGH_CDK5,-3.6020308944700794,-3.8855731229614783
REACTOME_ACTIVATED_NTRK2_SIGNALS_THROUGH_FRS2_AND_FRS3,7.244117741987316,-3.9441063183511957
REACTOME_ACTIVATED_NTRK2_SIGNALS_THROUGH_FYN,-6.144408217437945,-0.8504686792198909
REACTOME_ACTIVATED_NTRK2_SIGNALS_THROUGH_PI3K,-2.8659526518544602,-5.442651611713131
REACTOME_ACTIVATED_NTRK2_SIGNALS_THROUGH_RAS,13.361060352256114,-4.1984025976917625
REACTOME_ACTIVATED_NTRK3_SIGNALS_THROUGH_PI3K,-6.2273203713002285,-3.3091246845540696
REACTOME_ACTIVATED_NTRK3_SIGNALS_THROUGH_RAS,13.373879763408894,-3.082117719439582
REACTOME_ACTIVATED_PKN1_STIMULATES_TRANSCRIPTION_OF_AR_ANDROGEN_RECEPTOR_REGULATED_GENES_KLK2_AND_KLK3,6.632024544791962,1.7940462578936218
REACTOME_ACTIVATED_TAK1_MEDIATES_P38_MAPK_ACTIVATION,18.80376968128857,8.903067097498822
REACTOME_ACTIVATION_OF_AMPK_DOWNSTREAM_OF_NMDARS,0.6474452955275092,-2.646245728525502
REACTOME_ACTIVATION_OF_ANTERIOR_HOX_GENES_IN_HINDBRAIN_DEVELOPMENT_DURING_EARLY_EMBRYOGENESIS,6.971622789776555,-1.371713559027825
REACTOME_ACTIVATION_OF_ATR_IN_RESPONSE_TO_REPLICATION_STRESS,4.195220258861968,3.5243385906323725
REACTOME_ACTIVATION_OF_BAD_AND_TRANSLOCATION_TO_MITOCHONDRIA,18.95777602591338,13.928917917206979
REACTOME_ACTIVATION_OF_BH3_ONLY_PROTEINS,15.28217976660823,4.00507023674559
REACTOME_ACTIVATION_OF_CASPASES_THROUGH_APOPTOSOME_MEDIATED_CLEAVAGE,17.387818824346677,2.811571577985183
REACTOME_ACTIVATION_OF_GENE_EXPRESSION_BY_SREBF_SREBP,14.439244297350331,13.517808691991112
REACTOME_ACTIVATION_OF_IRF3_IRF7_MEDIATED_BY_TBK1_IKK_EPSILON,15.706285406579914,12.1258936810468
REACTOME_ACTIVATION_OF_KAINATE_RECEPTORS_UPON_GLUTAMATE_BINDING,-5.817304168217589,1.1505202834149617
REACTOME_ACTIVATION_OF_MATRIX_METALLOPROTEINASES,-1.014779637637207,-8.208957234312503
REACTOME_ACTIVATION_OF_NIMA_KINASES_NEK9_NEK6_NEK7,7.26136845917064,6.085670772906582
REACTOME_ACTIVATION_OF_NMDA_RECEPTORS_AND_POSTSYNAPTIC_EVENTS,-4.000356128819242,-2.6113896946332837
REACTOME_ACTIVATION_OF_PPARGC1A_PGC_1ALPHA_BY_PHOSPHORYLATION,8.629313779775854,-2.5847367976378606
REACTOME_ACTIVATION_OF_PUMA_AND_TRANSLOCATION_TO_MITOCHONDRIA,2.825172483624319,1.6796791567841924
REACTOME_ACTIVATION_OF_RAC1,4.826669274172174,-6.7256920376077405
REACTOME_ACTIVATION_OF_RAC1_DOWNSTREAM_OF_NMDARS,11.19557631241231,-2.413624505157353
REACTOME_ACTIVATION_OF_SMO,-3.321843604420191,-0.7182024381852421
REACTOME_ACTIVATION_OF_THE_AP_1_FAMILY_OF_TRANSCRIPTION_FACTORS,21.911402287112345,3.894166704748967
REACTOME_ACTIVATION_OF_THE_MRNA_UPON_BINDING_OF_THE_CAP_BINDING_COMPLEX_AND_EIFS_AND_SUBSEQUENT_BINDING_TO_43S,10.669242967082491,19.431998396284676
REACTOME_ACTIVATION_OF_THE_PHOTOTRANSDUCTION_CASCADE,-3.2408099819357097,9.096330857269672
REACTOME_ACTIVATION_OF_THE_PRE_REPLICATIVE_COMPLEX,5.056424576204639,4.386246006950448
REACTOME_ACTIVATION_OF_THE_TFAP2_AP_2_FAMILY_OF_TRANSCRIPTION_FACTORS,-5.533065624606394,-2.0986124323042508
REACTOME_ACTIVATION_OF_TRKA_RECEPTORS,-3.294004407528683,9.917542369669917
REACTOME_ACYL_CHAIN_REMODELING_OF_CL,11.35749473547693,3.6600647175000294
REACTOME_ACYL_CHAIN_REMODELING_OF_DAG_AND_TAG,9.753148496989523,7.875525793753579
REACTOME_ACYL_CHAIN_REMODELLING_OF_PC,-4.5491631761413815,2.7120579886644736
REACTOME_ACYL_CHAIN_REMODELLING_OF_PE,-4.5531775892485475,2.1543586587336594
REACTOME_ACYL_CHAIN_REMODELLING_OF_PG,-5.219071635463236,4.24504298407308
REACTOME_ACYL_CHAIN_REMODELLING_OF_PI,-4.178939052159819,2.8632724220862515
REACTOME_ACYL_CHAIN_REMODELLING_OF_PS,-4.855793431184209,2.060787820614339
REACTOME_ADAPTIVE_IMMUNE_SYSTEM,11.2113394273492,-7.984483712362634
REACTOME_ADENYLATE_CYCLASE_ACTIVATING_PATHWAY,-8.698077461335107,3.8119599388824357
REACTOME_ADENYLATE_CYCLASE_INHIBITORY_PATHWAY,-2.9186888705643224,1.3353021030268883
REACTOME_ADHERENS_JUNCTIONS_INTERACTIONS,0.2668189791750814,-0.771999475247469
REACTOME_ADORA2B_MEDIATED_ANTI_INFLAMMATORY_CYTOKINES_PRODUCTION,-2.6245132657361547,-5.1365770654041585
REACTOME_ADP_SIGNALLING_THROUGH_P2Y_PURINOCEPTOR_1,-2.26537160730487,-6.286259416612847
REACTOME_ADP_SIGNALLING_THROUGH_P2Y_PURINOCEPTOR_12,-2.079438890042442,-6.789634614429011
REACTOME_ADRENALINE_NORADRENALINE_INHIBITS_INSULIN_SECRETION,-4.640930271719046,-1.8829141332411394
REACTOME_ADRENOCEPTORS,-7.644094832362215,2.648396572374845
REACTOME_ADVANCED_GLYCOSYLATION_ENDPRODUCT_RECEPTOR_SIGNALING,17.7564182387383,14.587775197578386
REACTOME_AFLATOXIN_ACTIVATION_AND_DETOXIFICATION,7.4581596812612085,8.874183195351346
REACTOME_AGGREPHAGY,11.083250076815002,-1.290438315518048
REACTOME_AKT_PHOSPHORYLATES_TARGETS_IN_THE_CYTOSOL,13.426129422877843,6.041414788939736
REACTOME_AKT_PHOSPHORYLATES_TARGETS_IN_THE_NUCLEUS,8.928612166194197,-5.314072302164668
REACTOME_ALK_MUTANTS_BIND_TKIS,16.17581175065794,3.170019630090382
REACTOME_ALPHA_DEFENSINS,-4.497261688322593,7.185766702767457
REACTOME_ALPHA_LINOLENIC_OMEGA3_AND_LINOLEIC_OMEGA6_ACID_METABOLISM,13.883606920958185,15.886535150023095
REACTOME_ALPHA_OXIDATION_OF_PHYTANATE,10.625643122070688,17.486796374855512
REACTOME_ALPHA_PROTEIN_KINASE_1_SIGNALING_PATHWAY,18.046209492534647,8.831860454110764
REACTOME_AMINE_LIGAND_BINDING_RECEPTORS,-5.7844014377460775,8.99136178916018
REACTOME_AMINO_ACIDS_REGULATE_MTORC1,14.59218654792386,6.357843925444232
REACTOME_AMINO_ACID_CONJUGATION,7.682881018091217,10.860087268359
REACTOME_AMINO_ACID_TRANSPORT_ACROSS_THE_PLASMA_MEMBRANE,-4.137172842376722,-6.172150154371975
REACTOME_AMPK_INHIBITS_CHREBP_TRANSCRIPTIONAL_ACTIVATION_ACTIVITY,15.054436340541612,8.818276514977072
REACTOME_AMYLOID_FIBER_FORMATION,16.37585967700351,6.98506098872202
REACTOME_ANCHORING_FIBRIL_FORMATION,-1.4834997349865535,0.9410914387022673
REACTOME_ANCHORING_OF_THE_BASAL_BODY_TO_THE_PLASMA_MEMBRANE,3.553635346643083,0.5007041386931095
REACTOME_ANDROGEN_BIOSYNTHESIS,-7.192643344603106,0.45992446156563743
REACTOME_ANTIGEN_ACTIVATES_B_CELL_RECEPTOR_BCR_LEADING_TO_GENERATION_OF_SECOND_MESSENGERS,1.9431245548132585,-9.579969478953624
REACTOME_ANTIGEN_PRESENTATION_FOLDING_ASSEMBLY_AND_PEPTIDE_LOADING_OF_CLASS_I_MHC,15.286302537523442,16.46066850258846
REACTOME_ANTIGEN_PROCESSING_CROSS_PRESENTATION,17.265052802863917,13.197003354656808
REACTOME_ANTIGEN_PROCESSING_UBIQUITINATION_PROTEASOME_DEGRADATION,11.467148966212038,1.3027873374040917
REACTOME_ANTIMICROBIAL_PEPTIDES,-6.743971555091334,6.665505488677004
REACTOME_ANTIVIRAL_MECHANISM_BY_IFN_STIMULATED_GENES,16.555210094227764,5.55243645715555
REACTOME_ANTI_INFLAMMATORY_RESPONSE_FAVOURING_LEISHMANIA_PARASITE_INFECTION,-1.5544701776557805,-5.89947572414009
REACTOME_APC_CDC20_MEDIATED_DEGRADATION_OF_NEK2A,12.27266617416099,8.788000173263136
REACTOME_APC_C_CDC20_MEDIATED_DEGRADATION_OF_CYCLIN_B,12.223674551991385,10.3980225698716
REACTOME_APC_C_CDH1_MEDIATED_DEGRADATION_OF_CDC20_AND_OTHER_APC_C_CDH1_TARGETED_PROTEINS_IN_LATE_MITOSIS_EARLY_G1,20.696209614278732,13.834669370336306
REACTOME_APC_C_MEDIATED_DEGRADATION_OF_CELL_CYCLE_PROTEINS,14.519296059958304,11.157369377316927
REACTOME_APEX1_INDEPENDENT_RESOLUTION_OF_AP_SITES_VIA_THE_SINGLE_NUCLEOTIDE_REPLACEMENT_PATHWAY,7.564425582885964,0.13098421561106116
REACTOME_APOPTOSIS,16.899263387392402,6.658598969501125
REACTOME_APOPTOSIS_INDUCED_DNA_FRAGMENTATION,1.1856995977901403,1.3420702951191774
REACTOME_APOPTOTIC_CLEAVAGE_OF_CELLULAR_PROTEINS,12.937525681479647,-3.9859002104604193
REACTOME_APOPTOTIC_CLEAVAGE_OF_CELL_ADHESION_PROTEINS,8.25917848037802,-5.304684814841087
REACTOME_APOPTOTIC_EXECUTION_PHASE,11.057823659157842,-5.229135832492915
REACTOME_APOPTOTIC_FACTOR_MEDIATED_RESPONSE,12.34816905703261,3.271964581913868
REACTOME_AQUAPORIN_MEDIATED_TRANSPORT,-5.247209360698622,-3.6309298552473606
REACTOME_ARACHIDONATE_PRODUCTION_FROM_DAG,12.862501794223613,5.697066819199631
REACTOME_ARACHIDONIC_ACID_METABOLISM,5.4566780197523475,0.036788245590188326
REACTOME_ARMS_MEDIATED_ACTIVATION,14.399975662332611,0.09647245083564646
REACTOME_ARYL_HYDROCARBON_RECEPTOR_SIGNALLING,16.9096251409304,16.886827469404775
REACTOME_ASPARAGINE_N_LINKED_GLYCOSYLATION,14.321054948115243,5.544774600258481
REACTOME_ASPARTATE_AND_ASPARAGINE_METABOLISM,1.8759228912235908,-2.242663038420109
REACTOME_ASPIRIN_ADME,9.47981227044092,13.447918219717542
REACTOME_ASSEMBLY_AND_CELL_SURFACE_PRESENTATION_OF_NMDA_RECEPTORS,-4.069123379565571,2.3695125261745873
REACTOME_ASSEMBLY_OF_ACTIVE_LPL_AND_LIPC_LIPASE_COMPLEXES,12.171132904638448,13.448447809679294
REACTOME_ASSEMBLY_OF_COLLAGEN_FIBRILS_AND_OTHER_MULTIMERIC_STRUCTURES,-0.23639363321650075,-8.511569053101022
REACTOME_ASSEMBLY_OF_THE_HIV_VIRION,20.591408810638708,16.141294917453525
REACTOME_ASSEMBLY_OF_THE_ORC_COMPLEX_AT_THE_ORIGIN_OF_REPLICATION,7.564053785464426,1.0070638512541037
REACTOME_ASSOCIATION_OF_TRIC_CCT_WITH_TARGET_PROTEINS_DURING_BIOSYNTHESIS,16.902616909243715,9.90040734471107
REACTOME_ASYMMETRIC_LOCALIZATION_OF_PCP_PROTEINS,17.057805872189178,12.50071219696639
REACTOME_ATF4_ACTIVATES_GENES_IN_RESPONSE_TO_ENDOPLASMIC_RETICULUM_STRESS,15.463434941516306,10.919476220245338
REACTOME_ATF6_ATF6_ALPHA_ACTIVATES_CHAPERONES,12.65567102577309,18.82953634318429
REACTOME_ATF6_ATF6_ALPHA_ACTIVATES_CHAPERONE_GENES,10.936273494983634,19.73663682058647
REACTOME_ATORVASTATIN_ADME,8.878016878815508,14.999514757540613
REACTOME_ATTACHMENT_AND_ENTRY,22.211020304966134,9.1909844521881
REACTOME_ATTACHMENT_OF_GPI_ANCHOR_TO_UPAR,12.646164334098438,2.2136456503192754
REACTOME_ATTENUATION_PHASE,18.817703420493224,12.161665631581522
REACTOME_AUF1_HNRNP_D0_BINDS_AND_DESTABILIZES_MRNA,13.579722727707097,18.474476878898873
REACTOME_AURKA_ACTIVATION_BY_TPX2,6.4009349953496475,3.035053347712152
REACTOME_AUTOPHAGY,15.823573092495538,6.411747384770346
REACTOME_AZATHIOPRINE_ADME,12.867219197194993,5.021770182608873
REACTOME_A_TETRASACCHARIDE_LINKER_SEQUENCE_IS_REQUIRED_FOR_GAG_SYNTHESIS,15.299351010879708,-7.785361709378479
REACTOME_BASE_EXCISION_REPAIR,10.084746671084357,5.963929194516655
REACTOME_BASE_EXCISION_REPAIR_AP_SITE_FORMATION,7.156824963760105,0.2909050902121934
REACTOME_BASIGIN_INTERACTIONS,11.787469359426364,-7.863913675797259
REACTOME_BBSOME_MEDIATED_CARGO_TARGETING_TO_CILIUM,7.657845655265197,-1.962849994766937
REACTOME_BETA_CATENIN_INDEPENDENT_WNT_SIGNALING,12.406833915564192,0.8226136908786819
REACTOME_BETA_CATENIN_PHOSPHORYLATION_CASCADE,16.828545947693147,8.05692155247107
REACTOME_BETA_DEFENSINS,-8.34449654714913,8.777779368631263
REACTOME_BETA_OXIDATION_OF_BUTANOYL_COA_TO_ACETYL_COA,12.80257689331833,10.091246887708836
REACTOME_BETA_OXIDATION_OF_DECANOYL_COA_TO_OCTANOYL_COA_COA,11.597590481899225,18.600947437334067
REACTOME_BETA_OXIDATION_OF_HEXANOYL_COA_TO_BUTANOYL_COA,9.825053305223802,18.594703696109374
REACTOME_BETA_OXIDATION_OF_LAUROYL_COA_TO_DECANOYL_COA_COA,13.07283601886615,17.49493285174937
REACTOME_BETA_OXIDATION_OF_OCTANOYL_COA_TO_HEXANOYL_COA,10.344916493832423,18.767717309334312
REACTOME_BETA_OXIDATION_OF_PRISTANOYL_COA,11.68029133273066,14.198369830967044
REACTOME_BETA_OXIDATION_OF_VERY_LONG_CHAIN_FATTY_ACIDS,11.511168117215949,13.591595178054563
REACTOME_BH3_ONLY_PROTEINS_ASSOCIATE_WITH_AND_INACTIVATE_ANTI_APOPTOTIC_BCL_2_MEMBERS,15.199044577795071,-4.171356067794043
REACTOME_BICARBONATE_TRANSPORTERS,-7.1902131498699235,5.3109875440567444
REACTOME_BILE_ACID_AND_BILE_SALT_METABOLISM,9.00805548124521,10.006674091779681
REACTOME_BINDING_AND_UPTAKE_OF_LIGANDS_BY_SCAVENGER_RECEPTORS,17.454222443424538,13.929394869923055
REACTOME_BINDING_OF_TCF_LEF_CTNNB1_TO_TARGET_GENE_PROMOTERS,6.174680019735164,-3.3516497357121726
REACTOME_BIOLOGICAL_OXIDATIONS,8.456859828049271,8.730869069384264
REACTOME_BIOSYNTHESIS_OF_EPA_DERIVED_SPMS,5.436384023909352,-9.533087050627808
REACTOME_BIOSYNTHESIS_OF_MARESINS,8.272591621349152,14.204394976989455
REACTOME_BIOSYNTHESIS_OF_MARESIN_LIKE_SPMS,8.520745236786281,14.53926444419456
REACTOME_BIOSYNTHESIS_OF_SPECIALIZED_PRORESOLVING_MEDIATORS_SPMS,6.873262531559771,9.006341697363355
REACTOME_BIOSYNTHESIS_OF_THE_N_GLYCAN_PRECURSOR_DOLICHOL_LIPID_LINKED_OLIGOSACCHARIDE_LLO_AND_TRANSFER_TO_A_NASCENT_PROTEIN,8.962100583928757,-1.9841818969848322
REACTOME_BIOTIN_TRANSPORT_AND_METABOLISM,10.997162733664092,13.66492305615099
REACTOME_BLOOD_GROUP_SYSTEMS_BIOSYNTHESIS,-6.310643344504534,7.095324287725128
REACTOME_BMAL1_CLOCK_NPAS2_ACTIVATES_CIRCADIAN_GENE_EXPRESSION,10.597219228973868,-2.3492619263367365
REACTOME_BRANCHED_CHAIN_AMINO_ACID_CATABOLISM,13.045126332032591,14.702219186879734
REACTOME_BUDDING_AND_MATURATION_OF_HIV_VIRION,18.398357786830562,13.475066996712183
REACTOME_BUTYRATE_RESPONSE_FACTOR_1_BRF1_BINDS_AND_DESTABILIZES_MRNA,13.407420040006938,8.469761730983688
REACTOME_BUTYROPHILIN_BTN_FAMILY_INTERACTIONS,0.4540926194345356,-3.078058983821215
REACTOME_B_WICH_COMPLEX_POSITIVELY_REGULATES_RRNA_EXPRESSION,11.925643569582936,7.141093172416234
REACTOME_CA2_ACTIVATED_K_CHANNELS,-7.615358392508092,8.634593626509309
REACTOME_CA2_PATHWAY,-3.485930228832907,-4.858397394599532
REACTOME_CALCINEURIN_ACTIVATES_NFAT,7.598553034005767,-6.648294878810104
REACTOME_CALCITONIN_LIKE_LIGAND_RECEPTORS,0.8073095470280791,-5.479925350764027
REACTOME_CALNEXIN_CALRETICULIN_CYCLE,12.451573151705835,17.84034807352715
REACTOME_CAMK_IV_MEDIATED_PHOSPHORYLATION_OF_CREB,-2.992048951986055,-0.6325661536874624
REACTOME_CARBOXYTERMINAL_POST_TRANSLATIONAL_MODIFICATIONS_OF_TUBULIN,-6.979743910363274,2.4195185661340664
REACTOME_CARDIAC_CONDUCTION,-5.885857144251549,5.390096270463659
REACTOME_CARGO_CONCENTRATION_IN_THE_ER,17.085180355503024,4.492713801299921
REACTOME_CARGO_RECOGNITION_FOR_CLATHRIN_MEDIATED_ENDOCYTOSIS,12.0556352725845,-2.6894554812194675
REACTOME_CARGO_TRAFFICKING_TO_THE_PERICILIARY_MEMBRANE,4.804524944717304,-3.421329218201622
REACTOME_CARNITINE_METABOLISM,11.480246876688547,11.943230327048092
REACTOME_CASPASE_ACTIVATION_VIA_DEATH_RECEPTORS_IN_THE_PRESENCE_OF_LIGAND,15.716599675879975,-1.4252018992947062
REACTOME_CASPASE_ACTIVATION_VIA_DEPENDENCE_RECEPTORS_IN_THE_ABSENCE_OF_LIGAND,10.260835317122805,-5.161819922287416
REACTOME_CASPASE_ACTIVATION_VIA_EXTRINSIC_APOPTOTIC_SIGNALLING_PATHWAY,15.455221653029678,-2.3699022926599613
REACTOME_CASPASE_MEDIATED_CLEAVAGE_OF_CYTOSKELETAL_PROTEINS,19.790850481799197,9.15374641536862
REACTOME_CATION_COUPLED_CHLORIDE_COTRANSPORTERS,-6.640685271330538,-1.1544830864655438
REACTOME_CA_DEPENDENT_EVENTS,-3.1788986077189834,-0.123277113068691
REACTOME_CD163_MEDIATING_AN_ANTI_INFLAMMATORY_RESPONSE,15.004255113106865,-8.229987768912078
REACTOME_CD209_DC_SIGN_SIGNALING,6.9122044582745765,-7.600341616685611
REACTOME_CD28_CO_STIMULATION,6.88095589855326,-8.573810057865641
REACTOME_CD28_DEPENDENT_PI3K_AKT_SIGNALING,1.5291627619895243,-3.328081965918896
REACTOME_CD28_DEPENDENT_VAV1_PATHWAY,8.017648632764661,-10.683990049369925
REACTOME_CDC42_GTPASE_CYCLE,2.9605331442007587,-7.027526766385817
REACTOME_CDC6_ASSOCIATION_WITH_THE_ORC_ORIGIN_COMPLEX,1.726879604350405,2.553469358105787
REACTOME_CELLULAR_HEXOSE_TRANSPORT,-3.308169492095639,-6.908882544458306
REACTOME_CELLULAR_RESPONSES_TO_STIMULI,18.22043944228094,10.16113291489829
REACTOME_CELLULAR_RESPONSE_TO_CHEMICAL_STRESS,16.87339669736872,13.807484408069241
REACTOME_CELLULAR_RESPONSE_TO_HEAT_STRESS,14.081502616129852,7.367071502138335
REACTOME_CELLULAR_RESPONSE_TO_HYPOXIA,17.20191957353757,16.037639422602425
REACTOME_CELLULAR_RESPONSE_TO_STARVATION,14.745695104442555,18.88436467305171
REACTOME_CELLULAR_SENESCENCE,8.620763469874802,0.5568146413861956
REACTOME_CELL_CELL_COMMUNICATION,1.414741956193621,-3.67353095970907
REACTOME_CELL_CELL_JUNCTION_ORGANIZATION,0.7255124878361859,-0.6678635710423713
REACTOME_CELL_CYCLE,7.934298750959017,3.1599181321960623
REACTOME_CELL_CYCLE_CHECKPOINTS,7.751852759208116,4.078626248789498
REACTOME_CELL_CYCLE_MITOTIC,6.884489712171267,4.581529084456918
REACTOME_CELL_DEATH_SIGNALLING_VIA_NRAGE_NRIF_AND_NADE,6.251043456650536,-6.999345437007414
REACTOME_CELL_EXTRACELLULAR_MATRIX_INTERACTIONS,22.435361930556954,7.021556270749888
REACTOME_CELL_JUNCTION_ORGANIZATION,1.6861775955259253,-4.0665143150943575
REACTOME_CELL_SURFACE_INTERACTIONS_AT_THE_VASCULAR_WALL,8.484573556296922,-10.22361337814531
REACTOME_CGMP_EFFECTS,-6.851815213953399,8.589661320855935
REACTOME_CHAPERONE_MEDIATED_AUTOPHAGY,17.758360074070076,15.664350064779663
REACTOME_CHEMOKINE_RECEPTORS_BIND_CHEMOKINES,-3.0362193324174718,4.51444434041875
REACTOME_CHK1_CHK2_CDS1_MEDIATED_INACTIVATION_OF_CYCLIN_B_CDK1_COMPLEX,20.903596907246715,13.484149411179407
REACTOME_CHL1_INTERACTIONS,-1.9078559145138076,-1.3339773490308775
REACTOME_CHOLESTEROL_BIOSYNTHESIS,13.595380230081002,16.743008127808828
REACTOME_CHOLINE_CATABOLISM,10.139656878417288,15.013619181583582
REACTOME_CHONDROITIN_SULFATE_BIOSYNTHESIS,1.1023653642930582,-9.133072544942275
REACTOME_CHONDROITIN_SULFATE_DERMATAN_SULFATE_METABOLISM,8.605737269318245,-8.440014323224684
REACTOME_CHREBP_ACTIVATES_METABOLIC_GENE_EXPRESSION,11.98288887769223,16.701163986827144
REACTOME_CHROMATIN_MODIFYING_ENZYMES,7.104037288029359,-0.5192006996488191
REACTOME_CHROMOSOME_MAINTENANCE,7.4986966877452215,2.9039896081954604
REACTOME_CHYLOMICRON_ASSEMBLY,9.399348504413144,18.372392719437496
REACTOME_CHYLOMICRON_CLEARANCE,10.67156736450703,17.9229230213658
REACTOME_CHYLOMICRON_REMODELING,10.586083610187956,17.116118770414058
REACTOME_CILIUM_ASSEMBLY,2.441967463581686,-0.3544476833176602
REACTOME_CIPROFLOXACIN_ADME,4.052775199084037,2.1795432527063547
REACTOME_CIRCADIAN_CLOCK,15.175100382406828,2.1566230266552973
REACTOME_CITRIC_ACID_CYCLE_TCA_CYCLE,14.899528334508538,16.74038603012271
REACTOME_CLASS_A_1_RHODOPSIN_LIKE_RECEPTORS,-6.914410550035222,6.374210727729943
REACTOME_CLASS_B_2_SECRETIN_FAMILY_RECEPTORS,-6.060678705296501,4.200356444068428
REACTOME_CLASS_C_3_METABOTROPIC_GLUTAMATE_PHEROMONE_RECEPTORS,-5.151810852482337,10.46824748619911
REACTOME_CLASS_I_MHC_MEDIATED_ANTIGEN_PROCESSING_PRESENTATION,12.5590313631802,2.527740446030335
REACTOME_CLASS_I_PEROXISOMAL_MEMBRANE_PROTEIN_IMPORT,13.19695515719763,9.807607431616205
REACTOME_CLATHRIN_MEDIATED_ENDOCYTOSIS,15.459128582769337,-0.5120598741700699
REACTOME_CLEC7A_DECTIN_1_INDUCES_NFAT_ACTIVATION,3.160042209962871,-5.4664633026594895
REACTOME_CLEC7A_DECTIN_1_SIGNALING,18.745411647836058,10.771607951820446
REACTOME_CLEC7A_INFLAMMASOME_PATHWAY,11.010672499209939,-10.36323952555757
REACTOME_COBALAMIN_CBL_METABOLISM,14.552607073184708,10.198016256105127
REACTOME_COBALAMIN_CBL_VITAMIN_B12_TRANSPORT_AND_METABOLISM,3.6195882969656203,-2.291014322888996
REACTOME_COENZYME_A_BIOSYNTHESIS,13.30663867007393,6.69586708593288
REACTOME_COHESIN_LOADING_ONTO_CHROMATIN,17.414015721958563,3.364111307267872
REACTOME_COLLAGEN_BIOSYNTHESIS_AND_MODIFYING_ENZYMES,0.5078966473640618,-8.604564366396763
REACTOME_COLLAGEN_CHAIN_TRIMERIZATION,-1.4076353170277724,2.0826153281656543
REACTOME_COLLAGEN_DEGRADATION,0.3289990075976573,-9.251823342866421
REACTOME_COLLAGEN_FORMATION,0.3988840994659814,-8.887976280257483
REACTOME_COMMON_PATHWAY_OF_FIBRIN_CLOT_FORMATION,12.944461518851762,13.542579725544158
REACTOME_COMPLEMENT_CASCADE,10.992321703431136,16.592716566259558
REACTOME_COMPLEX_I_BIOGENESIS,15.792318411396836,15.84899703189547
REACTOME_CONDENSATION_OF_PROMETAPHASE_CHROMOSOMES,3.536642453341009,4.1630640234978635
REACTOME_CONDENSATION_OF_PROPHASE_CHROMOSOMES,6.6328206244471835,2.731026417515994
REACTOME_CONJUGATION_OF_BENZOATE_WITH_GLYCINE,7.255718635442732,10.63258962150284
REACTOME_CONSTITUTIVE_SIGNALING_BY_ABERRANT_PI3K_IN_CANCER,-4.186950681890263,0.8418853287467064
REACTOME_CONSTITUTIVE_SIGNALING_BY_AKT1_E17K_IN_CANCER,10.870765780978855,1.1101291394959514
REACTOME_CONSTITUTIVE_SIGNALING_BY_EGFRVIII,18.261409909736084,3.01730666401048
REACTOME_CONSTITUTIVE_SIGNALING_BY_LIGAND_RESPONSIVE_EGFR_CANCER_VARIANTS,19.186664803410483,10.767867582816478
REACTOME_CONSTITUTIVE_SIGNALING_BY_OVEREXPRESSED_ERBB2,18.83235330261312,16.536671570975127
REACTOME_CONVERSION_FROM_APC_C_CDC20_TO_APC_C_CDH1_IN_LATE_ANAPHASE,6.952815761536321,6.2922310635629195
REACTOME_COOPERATION_OF_PDCL_PHLP1_AND_TRIC_CCT_IN_G_PROTEIN_BETA_FOLDING,5.974182779204412,-7.341883288033926
REACTOME_COOPERATION_OF_PREFOLDIN_AND_TRIC_CCT_IN_ACTIN_AND_TUBULIN_FOLDING,15.595262353024832,6.853903770435422
REACTOME_COPII_MEDIATED_VESICLE_TRANSPORT,17.676438099009548,5.031784621919073
REACTOME_COPI_DEPENDENT_GOLGI_TO_ER_RETROGRADE_TRAFFIC,8.446427998529655,1.3985395859411929
REACTOME_COPI_INDEPENDENT_GOLGI_TO_ER_RETROGRADE_TRAFFIC,10.817948648273825,-4.215692622411132
REACTOME_COPI_MEDIATED_ANTEROGRADE_TRANSPORT,15.494583360788038,6.214594928303245
REACTOME_COSTIMULATION_BY_THE_CD28_FAMILY,11.937046735786732,-8.626861530791329
REACTOME_CREATINE_METABOLISM,5.161881065645847,-2.485890645973715
REACTOME_CREATION_OF_C4_AND_C2_ACTIVATORS,13.26308001522955,13.180759779238633
REACTOME_CREB1_PHOSPHORYLATION_THROUGH_NMDA_RECEPTOR_MEDIATED_ACTIVATION_OF_RAS_SIGNALING,-4.901387314201267,-2.949993375661563
REACTOME_CREB1_PHOSPHORYLATION_THROUGH_THE_ACTIVATION_OF_ADENYLATE_CYCLASE,-1.3541394321663511,-0.7589914479494586
REACTOME_CREB1_PHOSPHORYLATION_THROUGH_THE_ACTIVATION_OF_CAMKII_CAMKK_CAMKIV_CASCASDE,-3.0437830985346195,-3.022630229178023
REACTOME_CREB3_FACTORS_ACTIVATE_GENES,13.050665954079793,0.42330935134329195
REACTOME_CREB_PHOSPHORYLATION,10.727336602475567,-5.412574308914593
REACTOME_CRISTAE_FORMATION,15.067054215046173,17.976039224489888
REACTOME_CRMPS_IN_SEMA3A_SIGNALING,-2.406224831230922,-1.2686277391471141
REACTOME_CROSSLINKING_OF_COLLAGEN_FIBRILS,-0.2024656941715291,-9.170002916390157
REACTOME_CROSS_PRESENTATION_OF_PARTICULATE_EXOGENOUS_ANTIGENS_PHAGOSOMES,17.349111024490824,-5.884460833523685
REACTOME_CROSS_PRESENTATION_OF_SOLUBLE_EXOGENOUS_ANTIGENS_ENDOSOMES,17.41886772579298,14.928008698367497
REACTOME_CS_DS_DEGRADATION,2.1696052910179593,-8.243407244325113
REACTOME_CTLA4_INHIBITORY_SIGNALING,19.985287902840575,-0.8774491431103499
REACTOME_CYCLIN_A_B1_B2_ASSOCIATED_EVENTS_DURING_G2_M_TRANSITION,5.326443215486187,4.539634723982498
REACTOME_CYCLIN_A_CDK2_ASSOCIATED_EVENTS_AT_S_PHASE_ENTRY,18.295797625668936,12.476036909783916
REACTOME_CYCLIN_D_ASSOCIATED_EVENTS_IN_G1,10.441388462392359,4.111175143986966
REACTOME_CYP2E1_REACTIONS,9.421699163245306,12.72925894299712
REACTOME_CYTOCHROME_C_MEDIATED_APOPTOTIC_RESPONSE,12.100405053372913,-2.196727412739813
REACTOME_CYTOCHROME_P450_ARRANGED_BY_SUBSTRATE_TYPE,5.040987674668959,0.9222354608459822
REACTOME_CYTOKINE_SIGNALING_IN_IMMUNE_SYSTEM,11.925958343067434,-8.248824297497137
REACTOME_CYTOPROTECTION_BY_HMOX1,16.06090970302047,14.252328797351625
REACTOME_CYTOSOLIC_IRON_SULFUR_CLUSTER_ASSEMBLY,12.070304974397668,9.309776385351705
REACTOME_CYTOSOLIC_SENSORS_OF_PATHOGEN_ASSOCIATED_DNA,16.27839866740108,5.429513962478927
REACTOME_CYTOSOLIC_SULFONATION_OF_SMALL_MOLECULES,10.92566849030593,1.4395122196461627
REACTOME_CYTOSOLIC_TRNA_AMINOACYLATION,16.807763921789306,15.136097408231272
REACTOME_C_TYPE_LECTIN_RECEPTORS_CLRS,14.496199215147625,1.0440159253586607
REACTOME_DAG_AND_IP3_SIGNALING,-3.324355807981136,-1.349183736871844
REACTOME_DAP12_INTERACTIONS,3.5884070555156273,-8.544616581641517
REACTOME_DAP12_SIGNALING,13.278891710104814,-9.521960719656708
REACTOME_DARPP_32_EVENTS,12.567718112277499,-3.0104558725684196
REACTOME_DCC_MEDIATED_ATTRACTIVE_SIGNALING,17.957446416105597,1.8848204533793502
REACTOME_DDX58_IFIH1_MEDIATED_INDUCTION_OF_INTERFERON_ALPHA_BETA,13.631979000911706,2.2350679483842613
REACTOME_DEACTIVATION_OF_THE_BETA_CATENIN_TRANSACTIVATING_COMPLEX,11.636176345620058,-2.5931595403252095
REACTOME_DEADENYLATION_DEPENDENT_MRNA_DECAY,12.77223935907038,6.200660555335827
REACTOME_DEADENYLATION_OF_MRNA,16.317044593856572,3.818082463955117
REACTOME_DEATH_RECEPTOR_SIGNALING,13.03162313316024,-2.8397649707195245
REACTOME_DECTIN_1_MEDIATED_NONCANONICAL_NF_KB_SIGNALING,15.713106857889333,17.953030260461276
REACTOME_DECTIN_2_FAMILY,-4.876717215967885,6.685384433024636
REACTOME_DEFECTIVE_B4GALT1_CAUSES_B4GALT1_CDG_CDG_2D,-3.0338165356135454,1.7590029697593945
REACTOME_DEFECTIVE_B4GALT7_CAUSES_EDS_PROGEROID_TYPE,16.19152217940532,-5.803624888984705
REACTOME_DEFECTIVE_C1GALT1C1_CAUSES_TNPS,-6.068556352777872,5.145878881894905
REACTOME_DEFECTIVE_CFTR_CAUSES_CYSTIC_FIBROSIS,16.669000287370817,17.300287646752274
REACTOME_DEFECTIVE_CHST14_CAUSES_EDS_MUSCULOCONTRACTURAL_TYPE,-0.5267416929424655,-8.712687602588696
REACTOME_DEFECTIVE_CHST3_CAUSES_SEDCJD,-2.191582035635846,2.7081449160506907
REACTOME_DEFECTIVE_CHST6_CAUSES_MCDC1,-7.039806072381819,5.987727492812246
REACTOME_DEFECTIVE_CHSY1_CAUSES_TPBS,-2.519155087357991,1.7579086572681633
REACTOME_DEFECTIVE_CSF2RB_CAUSES_SMDP5,-7.436371643371455,9.667180400158903
REACTOME_DEFECTIVE_EXT2_CAUSES_EXOSTOSES_2,21.982499022999964,10.611519912851803
REACTOME_DEFECTIVE_F9_ACTIVATION,-5.77548159582204,-5.646086624714152
REACTOME_DEFECTIVE_FACTOR_IX_CAUSES_HEMOPHILIA_B,4.27262791935777,0.14128161850252036
REACTOME_DEFECTIVE_FACTOR_VIII_CAUSES_HEMOPHILIA_A,11.928896967386224,15.764548325434438
REACTOME_DEFECTIVE_GALNT3_CAUSES_HFTC,-6.294821424580576,7.398756931456026
REACTOME_DEFECTIVE_INTRINSIC_PATHWAY_FOR_APOPTOSIS,20.534374928039934,12.967386365328283
REACTOME_DEFECTIVE_RIPK1_MEDIATED_REGULATED_NECROSIS,4.441948313879719,-5.843921092618597
REACTOME_DEFECTIVE_ST3GAL3_CAUSES_MCT12_AND_EIEE15,-6.5513006157096925,6.336014710824228
REACTOME_DEFECTS_IN_BIOTIN_BTN_METABOLISM,10.94663326783131,13.224995436807667
REACTOME_DEFECTS_IN_COBALAMIN_B12_METABOLISM,10.210559302822274,2.7370877951402015
REACTOME_DEFECTS_IN_VITAMIN_AND_COFACTOR_METABOLISM,10.669924621110333,8.822633556124023
REACTOME_DEFECTS_OF_CONTACT_ACTIVATION_SYSTEM_CAS_AND_KALLIKREIN_KININ_SYSTEM_KKS,10.827936114720112,12.752187360885616
REACTOME_DEFENSINS,-6.938896054960729,9.329913992562167
REACTOME_DEGRADATION_OF_AXIN,14.59083677578782,16.01233001578786
REACTOME_DEGRADATION_OF_BETA_CATENIN_BY_THE_DESTRUCTION_COMPLEX,15.487818569853308,12.882250896379363
REACTOME_DEGRADATION_OF_CYSTEINE_AND_HOMOCYSTEINE,12.174751468477094,14.596792374040037
REACTOME_DEGRADATION_OF_DVL,18.05334222622005,17.690431711990108
REACTOME_DEGRADATION_OF_GLI1_BY_THE_PROTEASOME,17.065811820060198,15.492108599254333
REACTOME_DEGRADATION_OF_THE_EXTRACELLULAR_MATRIX,1.1102484288992231,-8.194854986957898
REACTOME_DEPOLYMERISATION_OF_THE_NUCLEAR_LAMINA,12.809979429229559,9.12169712522614
REACTOME_DEPOSITION_OF_NEW_CENPA_CONTAINING_NUCLEOSOMES_AT_THE_CENTROMERE,3.2591888767058412,3.639680282545675
REACTOME_DERMATAN_SULFATE_BIOSYNTHESIS,-3.4530439493686473,1.9382048562475527
REACTOME_DETOXIFICATION_OF_REACTIVE_OXYGEN_SPECIES,17.968898410704394,15.083614061076599
REACTOME_DEUBIQUITINATION,11.802231313875323,3.3756516762820397
REACTOME_DEVELOPMENTAL_BIOLOGY,3.942968159138067,-4.869310018282952
REACTOME_DEX_H_BOX_HELICASES_ACTIVATE_TYPE_I_IFN_AND_INFLAMMATORY_CYTOKINES_PRODUCTION,18.44732922644076,15.931234137583601
REACTOME_DIGESTION,-6.345337441338839,8.778687982926664
REACTOME_DIGESTION_AND_ABSORPTION,-7.236286662761945,6.766124327761992
REACTOME_DIGESTION_OF_DIETARY_CARBOHYDRATE,-8.063694040774472,9.141786931646296
REACTOME_DIGESTION_OF_DIETARY_LIPID,-7.760940845290515,9.108288786765192
REACTOME_DISASSEMBLY_OF_THE_DESTRUCTION_COMPLEX_AND_RECRUITMENT_OF_AXIN_TO_THE_MEMBRANE,13.574818275021599,-0.4856563214893773
REACTOME_DISEASES_ASSOCIATED_WITH_GLYCOSAMINOGLYCAN_METABOLISM,9.83060810344552,-10.24048332749345
REACTOME_DISEASES_ASSOCIATED_WITH_GLYCOSYLATION_PRECURSOR_BIOSYNTHESIS,15.24162650683767,15.193022194754224
REACTOME_DISEASES_ASSOCIATED_WITH_N_GLYCOSYLATION_OF_PROTEINS,15.190418523732085,8.48300422793812
REACTOME_DISEASES_ASSOCIATED_WITH_O_GLYCOSYLATION_OF_PROTEINS,-5.267736702256944,1.8454504514723493
REACTOME_DISEASES_ASSOCIATED_WITH_SURFACTANT_METABOLISM,-5.666799416197885,9.877246149693027
REACTOME_DISEASES_OF_BASE_EXCISION_REPAIR,-4.763462045709434,-4.7954893459324905
REACTOME_DISEASES_OF_CARBOHYDRATE_METABOLISM,13.835079132431298,12.248650184569035
REACTOME_DISEASES_OF_DNA_REPAIR,1.677538974740099,1.4455078192167317
REACTOME_DISEASES_OF_GLYCOSYLATION,1.910716266070961,-8.094361973016351
REACTOME_DISEASES_OF_IMMUNE_SYSTEM,17.33054550051654,-2.543470205964449
REACTOME_DISEASES_OF_METABOLISM,7.0567501157189625,-4.6573373340320465
REACTOME_DISEASES_OF_MISMATCH_REPAIR_MMR,1.8049537305285455,0.9052616313606325
REACTOME_DISEASES_OF_MITOTIC_CELL_CYCLE,7.989455435248015,2.4005838017929317
REACTOME_DISEASES_OF_PROGRAMMED_CELL_DEATH,9.402108178247737,5.038050881708201
REACTOME_DISEASES_OF_SIGNAL_TRANSDUCTION_BY_GROWTH_FACTOR_RECEPTORS_AND_SECOND_MESSENGERS,14.023021685932786,0.03514881239640383
REACTOME_DISINHIBITION_OF_SNARE_FORMATION,0.241617424873327,-2.753489309765857
REACTOME_DISORDERS_OF_TRANSMEMBRANE_TRANSPORTERS,11.27921078164052,1.7537312561189187
REACTOME_DISPLACEMENT_OF_DNA_GLYCOSYLASE_BY_APEX1,13.711720317382385,9.17636315467804
REACTOME_DISSOLUTION_OF_FIBRIN_CLOT,19.385786463470286,7.822447339040368
REACTOME_DNA_DAMAGE_BYPASS,12.668598093361995,9.52989796283818
REACTOME_DNA_DAMAGE_RECOGNITION_IN_GG_NER,20.16039609591692,11.802441789186249
REACTOME_DNA_DAMAGE_REVERSAL,14.327810508812924,6.998716313744843
REACTOME_DNA_DAMAGE_TELOMERE_STRESS_INDUCED_SENESCENCE,3.3143362197276947,-0.01871570402269991
REACTOME_DNA_DOUBLE_STRAND_BREAK_REPAIR,4.586119250278663,1.6806397317761372
REACTOME_DNA_DOUBLE_STRAND_BREAK_RESPONSE,5.8701362108153745,-0.16707149467678195
REACTOME_DNA_METHYLATION,6.681586894531844,-0.035124662010033565
REACTOME_DNA_REPAIR,7.741394127484596,1.762804923250899
REACTOME_DNA_REPLICATION,11.51263140773762,10.436268594337296
REACTOME_DNA_REPLICATION_INITIATION,3.2243331429477413,2.40798540989236
REACTOME_DNA_REPLICATION_PRE_INITIATION,13.055899698895585,10.80865519155089
REACTOME_DNA_STRAND_ELONGATION,5.282014748891888,6.274551888141199
REACTOME_DOPAMINE_NEUROTRANSMITTER_RELEASE_CYCLE,-8.043815489315293,2.3832843486938042
REACTOME_DOPAMINE_RECEPTORS,-4.806617108751089,9.520851922139588
REACTOME_DOWNREGULATION_OF_ERBB2_ERBB3_SIGNALING,17.55565225260773,3.8072394215252747
REACTOME_DOWNREGULATION_OF_ERBB2_SIGNALING,10.907481172541786,-3.79947095404965
REACTOME_DOWNREGULATION_OF_ERBB4_SIGNALING,15.147562278593762,15.72714190349805
REACTOME_DOWNREGULATION_OF_SMAD2_3_SMAD4_TRANSCRIPTIONAL_ACTIVITY,20.153816562674358,8.027554037454973
REACTOME_DOWNREGULATION_OF_TGF_BETA_RECEPTOR_SIGNALING,21.61594242785706,9.29907340245001
REACTOME_DOWNSTREAM_SIGNALING_EVENTS_OF_B_CELL_RECEPTOR_BCR,16.803319973670664,13.068094242750913
REACTOME_DOWNSTREAM_SIGNALING_OF_ACTIVATED_FGFR1,-7.285589016973343,1.1259340132866058
REACTOME_DOWNSTREAM_SIGNALING_OF_ACTIVATED_FGFR2,-7.2851618662663356,-0.4158882557327589
REACTOME_DOWNSTREAM_SIGNALING_OF_ACTIVATED_FGFR3,-3.6735019403973306,-2.401385108591622
REACTOME_DOWNSTREAM_SIGNALING_OF_ACTIVATED_FGFR4,-2.2090583285572527,-3.614971210676493
REACTOME_DOWNSTREAM_SIGNAL_TRANSDUCTION,21.70785091730866,1.8932578261694155
REACTOME_DRUG_ADME,8.25126213259364,10.478061323669948
REACTOME_DRUG_MEDIATED_INHIBITION_OF_CDK4_CDK6_ACTIVITY,14.438812822897159,1.4929716400323918
REACTOME_DSCAM_INTERACTIONS,4.132655993431722,-5.555346762886855
REACTOME_DUAL_INCISION_IN_GG_NER,12.488203891427576,9.050693822287442
REACTOME_DUAL_INCISION_IN_TC_NER,13.58869073573076,10.575258834748766
REACTOME_E2F_ENABLED_INHIBITION_OF_PRE_REPLICATION_COMPLEX_FORMATION,3.1005105990539814,3.9791598183478665
REACTOME_E2F_MEDIATED_REGULATION_OF_DNA_REPLICATION,4.839677700149613,3.386139499785085
REACTOME_E3_UBIQUITIN_LIGASES_UBIQUITINATE_TARGET_PROTEINS,19.66744931204407,11.42032563961895
REACTOME_EARLY_PHASE_OF_HIV_LIFE_CYCLE,21.520820193982463,7.42423510111465
REACTOME_EARLY_SARS_COV_2_INFECTION_EVENTS,21.884823859347485,10.068825300017771
REACTOME_ECM_PROTEOGLYCANS,-0.00586997641777548,-8.200982110135117
REACTOME_EFFECTS_OF_PIP2_HYDROLYSIS,-4.815904180498422,0.5301622469233915
REACTOME_EGFR_DOWNREGULATION,11.504381195731272,-5.635042114476703
REACTOME_EGFR_INTERACTS_WITH_PHOSPHOLIPASE_C_GAMMA,-6.318695972049598,2.5837884385603425
REACTOME_EGFR_TRANSACTIVATION_BY_GASTRIN,13.968766809194983,-1.6307525409546608
REACTOME_EGR2_AND_SOX10_MEDIATED_INITIATION_OF_SCHWANN_CELL_MYELINATION,1.0824840282058008,-7.613289061333877
REACTOME_EICOSANOIDS,7.560627497022418,10.417497537155743
REACTOME_EICOSANOID_LIGAND_BINDING_RECEPTORS,-5.499538504515499,5.020874140682695
REACTOME_ELASTIC_FIBRE_FORMATION,0.3435237917371878,-9.574145287317599
REACTOME_ELECTRIC_TRANSMISSION_ACROSS_GAP_JUNCTIONS,-4.893982308727121,-0.3781517756827466
REACTOME_ELEVATION_OF_CYTOSOLIC_CA2_LEVELS,-6.740341876053335,3.3588381053008383
REACTOME_ENDOGENOUS_STEROLS,5.9293606359725874,0.17025006198657833
REACTOME_ENDOSOMAL_SORTING_COMPLEX_REQUIRED_FOR_TRANSPORT_ESCRT,16.62009339431628,12.119942565701901
REACTOME_ENDOSOMAL_VACUOLAR_PATHWAY,19.36884236313104,10.014796485602691
REACTOME_ENERGY_DEPENDENT_REGULATION_OF_MTOR_BY_LKB1_AMPK,14.69823849096204,6.687583673015511
REACTOME_ENOS_ACTIVATION,20.39915021378144,10.519080843662614
REACTOME_EPHA_MEDIATED_GROWTH_CONE_COLLAPSE,9.965147647852556,-7.544118448102129
REACTOME_EPHB_MEDIATED_FORWARD_SIGNALING,18.47960154991094,1.4089761867977026
REACTOME_EPHRIN_SIGNALING,10.066087319335537,-8.509888340743588
REACTOME_EPH_EPHRIN_MEDIATED_REPULSION_OF_CELLS,9.653342603583878,-7.284607656130844
REACTOME_EPH_EPHRIN_SIGNALING,19.201209669855896,-0.31320001704521466
REACTOME_EPIGENETIC_REGULATION_OF_GENE_EXPRESSION,9.64484386545047,3.4520508059094754
REACTOME_EPITHELIAL_MESENCHYMAL_TRANSITION_EMT_DURING_GASTRULATION,-1.53206023711799,-7.936088143471874
REACTOME_ERBB2_ACTIVATES_PTK6_SIGNALING,-5.2479536267674805,2.1408436838995764
REACTOME_ERBB2_REGULATES_CELL_MOTILITY,-4.808319733527344,-2.5404082630848603
REACTOME_ERCC6_CSB_AND_EHMT2_G9A_POSITIVELY_REGULATE_RRNA_EXPRESSION,9.856760107650633,5.482745123682481
REACTOME_ERKS_ARE_INACTIVATED,19.819020315849123,10.952991394153543
REACTOME_ERK_MAPK_TARGETS,18.244321508549092,3.4993498838533568
REACTOME_ERYTHROCYTES_TAKE_UP_CARBON_DIOXIDE_AND_RELEASE_OXYGEN,-8.383062809338824,-0.9518792204984768
REACTOME_ERYTHROCYTES_TAKE_UP_OXYGEN_AND_RELEASE_CARBON_DIOXIDE,-9.039945590627184,2.7353297646343577
REACTOME_ERYTHROPOIETIN_ACTIVATES_PHOSPHOINOSITIDE_3_KINASE_PI3K,-3.25044108568889,-3.9019141128604247
REACTOME_ERYTHROPOIETIN_ACTIVATES_PHOSPHOLIPASE_C_GAMMA_PLCG,2.4485171626912345,-2.9913958999024666
REACTOME_ERYTHROPOIETIN_ACTIVATES_RAS,18.62969935169995,1.026348873374207
REACTOME_ERYTHROPOIETIN_ACTIVATES_STAT5,4.361245724613633,-4.726622651267978
REACTOME_ER_QUALITY_CONTROL_COMPARTMENT_ERQC,12.860295334919298,18.505258676303153
REACTOME_ER_TO_GOLGI_ANTEROGRADE_TRANSPORT,16.00801822426491,5.054176234832676
REACTOME_ESR_MEDIATED_SIGNALING,14.004196208315454,-1.1251835087946787
REACTOME_ESTABLISHMENT_OF_SISTER_CHROMATID_COHESION,8.212639913192433,2.7814783886356715
REACTOME_ESTROGEN_DEPENDENT_GENE_EXPRESSION,15.290238567808132,4.978861976472955
REACTOME_ESTROGEN_DEPENDENT_NUCLEAR_EVENTS_DOWNSTREAM_OF_ESR_MEMBRANE_SIGNALING,10.202251047032306,-7.209766694978628
REACTOME_ESTROGEN_STIMULATED_SIGNALING_THROUGH_PRKCZ,13.097623939114673,-0.28764283460573303
REACTOME_ETHANOL_OXIDATION,11.072133213414281,17.53241420606607
REACTOME_EUKARYOTIC_TRANSLATION_ELONGATION,8.93867998786787,16.65899919674008
REACTOME_EUKARYOTIC_TRANSLATION_INITIATION,10.315386337753623,17.306696283201475
REACTOME_EXPORT_OF_VIRAL_RIBONUCLEOPROTEINS_FROM_NUCLEUS,8.586876010257969,5.496124068851678
REACTOME_EXTENSION_OF_TELOMERES,7.217686282740844,2.5480641159092667
REACTOME_EXTRACELLULAR_MATRIX_ORGANIZATION,1.128854188451677,-9.69425767949948
REACTOME_EXTRA_NUCLEAR_ESTROGEN_SIGNALING,4.9577325350502255,-8.42434023090461
REACTOME_EXTRINSIC_PATHWAY_OF_FIBRIN_CLOT_FORMATION,11.463191875289608,15.589809751541502
REACTOME_FACTORS_INVOLVED_IN_MEGAKARYOCYTE_DEVELOPMENT_AND_PLATELET_PRODUCTION,0.8720274810677379,-1.057110276773428
REACTOME_FANCONI_ANEMIA_PATHWAY,4.39145160315371,1.3862633098167025
REACTOME_FASL_CD95L_SIGNALING,-5.70202076278401,-1.6130815717522375
REACTOME_FATTY_ACIDS,8.862620055529975,13.299398951888133
REACTOME_FATTY_ACIDS_BOUND_TO_GPR40_FFAR1_REGULATE_INSULIN_SECRETION,-2.4197509012791985,-0.10064839079332627
REACTOME_FATTY_ACID_METABOLISM,10.253898674037202,9.287440384007104
REACTOME_FATTY_ACYL_COA_BIOSYNTHESIS,13.390683031370285,1.4161946575617144
REACTOME_FBXW7_MUTANTS_AND_NOTCH1_IN_CANCER,17.919547004975033,7.867003593100651
REACTOME_FCERI_MEDIATED_CA_2_MOBILIZATION,-0.03542296632792946,-6.861212685573282
REACTOME_FCERI_MEDIATED_MAPK_ACTIVATION,18.07131482980036,-3.475114782454577
REACTOME_FCERI_MEDIATED_NF_KB_ACTIVATION,17.31354091645458,12.155036695140803
REACTOME_FCGAMMA_RECEPTOR_FCGR_DEPENDENT_PHAGOCYTOSIS,17.691485018669088,-3.512070681084352
REACTOME_FCGR3A_MEDIATED_IL10_SYNTHESIS,-1.0765434335301278,-0.33947206313486566
REACTOME_FCGR_ACTIVATION,-0.30227358201647314,2.3781782659324535
REACTOME_FC_EPSILON_RECEPTOR_FCERI_SIGNALING,18.051666096159135,5.421043665222476
REACTOME_FERTILIZATION,-5.028828712637332,8.49979395111318
REACTOME_FGFR1B_LIGAND_BINDING_AND_ACTIVATION,-5.379972846832562,10.99977672103195
REACTOME_FGFR1C_LIGAND_BINDING_AND_ACTIVATION,-5.072178416141837,9.289317596049791
REACTOME_FGFR1_LIGAND_BINDING_AND_ACTIVATION,-6.139185338153255,10.90217938173747
REACTOME_FGFR1_MUTANT_RECEPTOR_ACTIVATION,-1.8194382263994193,-3.9900774329301334
REACTOME_FGFR2B_LIGAND_BINDING_AND_ACTIVATION,-7.941325880994708,8.26082727074665
REACTOME_FGFR2C_LIGAND_BINDING_AND_ACTIVATION,-4.440659575423494,11.032316873983865
REACTOME_FGFR2_ALTERNATIVE_SPLICING,19.53305903155768,16.551050658923245
REACTOME_FGFR2_LIGAND_BINDING_AND_ACTIVATION,-8.14487328020697,9.468201306324854
REACTOME_FGFR2_MUTANT_RECEPTOR_ACTIVATION,1.7877760539091436,-3.2478107547544885
REACTOME_FGFR3B_LIGAND_BINDING_AND_ACTIVATION,-5.957807929744115,7.708432290230146
REACTOME_FGFR3_LIGAND_BINDING_AND_ACTIVATION,-5.491654696527648,9.347670281483786
REACTOME_FGFRL1_MODULATION_OF_FGFR1_SIGNALING,-6.0982723360315125,7.933040829123975
REACTOME_FIBRONECTIN_MATRIX_FORMATION,20.97889471603298,0.7069531867608365
REACTOME_FICOLINS_BIND_TO_REPETITIVE_CARBOHYDRATE_STRUCTURES_ON_THE_TARGET_CELL_SURFACE,4.488850405179055,0.5329315301233597
REACTOME_FLT3_SIGNALING,14.591307432894395,-7.546523988512251
REACTOME_FLT3_SIGNALING_BY_CBL_MUTANTS,13.84346645722735,2.421723220537544
REACTOME_FLT3_SIGNALING_IN_DISEASE,18.82145840565638,3.7985458558212963
REACTOME_FLT3_SIGNALING_THROUGH_SRC_FAMILY_KINASES,-3.253440638434664,3.094950465899437
REACTOME_FOLDING_OF_ACTIN_BY_CCT_TRIC,12.747263423769873,20.05357370205076
REACTOME_FORMATION_OF_APOPTOSOME,9.461209720707638,-3.093845477353332
REACTOME_FORMATION_OF_ATP_BY_CHEMIOSMOTIC_COUPLING,11.748960521547026,19.490595863662016
REACTOME_FORMATION_OF_AXIAL_MESODERM,6.511440207185838,-3.426590116577748
REACTOME_FORMATION_OF_FIBRIN_CLOT_CLOTTING_CASCADE,12.177103847524181,13.071361166387998
REACTOME_FORMATION_OF_INCISION_COMPLEX_IN_GG_NER,14.084383720148605,7.979747147894007
REACTOME_FORMATION_OF_LATERAL_PLATE_MESODERM,0.6149881877312071,-2.0846430219020373
REACTOME_FORMATION_OF_PARAXIAL_MESODERM,-1.4966188017128985,-1.233405918928105
REACTOME_FORMATION_OF_RNA_POL_II_ELONGATION_COMPLEX,15.24771197309596,10.763349220579386
REACTOME_FORMATION_OF_SENESCENCE_ASSOCIATED_HETEROCHROMATIN_FOCI_SAHF,2.329006493417441,0.7687669924453799
REACTOME_FORMATION_OF_TC_NER_PRE_INCISION_COMPLEX,17.640022580813245,12.947016514235399
REACTOME_FORMATION_OF_THE_BETA_CATENIN_TCF_TRANSACTIVATING_COMPLEX,6.166203246473964,-0.8431261406101002
REACTOME_FORMATION_OF_THE_CORNIFIED_ENVELOPE,-5.687200342274301,7.565273116609436
REACTOME_FORMATION_OF_THE_EARLY_ELONGATION_COMPLEX,15.949973865234556,11.277426607791172
REACTOME_FORMATION_OF_TUBULIN_FOLDING_INTERMEDIATES_BY_CCT_TRIC,11.879192239660247,3.0650071410183477
REACTOME_FORMATION_OF_XYLULOSE_5_PHOSPHATE,9.589308302150672,17.298023662458107
REACTOME_FORMYL_PEPTIDE_RECEPTORS_BIND_FORMYL_PEPTIDES_AND_MANY_OTHER_LIGANDS,16.216186217053288,7.528594064065287
REACTOME_FOXO_MEDIATED_TRANSCRIPTION,14.927927158534963,3.3853966172195626
REACTOME_FOXO_MEDIATED_TRANSCRIPTION_OF_CELL_CYCLE_GENES,17.13536676558994,-0.15778510959722117
REACTOME_FOXO_MEDIATED_TRANSCRIPTION_OF_CELL_DEATH_GENES,15.116489901476813,2.859919534557312
REACTOME_FOXO_MEDIATED_TRANSCRIPTION_OF_OXIDATIVE_STRESS_METABOLIC_AND_NEURONAL_GENES,7.816424630571827,-0.9587574159394726
REACTOME_FREE_FATTY_ACIDS_REGULATE_INSULIN_SECRETION,4.3909480246430865,-8.42083238833462
REACTOME_FREE_FATTY_ACID_RECEPTORS,-3.8276959620016906,9.816751578183888
REACTOME_FRS_MEDIATED_FGFR1_SIGNALING,-9.43960295698991,2.875531006107156
REACTOME_FRS_MEDIATED_FGFR2_SIGNALING,-4.750152191484388,4.229238447378912
REACTOME_FRS_MEDIATED_FGFR3_SIGNALING,-7.4041742141811,-2.2681149239260994
REACTOME_FRS_MEDIATED_FGFR4_SIGNALING,-6.725197387635166,-2.8483793774091426
REACTOME_FRUCTOSE_CATABOLISM,9.236104380670161,17.952292165640884
REACTOME_FRUCTOSE_METABOLISM,9.428915641550072,16.527355200236
REACTOME_G0_AND_EARLY_G1,3.725604256028897,4.468780477283119
REACTOME_G1_S_DNA_DAMAGE_CHECKPOINTS,20.328312718761,11.56298925600247
REACTOME_G1_S_SPECIFIC_TRANSCRIPTION,4.025881538384817,4.29170090327451
REACTOME_G2_M_CHECKPOINTS,8.105131527979403,5.664179523689042
REACTOME_G2_M_DNA_DAMAGE_CHECKPOINT,4.824149922838736,2.3777636278779717
REACTOME_G2_M_DNA_REPLICATION_CHECKPOINT,4.025132534981219,4.9218538875923326
REACTOME_G2_PHASE,2.8713973621285165,4.333826480051321
REACTOME_GAB1_SIGNALOSOME,0.3626995220167988,-4.8510772639388815
REACTOME_GABA_B_RECEPTOR_ACTIVATION,-7.695504403486512,1.3104099602114816
REACTOME_GABA_RECEPTOR_ACTIVATION,-6.194087473147615,4.727642442815152
REACTOME_GABA_SYNTHESIS_RELEASE_REUPTAKE_AND_DEGRADATION,0.12953535147490658,0.8929040649086487
REACTOME_GAMMA_CARBOXYLATION_HYPUSINE_FORMATION_AND_ARYLSULFATASE_ACTIVATION,14.045056842380916,9.346139957807582
REACTOME_GAMMA_CARBOXYLATION_TRANSPORT_AND_AMINO_TERMINAL_CLEAVAGE_OF_PROTEINS,9.757245671467793,16.845981746223643
REACTOME_GAP_FILLING_DNA_REPAIR_SYNTHESIS_AND_LIGATION_IN_GG_NER,12.485976052134795,11.279215131842347
REACTOME_GAP_JUNCTION_ASSEMBLY,-5.527166336616617,2.910886271704431
REACTOME_GAP_JUNCTION_DEGRADATION,19.533167882169735,15.402588144497258
REACTOME_GAP_JUNCTION_TRAFFICKING_AND_REGULATION,1.662957612089785,-5.416440302885205
REACTOME_GASTRIN_CREB_SIGNALLING_PATHWAY_VIA_PKC_AND_MAPK,9.548578178173607,-4.906739087942585
REACTOME_GASTRULATION,-1.1319655634310508,-1.0956997474948609
REACTOME_GDP_FUCOSE_BIOSYNTHESIS,16.527374256730113,18.908376014147084
REACTOME_GENERATION_OF_SECOND_MESSENGER_MOLECULES,3.2775612900538458,-10.606765529877997
REACTOME_GENE_AND_PROTEIN_EXPRESSION_BY_JAK_STAT_SIGNALING_AFTER_INTERLEUKIN_12_STIMULATION,20.143322545575366,14.047025749848505
REACTOME_GENE_SILENCING_BY_RNA,7.7323669370262955,-0.1994852683648255
REACTOME_GERM_LAYER_FORMATION_AT_GASTRULATION,-8.482941146889303,2.5850146285251054
REACTOME_GLI_PROTEINS_BIND_PROMOTERS_OF_HH_RESPONSIVE_GENES_TO_PROMOTE_TRANSCRIPTION,-6.504288503668185,11.83726613390972
REACTOME_GLOBAL_GENOME_NUCLEOTIDE_EXCISION_REPAIR_GG_NER,12.688457132193998,8.532167198405805
REACTOME_GLUCAGON_LIKE_PEPTIDE_1_GLP1_REGULATES_INSULIN_SECRETION,-3.3740276306937313,-3.0459996237721194
REACTOME_GLUCAGON_SIGNALING_IN_METABOLIC_REGULATION,-2.7327756631254525,-6.999018271193234
REACTOME_GLUCAGON_TYPE_LIGAND_RECEPTORS,-4.525719595965713,4.8151239929871865
REACTOME_GLUCOCORTICOID_BIOSYNTHESIS,0.40564037232426425,3.351822281299698
REACTOME_GLUCONEOGENESIS,13.27491341198471,12.763556840703117
REACTOME_GLUCOSE_METABOLISM,13.81443131157194,5.731831146454803
REACTOME_GLUCURONIDATION,9.823827788528535,10.257606476520438
REACTOME_GLUTAMATE_AND_GLUTAMINE_METABOLISM,11.562808953061177,0.866344503831514
REACTOME_GLUTAMATE_NEUROTRANSMITTER_RELEASE_CYCLE,-5.983072489798045,-0.1964092409708114
REACTOME_GLUTATHIONE_CONJUGATION,10.567754088366874,1.9644019564700104
REACTOME_GLUTATHIONE_SYNTHESIS_AND_RECYCLING,11.422823678466019,2.799224274582096
REACTOME_GLYCEROPHOSPHOLIPID_BIOSYNTHESIS,4.203077579721472,-2.0105320153879744
REACTOME_GLYCEROPHOSPHOLIPID_CATABOLISM,-4.260803908983163,-1.2041216924574711
REACTOME_GLYCOGEN_BREAKDOWN_GLYCOGENOLYSIS,11.573106268997318,1.839720867702214
REACTOME_GLYCOGEN_METABOLISM,14.807979794419673,7.098656515118292
REACTOME_GLYCOGEN_STORAGE_DISEASES,14.838944983577376,13.43032702984782
REACTOME_GLYCOGEN_SYNTHESIS,14.579632432965273,12.09714550415969
REACTOME_GLYCOLYSIS,12.219676249336322,2.2767746686236756
REACTOME_GLYCOSAMINOGLYCAN_METABOLISM,2.607671648773569,-7.713125074119713
REACTOME_GLYCOSPHINGOLIPID_METABOLISM,10.105358295574003,-2.9202659510250815
REACTOME_GLYOXYLATE_METABOLISM_AND_GLYCINE_DEGRADATION,11.103933440956704,12.219074882414345
REACTOME_GOLGI_ASSOCIATED_VESICLE_BIOGENESIS,17.369624638203295,11.366509611065462
REACTOME_GOLGI_CISTERNAE_PERICENTRIOLAR_STACK_REORGANIZATION,21.068745646534936,13.98471541862348
REACTOME_GOLGI_TO_ER_RETROGRADE_TRANSPORT,8.9573360801992,1.9162984586139613
REACTOME_GP1B_IX_V_ACTIVATION_SIGNALLING,15.75606878934478,-7.207070871819476
REACTOME_GPCR_LIGAND_BINDING,-7.261466796878243,6.368009990487607
REACTOME_GPER1_SIGNALING,4.270441360308166,-6.128012070217931
REACTOME_GPVI_MEDIATED_ACTIVATION_CASCADE,9.308389979694688,-10.256511627306278
REACTOME_GRB2_EVENTS_IN_ERBB2_SIGNALING,-3.8184365521482917,-0.9529796710176777
REACTOME_GRB2_SOS_PROVIDES_LINKAGE_TO_MAPK_SIGNALING_FOR_INTEGRINS,16.33689909646721,14.52152900582928
REACTOME_GRB7_EVENTS_IN_ERBB2_SIGNALING,4.224276489338031,-4.282917581004325
REACTOME_GROWTH_HORMONE_RECEPTOR_SIGNALING,12.603048345449757,-6.073359599089623
REACTOME_G_ALPHA_12_13_SIGNALLING_EVENTS,0.10471425955961366,-3.467473767108412
REACTOME_G_ALPHA_I_SIGNALLING_EVENTS,-4.217905841540013,3.9541302121653086
REACTOME_G_ALPHA_Q_SIGNALLING_EVENTS,-5.651482063619544,3.5680482517150196
REACTOME_G_ALPHA_S_SIGNALLING_EVENTS,-6.946207942022995,4.823239641110676
REACTOME_G_ALPHA_Z_SIGNALLING_EVENTS,-4.3908750025432814,-0.9800882619343922
REACTOME_G_BETA_GAMMA_SIGNALLING_THROUGH_CDC42,-1.8561081705485485,-7.531252529623888
REACTOME_G_BETA_GAMMA_SIGNALLING_THROUGH_PI3KGAMMA,-1.9145765992068975,-7.042727262692888
REACTOME_G_PROTEIN_ACTIVATION,-4.567532991307033,-0.12283791893331744
REACTOME_G_PROTEIN_BETA_GAMMA_SIGNALLING,-1.6038623360669322,-7.155545061808738
REACTOME_G_PROTEIN_MEDIATED_EVENTS,-2.089853131355575,-2.916870726036021
REACTOME_HATS_ACETYLATE_HISTONES,9.233929334651753,-0.12613517360058624
REACTOME_HCMV_EARLY_EVENTS,4.978775040084875,0.28927418283501927
REACTOME_HCMV_INFECTION,8.816424200839766,2.2296251572321735
REACTOME_HCMV_LATE_EVENTS,10.045148929792202,4.553471402793161
REACTOME_HDACS_DEACETYLATE_HISTONES,6.535594137542384,-0.4150536751296738
REACTOME_HDL_ASSEMBLY,18.151938828138892,9.21724578368852
REACTOME_HDL_CLEARANCE,13.888741001485268,14.83121428946111
REACTOME_HDL_REMODELING,14.480019512714623,15.717736634444028
REACTOME_HDMS_DEMETHYLATE_HISTONES,-0.029082403224788833,-0.4767395759641243
REACTOME_HDR_THROUGH_HOMOLOGOUS_RECOMBINATION_HRR,3.2749566814585855,2.7391700203621734
REACTOME_HDR_THROUGH_MMEJ_ALT_NHEJ,2.541289673248625,1.7565234155052143
REACTOME_HDR_THROUGH_SINGLE_STRAND_ANNEALING_SSA,2.032952243750649,2.048522936700281
REACTOME_HEDGEHOG_LIGAND_BIOGENESIS,16.87949993584252,14.816681890327116
REACTOME_HEDGEHOG_OFF_STATE,12.367524259503915,1.7894152980195581
REACTOME_HEDGEHOG_ON_STATE,14.431001224532807,5.117378697672708
REACTOME_HEME_BIOSYNTHESIS,13.873689367869087,9.747601400800898
REACTOME_HEME_DEGRADATION,11.833955531318226,15.322130543473092
REACTOME_HEME_SIGNALING,11.023708334194437,-2.7206791208736525
REACTOME_HEMOSTASIS,7.5161581095179635,-8.203099655665008
REACTOME_HEPARAN_SULFATE_HEPARIN_HS_GAG_METABOLISM,3.795075720087896,-7.13738586934399
REACTOME_HIGHLY_CALCIUM_PERMEABLE_NICOTINIC_ACETYLCHOLINE_RECEPTORS,-4.88553908953588,10.736245630006676
REACTOME_HIGHLY_CALCIUM_PERMEABLE_POSTSYNAPTIC_NICOTINIC_ACETYLCHOLINE_RECEPTORS,-5.862723731819158,10.342536954098575
REACTOME_HIGHLY_SODIUM_PERMEABLE_POSTSYNAPTIC_ACETYLCHOLINE_NICOTINIC_RECEPTORS,-6.347245967774529,8.511550256814537
REACTOME_HISTIDINE_CATABOLISM,8.495671469227835,8.22822565740649
REACTOME_HIV_ELONGATION_ARREST_AND_RECOVERY,18.523018401578643,14.718922562981032
REACTOME_HIV_INFECTION,13.65836933850066,11.371026554442407
REACTOME_HIV_LIFE_CYCLE,14.89003681106245,8.255241429755547
REACTOME_HIV_TRANSCRIPTION_ELONGATION,19.023462530197477,11.81628907401275
REACTOME_HIV_TRANSCRIPTION_INITIATION,11.018948929804731,4.675093869618561
REACTOME_HOMOLOGOUS_DNA_PAIRING_AND_STRAND_EXCHANGE,1.7246661061743227,2.0140431563266685
REACTOME_HOMOLOGY_DIRECTED_REPAIR,3.6732762351877115,2.1894454334882214
REACTOME_HORMONE_LIGAND_BINDING_RECEPTORS,-5.17451469469341,8.980571246101835
REACTOME_HOST_INTERACTIONS_OF_HIV_FACTORS,19.33541292185036,13.099046660970469
REACTOME_HSF1_ACTIVATION,16.587028385903363,16.331679979388745
REACTOME_HSF1_DEPENDENT_TRANSACTIVATION,15.120488723590134,6.728820681621162
REACTOME_HSP90_CHAPERONE_CYCLE_FOR_STEROID_HORMONE_RECEPTORS_SHR_IN_THE_PRESENCE_OF_LIGAND,13.273743252837612,1.868547301876488
REACTOME_HS_GAG_BIOSYNTHESIS,3.7330874766348363,-6.273138397058041
REACTOME_HS_GAG_DEGRADATION,21.39793827291662,1.6712187807779226
REACTOME_HUR_ELAVL1_BINDS_AND_STABILIZES_MRNA,13.718577929140753,8.044969539158831
REACTOME_HYALURONAN_BIOSYNTHESIS_AND_EXPORT,-9.401492407220442,6.2186434737807454
REACTOME_HYALURONAN_METABOLISM,1.6825534380826934,-5.044230284363071
REACTOME_HYALURONAN_UPTAKE_AND_DEGRADATION,13.956422180942669,-0.6436450132939955
REACTOME_HYDROLYSIS_OF_LPC,-4.386642832589868,3.114239141551719
REACTOME_IKBA_VARIANT_LEADS_TO_EDA_ID,19.983883575189335,14.429180661887042
REACTOME_IKK_COMPLEX_RECRUITMENT_MEDIATED_BY_RIP1,21.038862049427156,8.631790121018762
REACTOME_IL_6_TYPE_CYTOKINE_RECEPTOR_LIGAND_INTERACTIONS,-2.28828544524901,0.4959202340744316
REACTOME_IMMUNOREGULATORY_INTERACTIONS_BETWEEN_A_LYMPHOID_AND_A_NON_LYMPHOID_CELL,-2.981756780728884,3.458367579565927
REACTOME_INACTIVATION_OF_CDC42_AND_RAC1,9.752096822924424,-0.23188682510728503
REACTOME_INACTIVATION_OF_CSF3_G_CSF_SIGNALING,20.434202704636032,9.18902709427333
REACTOME_INCRETIN_SYNTHESIS_SECRETION_AND_INACTIVATION,-4.391631762735359,-2.884546073750636
REACTOME_INDUCTION_OF_CELL_CELL_FUSION,-3.2397584208759693,-6.479894208206576
REACTOME_INFECTION_WITH_MYCOBACTERIUM_TUBERCULOSIS,17.5976747206296,11.98416727309316
REACTOME_INFECTIOUS_DISEASE,17.299846945470303,6.610949450369449
REACTOME_INFLAMMASOMES,13.7317416936128,-9.228513309465106
REACTOME_INFLUENZA_INFECTION,13.409441047841872,19.545649172689746
REACTOME_INHIBITION_OF_DNA_RECOMBINATION_AT_TELOMERE,14.361157788172829,9.448441232046953
REACTOME_INHIBITION_OF_REPLICATION_INITIATION_OF_DAMAGED_DNA_BY_RB1_E2F1,7.7958525489363595,2.7856965321558778
REACTOME_INHIBITION_OF_THE_PROTEOLYTIC_ACTIVITY_OF_APC_C_REQUIRED_FOR_THE_ONSET_OF_ANAPHASE_BY_MITOTIC_SPINDLE_CHECKPOINT_COMPONENTS,7.7651953891458,4.493433778577661
REACTOME_INITIAL_TRIGGERING_OF_COMPLEMENT,13.316897022051766,13.6617740569186
REACTOME_INITIATION_OF_NUCLEAR_ENVELOPE_NE_REFORMATION,18.033397680068564,12.708966255712722
REACTOME_INLA_MEDIATED_ENTRY_OF_LISTERIA_MONOCYTOGENES_INTO_HOST_CELLS,14.284748732382981,19.991304732917285
REACTOME_INLB_MEDIATED_ENTRY_OF_LISTERIA_MONOCYTOGENES_INTO_HOST_CELL,17.844872237952963,8.643950382855692
REACTOME_INNATE_IMMUNE_SYSTEM,15.822174851762991,-3.157999642337094
REACTOME_INOSITOL_PHOSPHATE_METABOLISM,-2.2460451792404568,-4.739476805849719
REACTOME_INSERTION_OF_TAIL_ANCHORED_PROTEINS_INTO_THE_ENDOPLASMIC_RETICULUM_MEMBRANE,16.173428288782624,15.948516630015792
REACTOME_INSULIN_PROCESSING,3.382096941214468,-2.973012728331691
REACTOME_INSULIN_RECEPTOR_RECYCLING,17.129183465232135,8.2183952479266
REACTOME_INSULIN_RECEPTOR_SIGNALLING_CASCADE,-0.7285902595181337,-1.18619904929387
REACTOME_INTEGRATION_OF_ENERGY_METABOLISM,1.8035049147666518,-2.8436592895138957
REACTOME_INTEGRATION_OF_PROVIRUS,16.61431198478095,11.502356328845853
REACTOME_INTEGRIN_CELL_SURFACE_INTERACTIONS,1.55738735242597,-9.66136662921095
REACTOME_INTEGRIN_SIGNALING,18.146564198667935,6.973633569203063
REACTOME_INTERACTIONS_OF_REV_WITH_HOST_CELLULAR_PROTEINS,11.96984378614345,8.293332198335351
REACTOME_INTERACTIONS_OF_VPR_WITH_HOST_CELLULAR_PROTEINS,11.93667980828368,8.708713405393546
REACTOME_INTERACTION_BETWEEN_L1_AND_ANKYRINS,-8.011687576027747,5.5507389932133195
REACTOME_INTERACTION_WITH_CUMULUS_CELLS_AND_THE_ZONA_PELLUCIDA,-4.570052178222604,9.038153756113102
REACTOME_INTERCONVERSION_OF_NUCLEOTIDE_DI_AND_TRIPHOSPHATES,14.202940010523038,8.2414267170335
REACTOME_INTERFERON_ALPHA_BETA_SIGNALING,17.50378006267596,-1.9600705921375727
REACTOME_INTERFERON_GAMMA_SIGNALING,8.179817836884718,-10.067058012459125
REACTOME_INTERFERON_SIGNALING,16.903580726704835,-5.267768408432555
REACTOME_INTERLEUKIN_10_SIGNALING,2.5287586114236795,-10.104720745907786
REACTOME_INTERLEUKIN_12_FAMILY_SIGNALING,19.754386219472185,7.3590824344061705
REACTOME_INTERLEUKIN_12_SIGNALING,19.479008085393954,9.525070954906786
REACTOME_INTERLEUKIN_15_SIGNALING,18.90284936899669,-4.682855337024763
REACTOME_INTERLEUKIN_17_SIGNALING,16.80300584597282,0.8529805283174386
REACTOME_INTERLEUKIN_18_SIGNALING,-4.760511629760628,6.9740802101585455
REACTOME_INTERLEUKIN_1_FAMILY_SIGNALING,13.97928688671833,1.7161584459732981
REACTOME_INTERLEUKIN_1_PROCESSING,7.637919017249288,-10.845942631570846
REACTOME_INTERLEUKIN_1_SIGNALING,18.40857198614545,10.495065518695736
REACTOME_INTERLEUKIN_20_FAMILY_SIGNALING,-2.333049353632178,-2.274908168429543
REACTOME_INTERLEUKIN_21_SIGNALING,5.079387640022234,-9.883418563553864
REACTOME_INTERLEUKIN_23_SIGNALING,-1.1261763208931401,-6.583967273645429
REACTOME_INTERLEUKIN_27_SIGNALING,22.06070856307227,5.328937679316337
REACTOME_INTERLEUKIN_2_FAMILY_SIGNALING,-0.9532267600981905,1.1021873327357012
REACTOME_INTERLEUKIN_2_SIGNALING,2.6208225432414367,-9.56409251537765
REACTOME_INTERLEUKIN_35_SIGNALLING,18.126404026001367,-5.8324663636451275
REACTOME_INTERLEUKIN_36_PATHWAY,-8.206609511652728,11.145577553938336
REACTOME_INTERLEUKIN_37_SIGNALING,4.072236465925411,-8.416940537467879
REACTOME_INTERLEUKIN_3_INTERLEUKIN_5_AND_GM_CSF_SIGNALING,8.218968542487021,-9.524428952738173
REACTOME_INTERLEUKIN_4_AND_INTERLEUKIN_13_SIGNALING,6.656546503799658,-10.06986050006009
REACTOME_INTERLEUKIN_6_FAMILY_SIGNALING,3.3452582879807684,-7.693231246024916
REACTOME_INTERLEUKIN_6_SIGNALING,22.863912200251985,7.308685020367867
REACTOME_INTERLEUKIN_7_SIGNALING,-0.695947254779435,-6.627223646165356
REACTOME_INTERLEUKIN_9_SIGNALING,6.944775062436136,-11.120576175144382
REACTOME_INTERLEUKIN_RECEPTOR_SHC_SIGNALING,-0.7471830855960395,0.7505042032574697
REACTOME_INTRACELLULAR_SIGNALING_BY_SECOND_MESSENGERS,9.28752678369376,-4.315746824038271
REACTOME_INTRAFLAGELLAR_TRANSPORT,1.2164924603727685,-2.626924419223807
REACTOME_INTRA_GOLGI_AND_RETROGRADE_GOLGI_TO_ER_TRAFFIC,10.239233577289944,0.353935375217123
REACTOME_INTRA_GOLGI_TRAFFIC,10.448937313021432,-2.999138544347823
REACTOME_INTRINSIC_PATHWAY_FOR_APOPTOSIS,13.92766536478165,4.703893122880086
REACTOME_INTRINSIC_PATHWAY_OF_FIBRIN_CLOT_FORMATION,11.042617664187816,15.519588996344671
REACTOME_INWARDLY_RECTIFYING_K_CHANNELS,-8.435268044904817,1.76562748306854
REACTOME_IONOTROPIC_ACTIVITY_OF_KAINATE_RECEPTORS,-7.070481342806031,7.386910532432825
REACTOME_ION_CHANNEL_TRANSPORT,-4.164103559029397,-2.3349865191715446
REACTOME_ION_HOMEOSTASIS,-7.125150097699456,-2.3648349847215044
REACTOME_ION_TRANSPORT_BY_P_TYPE_ATPASES,-3.7351728334024172,0.4372383841986594
REACTOME_IRAK1_RECRUITS_IKK_COMPLEX,17.664957660986207,9.796826058603484
REACTOME_IRAK2_MEDIATED_ACTIVATION_OF_TAK1_COMPLEX,15.826616831562777,13.468202788797758
REACTOME_IRAK4_DEFICIENCY_TLR2_4,16.495874569276207,-1.72453833593396
REACTOME_IRE1ALPHA_ACTIVATES_CHAPERONES,18.62032219496769,18.246259597090802
REACTOME_IRF3_MEDIATED_ACTIVATION_OF_TYPE_1_IFN,-2.6863208692474245,-3.5275636688162706
REACTOME_IRF3_MEDIATED_INDUCTION_OF_TYPE_I_IFN,11.429463045024916,-8.903297442203419
REACTOME_IRON_UPTAKE_AND_TRANSPORT,16.517797444458445,10.3657858020397
REACTOME_IRS_MEDIATED_SIGNALLING,-5.739136501026602,-3.665485794183263
REACTOME_JNK_C_JUN_KINASES_PHOSPHORYLATION_AND_ACTIVATION_MEDIATED_BY_ACTIVATED_HUMAN_TAK1,14.762861537613295,3.766784668256376
REACTOME_JOSEPHIN_DOMAIN_DUBS,18.18580170543699,15.444822455590476
REACTOME_KEAP1_NFE2L2_PATHWAY,16.526696004661154,13.998362739202564
REACTOME_KERATAN_SULFATE_BIOSYNTHESIS,-0.9847444231831277,-7.775544020540238
REACTOME_KERATAN_SULFATE_DEGRADATION,0.8398232261052739,-9.906238687448969
REACTOME_KERATAN_SULFATE_KERATIN_METABOLISM,2.9647946381329473,-7.588885426227281
REACTOME_KERATINIZATION,-5.293163260860762,7.637017321219712
REACTOME_KETONE_BODY_METABOLISM,8.842234449565444,8.48429307935255
REACTOME_KILLING_MECHANISMS,15.242490392433226,3.270540496548505
REACTOME_KINESINS,-4.45445321712119,-3.252737472634457
REACTOME_KSRP_KHSRP_BINDS_AND_DESTABILIZES_MRNA,13.074657507245515,8.745851881247352
REACTOME_L1CAM_INTERACTIONS,0.6757906500014966,-4.118723156740608
REACTOME_LAGGING_STRAND_SYNTHESIS,6.295235519014069,6.626729098812114
REACTOME_LAMININ_INTERACTIONS,9.349025516859582,-9.146429049721462
REACTOME_LATE_ENDOSOMAL_MICROAUTOPHAGY,15.809323078923185,12.543482798100738
REACTOME_LATE_SARS_COV_2_INFECTION_EVENTS,15.69861215831395,4.445270177472396
REACTOME_LDL_CLEARANCE,15.60910337770603,17.037246396485838
REACTOME_LDL_REMODELING,10.015697745394105,16.295261610548405
REACTOME_LECTIN_PATHWAY_OF_COMPLEMENT_ACTIVATION,4.686810705305674,0.05551381569627808
REACTOME_LEISHMANIA_INFECTION,7.900605371675803,-9.878314920911567
REACTOME_LGI_ADAM_INTERACTIONS,-7.268220625778092,7.061660432381411
REACTOME_LIGAND_RECEPTOR_INTERACTIONS,-8.126974867971327,7.180841277687211
REACTOME_LINOLEIC_ACID_LA_METABOLISM,14.716117544758433,14.925306296662693
REACTOME_LIPOPHAGY,15.265587592978298,7.631796871546434
REACTOME_LISTERIA_MONOCYTOGENES_ENTRY_INTO_HOST_CELLS,21.347805525000798,9.986687046753097
REACTOME_LONG_TERM_POTENTIATION,-8.360495864953936,6.41561457277157
REACTOME_LOSS_OF_FUNCTION_OF_MECP2_IN_RETT_SYNDROME,5.39850525124275,-3.8804548125473666
REACTOME_LOSS_OF_FUNCTION_OF_SMAD2_3_IN_CANCER,15.40767270863843,-3.8959701734118273
REACTOME_LOSS_OF_MECP2_BINDING_ABILITY_TO_THE_NCOR_SMRT_COMPLEX,5.643454664695137,-3.367336518644389
REACTOME_LRR_FLII_INTERACTING_PROTEIN_1_LRRFIP1_ACTIVATES_TYPE_I_IFN_PRODUCTION,18.98091120821497,11.013668894867868
REACTOME_LTC4_CYSLTR_MEDIATED_IL4_PRODUCTION,-8.291252865068412,5.30020456367627
REACTOME_LYSINE_CATABOLISM,10.542780929102051,12.571985983158921
REACTOME_LYSOSOME_VESICLE_BIOGENESIS,17.622115453704524,8.248266680165367
REACTOME_LYSOSPHINGOLIPID_AND_LPA_RECEPTORS,-4.506852143722525,4.047866694233342
REACTOME_MAP2K_AND_MAPK_ACTIVATION,18.949861650661415,7.607856367928844
REACTOME_MAP3K8_TPL2_DEPENDENT_MAPK1_3_ACTIVATION,17.978489380934548,13.50203748926111
REACTOME_MAPK1_ERK2_ACTIVATION,21.383262625835844,11.429804924836654
REACTOME_MAPK3_ERK1_ACTIVATION,21.166954931957832,7.934835187839397
REACTOME_MAPK6_MAPK4_SIGNALING,17.307376188107266,7.822609341197492
REACTOME_MAPK_FAMILY_SIGNALING_CASCADES,6.991954440352927,-5.3124980340758166
REACTOME_MAPK_TARGETS_NUCLEAR_EVENTS_MEDIATED_BY_MAP_KINASES,19.792470711713687,2.765953395643115
REACTOME_MASTL_FACILITATES_MITOTIC_PROGRESSION,21.491631991135563,13.607044463836782
REACTOME_MATURATION_OF_PROTEIN_3A,7.314185374046336,-6.26398181940856
REACTOME_MATURATION_OF_SARS_COV_1_SPIKE_PROTEIN,9.923332993525237,19.98805770124683
REACTOME_MATURATION_OF_SARS_COV_2_NUCLEOPROTEIN,16.246422116685967,4.529450930621611
REACTOME_MATURATION_OF_SARS_COV_2_SPIKE_PROTEIN,17.928354436070492,7.572054334639959
REACTOME_MECP2_REGULATES_NEURONAL_RECEPTORS_AND_CHANNELS,-5.369585447239231,-0.922446192981385
REACTOME_MECP2_REGULATES_TRANSCRIPTION_FACTORS,-7.539740289274793,-1.524724609632775
REACTOME_MECP2_REGULATES_TRANSCRIPTION_OF_NEURONAL_LIGANDS,-7.137423584020222,-1.8842382350312485
REACTOME_MEIOSIS,1.4576999998036535,0.8895106781599563
REACTOME_MEIOTIC_RECOMBINATION,1.3803354328124713,1.6247847805576738
REACTOME_MEIOTIC_SYNAPSIS,3.1796316942426617,-0.43084477835747614
REACTOME_MELANIN_BIOSYNTHESIS,-5.389556984202395,10.103533906013983
REACTOME_MEMBRANE_TRAFFICKING,12.78366679864132,1.0365271974377894
REACTOME_METABOLIC_DISORDERS_OF_BIOLOGICAL_OXIDATION_ENZYMES,8.400072603619698,0.0766767000812036
REACTOME_METABOLISM_OF_AMINE_DERIVED_HORMONES,-4.147914629169252,9.055316942175885
REACTOME_METABOLISM_OF_AMINO_ACIDS_AND_DERIVATIVES,14.319714027852159,14.053146683978126
REACTOME_METABOLISM_OF_ANGIOTENSINOGEN_TO_ANGIOTENSINS,9.336760370534616,-1.2874642989813225
REACTOME_METABOLISM_OF_CARBOHYDRATES,11.337635719872846,-2.027599198425427
REACTOME_METABOLISM_OF_COFACTORS,11.331226261063478,6.543369708838757
REACTOME_METABOLISM_OF_FAT_SOLUBLE_VITAMINS,15.625272718024869,7.688335202091674
REACTOME_METABOLISM_OF_FOLATE_AND_PTERINES,5.375741232919416,-1.424963314235966
REACTOME_METABOLISM_OF_INGESTED_SEMET_SEC_MESEC_INTO_H2SE,9.743218179519443,14.972307291563515
REACTOME_METABOLISM_OF_LIPIDS,10.297840504286945,1.2061199582780338
REACTOME_METABOLISM_OF_NITRIC_OXIDE_NOS3_ACTIVATION_AND_REGULATION,20.998149744544616,10.639834551419238
REACTOME_METABOLISM_OF_NUCLEOTIDES,11.840975487745734,5.9943104920656305
REACTOME_METABOLISM_OF_POLYAMINES,16.814884803988164,15.90564148977504
REACTOME_METABOLISM_OF_PORPHYRINS,12.74195379237775,12.49641409852529
REACTOME_METABOLISM_OF_RNA,19.59079947296434,12.543021608046818
REACTOME_METABOLISM_OF_STEROIDS,10.24529437894182,8.648392465289524
REACTOME_METABOLISM_OF_STEROID_HORMONES,1.0327527170195998,-6.395998998789162
REACTOME_METABOLISM_OF_VITAMINS_AND_COFACTORS,9.631215671357879,6.727317797790116
REACTOME_METABOLISM_OF_WATER_SOLUBLE_VITAMINS_AND_COFACTORS,10.029864853236795,2.52468216289144
REACTOME_METALLOPROTEASE_DUBS,7.344919809005506,-1.2729148365625338
REACTOME_METALLOTHIONEINS_BIND_METALS,4.183593781365721,-1.234696189841846
REACTOME_METAL_ION_SLC_TRANSPORTERS,10.47361599087431,0.09468727848006012
REACTOME_METAL_SEQUESTRATION_BY_ANTIMICROBIAL_PROTEINS,-1.6917159875042516,1.6913078160329387
REACTOME_METHIONINE_SALVAGE_PATHWAY,13.691605338734526,13.116104528221275
REACTOME_METHYLATION,13.806557016986531,17.63072423696569
REACTOME_MET_ACTIVATES_PI3K_AKT_SIGNALING,11.344324240403603,-3.1353519656376347
REACTOME_MET_ACTIVATES_PTK2_SIGNALING,9.447698186038176,-9.557833280819883
REACTOME_MET_ACTIVATES_PTPN11,21.73539103255943,4.84264859408357
REACTOME_MET_ACTIVATES_RAP1_AND_RAC1,20.440467153164477,6.386649996136199
REACTOME_MET_ACTIVATES_RAS_SIGNALING,21.141160946052597,4.530692310095367
REACTOME_MET_INTERACTS_WITH_TNS_PROTEINS,12.136302804050368,-3.845198891131513
REACTOME_MET_PROMOTES_CELL_MOTILITY,15.480870913300793,-6.7892060880073055
REACTOME_MET_RECEPTOR_ACTIVATION,16.27847359972668,-5.424107860651106
REACTOME_MET_RECEPTOR_RECYCLING,19.942748722249064,7.022998308991827
REACTOME_MHC_CLASS_II_ANTIGEN_PRESENTATION,12.798998709844344,1.8065998275115238
REACTOME_MICRORNA_MIRNA_BIOGENESIS,14.051961301335892,8.956723116819209
REACTOME_MIRO_GTPASE_CYCLE,16.398821362390013,3.4236247420369073
REACTOME_MISCELLANEOUS_SUBSTRATES,8.675266764129807,11.026787350923659
REACTOME_MISCELLANEOUS_TRANSPORT_AND_BINDING_EVENTS,3.6994636939467407,-5.089389073908039
REACTOME_MISMATCH_REPAIR,5.790461659853358,6.215260557964785
REACTOME_MITOCHONDRIAL_BIOGENESIS,16.13054129185857,9.397234081862837
REACTOME_MITOCHONDRIAL_CALCIUM_ION_TRANSPORT,15.186637331124537,11.553863431063375
REACTOME_MITOCHONDRIAL_FATTY_ACID_BETA_OXIDATION,11.744906746981448,13.328467622368704
REACTOME_MITOCHONDRIAL_FATTY_ACID_BETA_OXIDATION_OF_SATURATED_FATTY_ACIDS,12.569236613645714,14.416179665065327
REACTOME_MITOCHONDRIAL_FATTY_ACID_BETA_OXIDATION_OF_UNSATURATED_FATTY_ACIDS,11.50394156582344,18.212081454844974
REACTOME_MITOCHONDRIAL_IRON_SULFUR_CLUSTER_BIOGENESIS,14.291857304077686,12.514220763367506
REACTOME_MITOCHONDRIAL_PROTEIN_IMPORT,16.3168561656866,15.696183033974906
REACTOME_MITOCHONDRIAL_TRANSLATION,14.872939759613475,17.534157927767986
REACTOME_MITOCHONDRIAL_TRNA_AMINOACYLATION,11.202736488757125,6.113833846769547
REACTOME_MITOCHONDRIAL_UNCOUPLING,-4.557910608662002,4.5208606342497735
REACTOME_MITOPHAGY,16.090251275304595,13.185082310150424
REACTOME_MITOTIC_G1_PHASE_AND_G1_S_TRANSITION,11.09330730377914,9.243887873567658
REACTOME_MITOTIC_G2_G2_M_PHASES,8.954770262073902,5.163238271698948
REACTOME_MITOTIC_METAPHASE_AND_ANAPHASE,7.933786270714116,5.435735670681872
REACTOME_MITOTIC_PROMETAPHASE,5.071566339736196,2.9602914658315798
REACTOME_MITOTIC_PROPHASE,11.74768355550714,7.8498440128121505
REACTOME_MITOTIC_SPINDLE_CHECKPOINT,5.41791540551538,3.3249587079705814
REACTOME_MITOTIC_TELOPHASE_CYTOKINESIS,6.877977485351413,3.2077968531109398
REACTOME_MODULATION_BY_MTB_OF_HOST_IMMUNE_SYSTEM,11.460191883859643,17.13047255119629
REACTOME_MOLECULES_ASSOCIATED_WITH_ELASTIC_FIBRES,0.7036372259994826,-9.114245563555519
REACTOME_MOLYBDENUM_COFACTOR_BIOSYNTHESIS,9.238959267060158,9.295005960707611
REACTOME_MRNA_CAPPING,14.040987344568547,11.14677619998123
REACTOME_MRNA_DECAY_BY_3_TO_5_EXORIBONUCLEASE,11.45260728745092,6.790783907004737
REACTOME_MRNA_DECAY_BY_5_TO_3_EXORIBONUCLEASE,12.33253477288557,6.181702803120901
REACTOME_MRNA_EDITING,-6.647393722203664,0.3223417622879171
REACTOME_MRNA_EDITING_C_TO_U_CONVERSION,-4.350458342734478,5.808794227574486
REACTOME_MRNA_SPLICING,19.155310409980768,15.16592999561494
REACTOME_MRNA_SPLICING_MINOR_PATHWAY,16.467098620339797,18.159507149122867
REACTOME_MTORC1_MEDIATED_SIGNALLING,17.013947754947402,14.365812341094067
REACTOME_MTOR_SIGNALLING,16.533686796568187,9.652817352050944
REACTOME_MUCOPOLYSACCHARIDOSES,16.962563706514413,9.529231959617562
REACTOME_MULTIFUNCTIONAL_ANION_EXCHANGERS,-6.806589304820317,4.284858020998819
REACTOME_MUSCARINIC_ACETYLCHOLINE_RECEPTORS,-7.4953485388527845,11.4973432246456
REACTOME_MUSCLE_CONTRACTION,-6.183415018046166,2.0317082135662416
REACTOME_MYD88_INDEPENDENT_TLR4_CASCADE,18.331958144191933,4.056088452923082
REACTOME_MYOCLONIC_EPILEPSY_OF_LAFORA,16.430000268335863,13.300612885843632
REACTOME_MYOGENESIS,-0.0803647749430978,-3.1104980466477308
REACTOME_M_PHASE,8.4932492344626,5.004265237429531
REACTOME_NADE_MODULATES_DEATH_SIGNALLING,21.86880924296225,1.5246803528057655
REACTOME_NA_CL_DEPENDENT_NEUROTRANSMITTER_TRANSPORTERS,-8.417070508830417,5.950035848360404
REACTOME_NCAM1_INTERACTIONS,-5.015544539863488,3.940319100214282
REACTOME_NCAM_SIGNALING_FOR_NEURITE_OUT_GROWTH,-4.640644674646341,-0.6201780846555967
REACTOME_NECTIN_NECL_TRANS_HETERODIMERIZATION,5.792623850311964,-3.055146356029282
REACTOME_NEDDYLATION,11.521770977559813,3.924446220195171
REACTOME_NEF_AND_SIGNAL_TRANSDUCTION,13.392566089506113,-9.0397419327841
REACTOME_NEF_MEDIATED_CD4_DOWN_REGULATION,18.471396719157998,17.523331545316232
REACTOME_NEF_MEDIATED_CD8_DOWN_REGULATION,18.166199974227393,14.766172152096273
REACTOME_NEF_MEDIATED_DOWNREGULATION_OF_MHC_CLASS_I_COMPLEX_CELL_SURFACE_EXPRESSION,17.55244190822825,7.225954953198763
REACTOME_NEF_MEDIATES_DOWN_MODULATION_OF_CELL_SURFACE_RECEPTORS_BY_RECRUITING_THEM_TO_CLATHRIN_ADAPTERS,18.5423909767827,7.285227987378789
REACTOME_NEGATIVE_EPIGENETIC_REGULATION_OF_RRNA_EXPRESSION,9.72598537468245,4.3606613904272935
REACTOME_NEGATIVE_FEEDBACK_REGULATION_OF_MAPK_PATHWAY,20.4031814864105,11.219768138620317
REACTOME_NEGATIVE_REGULATION_OF_ACTIVITY_OF_TFAP2_AP_2_FAMILY_TRANSCRIPTION_FACTORS,-4.2513899850652885,3.6629441109579015
REACTOME_NEGATIVE_REGULATION_OF_FGFR1_SIGNALING,-1.416474016700636,-2.7158271995961516
REACTOME_NEGATIVE_REGULATION_OF_FGFR2_SIGNALING,-0.9500117135577109,-3.296453440971693
REACTOME_NEGATIVE_REGULATION_OF_FGFR3_SIGNALING,5.808798787104179,-5.6098703353217845
REACTOME_NEGATIVE_REGULATION_OF_FGFR4_SIGNALING,6.6888904213874945,-4.111581240171025
REACTOME_NEGATIVE_REGULATION_OF_FLT3,13.575890858507234,-7.655872739808107
REACTOME_NEGATIVE_REGULATION_OF_MAPK_PATHWAY,20.798563036440406,9.02519981011472
REACTOME_NEGATIVE_REGULATION_OF_MET_ACTIVITY,16.258642927916718,0.6460701547053671
REACTOME_NEGATIVE_REGULATION_OF_NMDA_RECEPTOR_MEDIATED_NEURONAL_TRANSMISSION,-7.521652150757082,4.415186556072993
REACTOME_NEGATIVE_REGULATION_OF_NOTCH4_SIGNALING,15.870500324361759,18.53918660952919
REACTOME_NEGATIVE_REGULATION_OF_TCF_DEPENDENT_SIGNALING_BY_DVL_INTERACTING_PROTEINS,6.235502075977008,1.45886329151769
REACTOME_NEGATIVE_REGULATION_OF_TCF_DEPENDENT_SIGNALING_BY_WNT_LIGAND_ANTAGONISTS,-4.8351581787555915,5.303995824421047
REACTOME_NEGATIVE_REGULATION_OF_THE_PI3K_AKT_NETWORK,-0.932597909952804,-5.6602280787308175
REACTOME_NEGATIVE_REGULATORS_OF_DDX58_IFIH1_SIGNALING,20.157179952513705,8.67008420806923
REACTOME_NEPHRIN_FAMILY_INTERACTIONS,1.1223520323447658,-5.250196045321817
REACTOME_NERVOUS_SYSTEM_DEVELOPMENT,14.629011509861073,-2.545785493533871
REACTOME_NETRIN_1_SIGNALING,-0.8389389254100087,-4.78011233341265
REACTOME_NETRIN_MEDIATED_REPULSION_SIGNALS,-5.754972437091828,1.5108485198362889
REACTOME_NEUREXINS_AND_NEUROLIGINS,-7.067034918249393,3.3785873612718307
REACTOME_NEUROFASCIN_INTERACTIONS,-6.304237172004656,5.452536708816531
REACTOME_NEURONAL_SYSTEM,-7.063667085272954,3.92154321284519
REACTOME_NEUROTOXICITY_OF_CLOSTRIDIUM_TOXINS,-8.498643490264252,4.746332553443782
REACTOME_NEUROTRANSMITTER_CLEARANCE,1.339049237005443,-0.24250205125718904
REACTOME_NEUROTRANSMITTER_RECEPTORS_AND_POSTSYNAPTIC_SIGNAL_TRANSMISSION,-7.94010274927689,1.7203081247014775
REACTOME_NEUROTRANSMITTER_RELEASE_CYCLE,-4.453603814304134,-6.948648975092822
REACTOME_NEUTROPHIL_DEGRANULATION,18.758200545101236,0.1673699632244257
REACTOME_NFE2L2_REGULATES_PENTOSE_PHOSPHATE_PATHWAY_GENES,18.666663026041103,17.96599968231359
REACTOME_NFE2L2_REGULATING_ANTI_OXIDANT_DETOXIFICATION_ENZYMES,19.494440558762225,10.334514013054863
REACTOME_NF_KB_ACTIVATION_THROUGH_FADD_RIP_1_PATHWAY_MEDIATED_BY_CASPASE_8_AND_10,7.8873314224105355,-4.237009353640314
REACTOME_NF_KB_IS_ACTIVATED_AND_SIGNALS_SURVIVAL,19.21579493308256,14.203147224197657
REACTOME_NGF_STIMULATED_TRANSCRIPTION,10.355643582536215,-8.569412435604852
REACTOME_NICOTINAMIDE_SALVAGING,8.49102705809882,7.361434272920661
REACTOME_NICOTINATE_METABOLISM,9.761140042709942,1.048884215905887
REACTOME_NITRIC_OXIDE_STIMULATES_GUANYLATE_CYCLASE,-7.92349546855661,6.667735528503585
REACTOME_NOD1_2_SIGNALING_PATHWAY,15.006459336209653,1.9530708724320331
REACTOME_NONCANONICAL_ACTIVATION_OF_NOTCH3,21.46575716085551,7.846940308287728
REACTOME_NONHOMOLOGOUS_END_JOINING_NHEJ,2.5666707601922116,0.27279082312867187
REACTOME_NONSENSE_MEDIATED_DECAY_NMD,11.789380029028479,18.96203339085113
REACTOME_NON_INTEGRIN_MEMBRANE_ECM_INTERACTIONS,18.595176775888568,-3.327287470082407
REACTOME_NOREPINEPHRINE_NEUROTRANSMITTER_RELEASE_CYCLE,-8.228390853040121,3.0078774850943275
REACTOME_NOSTRIN_MEDIATED_ENOS_TRAFFICKING,18.486330641993145,-2.2105950484397874
REACTOME_NOTCH1_INTRACELLULAR_DOMAIN_REGULATES_TRANSCRIPTION,14.784954041875432,-0.9376068454850903
REACTOME_NOTCH2_ACTIVATION_AND_TRANSMISSION_OF_SIGNAL_TO_THE_NUCLEUS,20.98927693328165,0.34998901486863937
REACTOME_NOTCH2_INTRACELLULAR_DOMAIN_REGULATES_TRANSCRIPTION,1.6613453171381223,-6.465882766519445
REACTOME_NOTCH3_ACTIVATION_AND_TRANSMISSION_OF_SIGNAL_TO_THE_NUCLEUS,21.364669994744812,1.2503183767813177
REACTOME_NOTCH3_INTRACELLULAR_DOMAIN_REGULATES_TRANSCRIPTION,6.747928055410425,-7.207934086419285
REACTOME_NOTCH4_ACTIVATION_AND_TRANSMISSION_OF_SIGNAL_TO_THE_NUCLEUS,21.081764502341585,1.8880242420314266
REACTOME_NOTCH4_INTRACELLULAR_DOMAIN_REGULATES_TRANSCRIPTION,15.329399468594973,-5.784934725735091
REACTOME_NOTCH_HLH_TRANSCRIPTION_PATHWAY,10.736693594559668,-6.111046773729453
REACTOME_NPAS4_REGULATES_EXPRESSION_OF_TARGET_GENES,3.0257405258253125,-6.552927798499981
REACTOME_NR1H2_AND_NR1H3_MEDIATED_SIGNALING,12.760477437141851,4.377028096743916
REACTOME_NR1H2_NR1H3_REGULATE_GENE_EXPRESSION_LINKED_TO_LIPOGENESIS,11.846415196514569,18.023877510959636
REACTOME_NR1H2_NR1H3_REGULATE_GENE_EXPRESSION_TO_CONTROL_BILE_ACID_HOMEOSTASIS,16.312855339822416,5.8729690513437385
REACTOME_NR1H3_NR1H2_REGULATE_GENE_EXPRESSION_LINKED_TO_CHOLESTEROL_TRANSPORT_AND_EFFLUX,11.624079250560653,2.207564871559233
REACTOME_NRAGE_SIGNALS_DEATH_THROUGH_JNK,-0.24204361983315287,-5.673480157780808
REACTOME_NRCAM_INTERACTIONS,-7.2522836693007715,4.956590441651728
REACTOME_NRIF_SIGNALS_CELL_DEATH_FROM_THE_NUCLEUS,17.891092093088808,5.6713506236982285
REACTOME_NS1_MEDIATED_EFFECTS_ON_HOST_PATHWAYS,8.278248068665423,4.437594893457059
REACTOME_NTRK2_ACTIVATES_RAC1,-4.912796498980043,0.09454589197527405
REACTOME_NUCLEAR_ENVELOPE_BREAKDOWN,7.436375991488166,6.5961539836934024
REACTOME_NUCLEAR_ENVELOPE_NE_REASSEMBLY,8.79527969294703,5.7205581360838655
REACTOME_NUCLEAR_EVENTS_KINASE_AND_TRANSCRIPTION_FACTOR_ACTIVATION,14.689142106262558,-5.104184762937089
REACTOME_NUCLEAR_EVENTS_MEDIATED_BY_NFE2L2,16.89655420670005,17.738196723545293
REACTOME_NUCLEAR_EVENTS_STIMULATED_BY_ALK_SIGNALING_IN_CANCER,19.768636204972868,15.12322685326942
REACTOME_NUCLEAR_IMPORT_OF_REV_PROTEIN,7.957436881075122,6.67878628383601
REACTOME_NUCLEAR_PORE_COMPLEX_NPC_DISASSEMBLY,7.5442117933527575,6.173337944374792
REACTOME_NUCLEAR_RECEPTOR_TRANSCRIPTION_PATHWAY,7.4408479959397305,-0.5753375657424145
REACTOME_NUCLEAR_SIGNALING_BY_ERBB4,-0.8908865125616654,-4.39795194308074
REACTOME_NUCLEOTIDE_BINDING_DOMAIN_LEUCINE_RICH_REPEAT_CONTAINING_RECEPTOR_NLR_SIGNALING_PATHWAYS,15.817911330305359,-0.9372988205644246
REACTOME_NUCLEOTIDE_BIOSYNTHESIS,13.383632564759592,7.159549323721247
REACTOME_NUCLEOTIDE_CATABOLISM,9.971371345699112,7.49549652588806
REACTOME_NUCLEOTIDE_EXCISION_REPAIR,13.121102498720523,9.516880589550599
REACTOME_NUCLEOTIDE_LIKE_PURINERGIC_RECEPTORS,-3.7742119346664733,8.270423883298239
REACTOME_NUCLEOTIDE_SALVAGE,11.598942168056231,5.816811460255238
REACTOME_N_GLYCAN_ANTENNAE_ELONGATION,8.033761462764344,-4.863526583737194
REACTOME_N_GLYCAN_ANTENNAE_ELONGATION_IN_THE_MEDIAL_TRANS_GOLGI,-1.4811837141765707,-5.26202377371796
REACTOME_N_GLYCAN_TRIMMING_IN_THE_ER_AND_CALNEXIN_CALRETICULIN_CYCLE,12.142548899114171,19.14605442948867
REACTOME_OAS_ANTIVIRAL_RESPONSE,13.24487887314666,-7.884859402317229
REACTOME_OLFACTORY_SIGNALING_PATHWAY,-4.685801800220572,12.029842263978606
REACTOME_ONCOGENE_INDUCED_SENESCENCE,12.422709798304925,4.758501385609873
REACTOME_ONCOGENIC_MAPK_SIGNALING,16.429798296135058,0.2503541856649284
REACTOME_OPIOID_SIGNALLING,-0.7689287112024026,-2.686644661949296
REACTOME_OPSINS,-10.83320536248294,8.030763817461263
REACTOME_ORC1_REMOVAL_FROM_CHROMATIN,21.37487179593223,12.521358096593195
REACTOME_OREXIN_AND_NEUROPEPTIDES_FF_AND_QRFP_BIND_TO_THEIR_RESPECTIVE_RECEPTORS,-7.16653729969826,11.34508843192362
REACTOME_ORGANELLE_BIOGENESIS_AND_MAINTENANCE,7.802521611921607,-1.6374324370357516
REACTOME_ORGANIC_ANION_TRANSPORTERS,0.6135166335261072,1.0551849296343516
REACTOME_ORGANIC_CATION_ANION_ZWITTERION_TRANSPORT,-5.75759264319591,-4.674740599274689
REACTOME_ORGANIC_CATION_TRANSPORT,-5.955531263906615,-2.040801344815762
REACTOME_OTHER_INTERLEUKIN_SIGNALING,9.03484283449247,-9.9176078208937
REACTOME_OTHER_SEMAPHORIN_INTERACTIONS,0.29698868317195704,-7.85662032990482
REACTOME_OVARIAN_TUMOR_DOMAIN_PROTEASES,12.008440730252518,1.2631479281881346
REACTOME_OXIDATIVE_STRESS_INDUCED_SENESCENCE,9.241966604579725,3.1285143061593037
REACTOME_O_GLYCOSYLATION_OF_TSR_DOMAIN_CONTAINING_PROTEINS,-5.646184401111799,4.195292175126605
REACTOME_O_LINKED_GLYCOSYLATION,-5.7347778756562855,2.282335024857328
REACTOME_O_LINKED_GLYCOSYLATION_OF_MUCINS,-4.800798360830313,3.6494397908572966
REACTOME_P130CAS_LINKAGE_TO_MAPK_SIGNALING_FOR_INTEGRINS,16.212657789112605,14.806296386529468
REACTOME_P2Y_RECEPTORS,-4.64965594201086,7.452406520454578
REACTOME_P38MAPK_EVENTS,19.689772257489487,5.430423833167939
REACTOME_P75NTR_NEGATIVELY_REGULATES_CELL_CYCLE_VIA_SC1,14.92293163815137,-6.999307834981
REACTOME_P75NTR_RECRUITS_SIGNALLING_COMPLEXES,18.2039804299634,10.775215470916264
REACTOME_P75NTR_REGULATES_AXONOGENESIS,1.5912291900280282,-8.124008202846579
REACTOME_P75NTR_SIGNALS_VIA_NF_KB,18.05948687111544,13.830537312688742
REACTOME_P75_NTR_RECEPTOR_MEDIATED_SIGNALLING,10.412847948996406,-5.5528074394211275
REACTOME_PARACETAMOL_ADME,5.70040503144534,-0.5427195284058506
REACTOME_PARASITE_INFECTION,19.452237484532684,-1.3801215552411286
REACTOME_PASSIVE_TRANSPORT_BY_AQUAPORINS,-8.208738646541855,0.9338950288845776
REACTOME_PCNA_DEPENDENT_LONG_PATCH_BASE_EXCISION_REPAIR,14.077691501750634,10.522471521914188
REACTOME_PCP_CE_PATHWAY,17.61600901155422,10.377206694498973
REACTOME_PD_1_SIGNALING,13.4409263864302,-9.78152679742471
REACTOME_PECAM1_INTERACTIONS,19.074095093354767,-4.381876181854096
REACTOME_PENTOSE_PHOSPHATE_PATHWAY,17.594652490287164,18.543604201001294
REACTOME_PEPTIDE_HORMONE_BIOSYNTHESIS,-7.020066924805434,2.950926996908899
REACTOME_PEPTIDE_HORMONE_METABOLISM,0.4720408782635817,0.7003588373778377
REACTOME_PEPTIDE_LIGAND_BINDING_RECEPTORS,-3.7178118474176354,6.450302483806605
REACTOME_PERK_REGULATES_GENE_EXPRESSION,16.208877274346555,12.52898701767244
REACTOME_PEROXISOMAL_LIPID_METABOLISM,11.345028896813771,14.805338561238711
REACTOME_PEROXISOMAL_PROTEIN_IMPORT,12.148567944447967,15.245991340650939
REACTOME_PEXOPHAGY,12.694703355280577,18.19055009410206
REACTOME_PHASE_0_RAPID_DEPOLARISATION,-6.570860859417998,10.686456480532073
REACTOME_PHASE_1_INACTIVATION_OF_FAST_NA_CHANNELS,-6.774593764816666,7.749404202618271
REACTOME_PHASE_2_PLATEAU_PHASE,-7.978018890308104,7.521849877808923
REACTOME_PHASE_3_RAPID_REPOLARISATION,-4.583623050300665,6.276821092379892
REACTOME_PHASE_4_RESTING_MEMBRANE_POTENTIAL,-5.758072385635324,8.212342335780649
REACTOME_PHASE_II_CONJUGATION_OF_COMPOUNDS,8.54046371437118,9.217948380130094
REACTOME_PHASE_I_FUNCTIONALIZATION_OF_COMPOUNDS,8.116743614397759,9.126752604088875
REACTOME_PHENYLALANINE_AND_TYROSINE_METABOLISM,11.904674355831622,12.812754541217354
REACTOME_PHENYLALANINE_METABOLISM,10.800963583825617,6.815305972120152
REACTOME_PHOSPHATE_BOND_HYDROLYSIS_BY_NUDT_PROTEINS,14.815048042795251,11.508192460801418
REACTOME_PHOSPHOLIPASE_C_MEDIATED_CASCADE_FGFR2,-6.291447481476659,9.290956863327487
REACTOME_PHOSPHOLIPASE_C_MEDIATED_CASCADE_FGFR4,-5.771383513969201,5.726067414986315
REACTOME_PHOSPHOLIPID_METABOLISM,3.66400701501161,-3.0316445798536393
REACTOME_PHOSPHORYLATION_OF_EMI1,4.579409587535213,5.132599477639237
REACTOME_PHOSPHORYLATION_OF_THE_APC_C,7.328570345358035,5.249096635339894
REACTOME_PHYSIOLOGICAL_FACTORS,-5.468926286568722,-3.297136648235341
REACTOME_PI3K_AKT_ACTIVATION,9.000968175725449,-0.6007600675150904
REACTOME_PI3K_AKT_SIGNALING_IN_CANCER,-2.8881482736837727,-3.3235285706303523
REACTOME_PI3K_EVENTS_IN_ERBB2_SIGNALING,-5.369553728360999,-2.516001995790962
REACTOME_PI3K_EVENTS_IN_ERBB4_SIGNALING,-4.733892618817837,5.995934830203262
REACTOME_PI5P_REGULATES_TP53_ACETYLATION,14.142111737879485,0.4568472033754579
REACTOME_PINK1_PRKN_MEDIATED_MITOPHAGY,16.655083192616956,15.54551955428147
REACTOME_PIWI_INTERACTING_RNA_PIRNA_BIOGENESIS,3.1182336733941733,-2.019617714359881
REACTOME_PI_3K_CASCADE_FGFR1,-7.763023305759934,5.843250594113022
REACTOME_PI_3K_CASCADE_FGFR2,-7.788114978622817,4.16063088458607
REACTOME_PI_3K_CASCADE_FGFR3,-7.066976857753538,0.8684748668902154
REACTOME_PI_3K_CASCADE_FGFR4,-6.447295758226694,0.05697337166393626
REACTOME_PI_METABOLISM,2.786530305808297,-2.6409226510111345
REACTOME_PKA_ACTIVATION_IN_GLUCAGON_SIGNALLING,-1.5754753631567235,-2.248141142668428
REACTOME_PKA_MEDIATED_PHOSPHORYLATION_OF_CREB,-4.180738291439128,-0.04015703939170811
REACTOME_PKA_MEDIATED_PHOSPHORYLATION_OF_KEY_METABOLIC_FACTORS,9.027120644945235,9.590339636453203
REACTOME_PKMTS_METHYLATE_HISTONE_LYSINES,4.964817182903849,-1.493919215205848
REACTOME_PLASMA_LIPOPROTEIN_ASSEMBLY,12.529545733937038,17.296547097457836
REACTOME_PLASMA_LIPOPROTEIN_ASSEMBLY_REMODELING_AND_CLEARANCE,14.309021165411561,15.186378358040095
REACTOME_PLASMA_LIPOPROTEIN_CLEARANCE,14.931711278682286,16.281244428859576
REACTOME_PLASMA_LIPOPROTEIN_REMODELING,12.709312263352158,15.85919437880744
REACTOME_PLATELET_ACTIVATION_SIGNALING_AND_AGGREGATION,15.793379893831442,-2.5842144286895015
REACTOME_PLATELET_ADHESION_TO_EXPOSED_COLLAGEN,0.2925664775159829,-8.35041485124073
REACTOME_PLATELET_AGGREGATION_PLUG_FORMATION,16.126356841350827,-1.5071570103942644
REACTOME_PLATELET_CALCIUM_HOMEOSTASIS,-5.033561839210864,1.2511413444321393
REACTOME_PLATELET_HOMEOSTASIS,-2.1413188630436246,-0.34288252280053333
REACTOME_PLATELET_SENSITIZATION_BY_LDL,19.992274056640028,8.344858364465841
REACTOME_POLB_DEPENDENT_LONG_PATCH_BASE_EXCISION_REPAIR,21.01085241150119,13.182527304199457
REACTOME_POLO_LIKE_KINASE_MEDIATED_EVENTS,3.635643228623823,4.926176312436886
REACTOME_POLYMERASE_SWITCHING,6.396434937594233,5.754255783288764
REACTOME_POLYMERASE_SWITCHING_ON_THE_C_STRAND_OF_THE_TELOMERE,6.224275716256701,1.80511972688872
REACTOME_POSITIVE_EPIGENETIC_REGULATION_OF_RRNA_EXPRESSION,12.433990858116083,7.177702841139565
REACTOME_POSTMITOTIC_NUCLEAR_PORE_COMPLEX_NPC_REFORMATION,11.049412079867409,8.196526833445512
REACTOME_POST_CHAPERONIN_TUBULIN_FOLDING_PATHWAY,7.846613457781721,-7.473835806956399
REACTOME_POST_TRANSCRIPTIONAL_SILENCING_BY_SMALL_RNAS,-5.2389348280566095,-3.0159914573622935
REACTOME_POST_TRANSLATIONAL_MODIFICATION_SYNTHESIS_OF_GPI_ANCHORED_PROTEINS,-5.487407222134924,0.18678026335444609
REACTOME_POST_TRANSLATIONAL_PROTEIN_MODIFICATION,11.65710811915608,-0.22897169949046572
REACTOME_POTASSIUM_CHANNELS,-7.829465825670821,7.055046279008254
REACTOME_POTENTIAL_THERAPEUTICS_FOR_SARS,17.265475036041448,0.9989154179790655
REACTOME_POU5F1_OCT4_SOX2_NANOG_ACTIVATE_GENES_RELATED_TO_PROLIFERATION,-8.443122882284769,1.1783422805742794
REACTOME_POU5F1_OCT4_SOX2_NANOG_REPRESS_GENES_RELATED_TO_DIFFERENTIATION,-7.636226221882399,-0.7311583251246959
REACTOME_PP2A_MEDIATED_DEPHOSPHORYLATION_OF_KEY_METABOLIC_FACTORS,12.141986306030795,16.392963360696214
REACTOME_PRC2_METHYLATES_HISTONES_AND_DNA,7.1663323206526846,-0.13625528151565447
REACTOME_PREDNISONE_ADME,9.603914627160448,15.99609558188778
REACTOME_PREGNENOLONE_BIOSYNTHESIS,6.838689263543656,-2.765049252834471
REACTOME_PRESYNAPTIC_DEPOLARIZATION_AND_CALCIUM_CHANNEL_OPENING,-6.137670957731184,10.133929931047097
REACTOME_PRESYNAPTIC_FUNCTION_OF_KAINATE_RECEPTORS,-3.717381592188808,-0.3858790824143068
REACTOME_PREVENTION_OF_PHAGOSOMAL_LYSOSOMAL_FUSION,18.90871638058576,17.49787546767863
REACTOME_PRE_NOTCH_EXPRESSION_AND_PROCESSING,13.777175335571515,-0.17655235348116707
REACTOME_PRE_NOTCH_PROCESSING_IN_GOLGI,22.09599238375118,5.754342312475536
REACTOME_PRE_NOTCH_PROCESSING_IN_THE_ENDOPLASMIC_RETICULUM,16.038183625677178,-6.073782435432206
REACTOME_PROCESSING_AND_ACTIVATION_OF_SUMO,13.951326065691418,10.044160957330496
REACTOME_PROCESSING_OF_CAPPED_INTRONLESS_PRE_MRNA,13.414407975875687,10.361814510918862
REACTOME_PROCESSING_OF_CAPPED_INTRON_CONTAINING_PRE_MRNA,21.402853458499308,13.960789100681367
REACTOME_PROCESSING_OF_DNA_DOUBLE_STRAND_BREAK_ENDS,4.339099127247465,2.2785485705408552
REACTOME_PROCESSING_OF_INTRONLESS_PRE_MRNAS,12.245471302191886,6.818398892309536
REACTOME_PROCESSING_OF_SMDT1,15.37611378228276,12.283264661092852
REACTOME_PROCESSIVE_SYNTHESIS_ON_THE_C_STRAND_OF_THE_TELOMERE,9.383706718697384,6.457667116824427
REACTOME_PROCESSIVE_SYNTHESIS_ON_THE_LAGGING_STRAND,6.247588322807208,6.189634643978721
REACTOME_PROGRAMMED_CELL_DEATH,17.58192658547725,6.286190485049611
REACTOME_PROLACTIN_RECEPTOR_SIGNALING,7.643832319021909,-4.604125519211621
REACTOME_PROLONGED_ERK_ACTIVATION_EVENTS,20.896999179041877,10.362999873144105
REACTOME_PROPIONYL_COA_CATABOLISM,10.580737461453088,13.619342042647052
REACTOME_PROSTACYCLIN_SIGNALLING_THROUGH_PROSTACYCLIN_RECEPTOR,-2.4100218383378644,-6.685926184838783
REACTOME_PROSTANOID_LIGAND_RECEPTORS,-5.231679251817326,6.872957171627382
REACTOME_PROTEIN_FOLDING,10.998600286000082,-0.7899968280583554
REACTOME_PROTEIN_LOCALIZATION,14.796254498793308,15.3892204735512
REACTOME_PROTEIN_METHYLATION,13.010241381969866,7.295100887387045
REACTOME_PROTEIN_PROTEIN_INTERACTIONS_AT_SYNAPSES,-6.4492330773243465,3.770072621957969
REACTOME_PROTEIN_REPAIR,16.376750367796777,15.285987055996102
REACTOME_PROTEIN_UBIQUITINATION,16.32727425203899,11.177049063979707
REACTOME_PROTON_COUPLED_MONOCARBOXYLATE_TRANSPORT,5.523624252989377,-8.175268692336553
REACTOME_PTEN_REGULATION,16.02639991069296,8.699412236357679
REACTOME_PTK6_EXPRESSION,21.548380252747872,10.588067569637994
REACTOME_PTK6_PROMOTES_HIF1A_STABILIZATION,18.714337751805896,-3.7168934630174952
REACTOME_PTK6_REGULATES_CELL_CYCLE,20.300711711890074,1.8395526011923748
REACTOME_PTK6_REGULATES_PROTEINS_INVOLVED_IN_RNA_PROCESSING,9.416515326873713,-3.5519535999331375
REACTOME_PTK6_REGULATES_RHO_GTPASES_RAS_GTPASE_AND_MAP_KINASES,19.254349819096298,7.071958973338395
REACTOME_PTK6_REGULATES_RTKS_AND_THEIR_EFFECTORS_AKT1_AND_DOK1,21.944461208474365,9.517623888918456
REACTOME_PURINERGIC_SIGNALING_IN_LEISHMANIASIS_INFECTION,17.23697205969194,-5.305093656865306
REACTOME_PURINE_CATABOLISM,10.220923576979912,6.963734383102243
REACTOME_PURINE_RIBONUCLEOSIDE_MONOPHOSPHATE_BIOSYNTHESIS,13.24587336631363,8.196428827788615
REACTOME_PURINE_SALVAGE,11.946282336025684,0.8004987200196526
REACTOME_PYRIMIDINE_CATABOLISM,9.243462468788161,8.282098067591765
REACTOME_PYRIMIDINE_SALVAGE,12.202219267053131,5.814712624391241
REACTOME_PYROPTOSIS,16.87197094323787,-4.22626667273849
REACTOME_PYRUVATE_METABOLISM,10.965123502081962,3.208841656319795
REACTOME_PYRUVATE_METABOLISM_AND_CITRIC_ACID_TCA_CYCLE,15.669665023605816,9.345190633854722
REACTOME_RAB_GEFS_EXCHANGE_GTP_FOR_GDP_ON_RABS,9.799688110654083,-3.70600733156226
REACTOME_RAB_GERANYLGERANYLATION,10.20550438160283,-3.8647034491806997
REACTOME_RAB_REGULATION_OF_TRAFFICKING,10.843805771221904,-2.979170502299256
REACTOME_RAC1_GTPASE_CYCLE,1.7800618642301738,-7.464170756723627
REACTOME_RAC2_GTPASE_CYCLE,12.362804138576708,-6.90726121059245
REACTOME_RAC3_GTPASE_CYCLE,11.017920462784794,-7.070209298482256
REACTOME_RAF_ACTIVATION,18.090388824537794,4.912461592324892
REACTOME_RAF_INDEPENDENT_MAPK1_3_ACTIVATION,20.66779420876445,8.349157934509762
REACTOME_RAP1_SIGNALLING,4.192540735561981,-7.082431990818538
REACTOME_RAS_ACTIVATION_UPON_CA2_INFLUX_THROUGH_NMDA_RECEPTOR,-8.289013991890517,1.4573121500926018
REACTOME_RAS_PROCESSING,18.229292269189354,6.605226098743409
REACTOME_RA_BIOSYNTHESIS_PATHWAY,4.1114866566095865,0.5620112101954413
REACTOME_REACTIONS_SPECIFIC_TO_THE_COMPLEX_N_GLYCAN_SYNTHESIS_PATHWAY,-7.017479787265124,2.099718130013078
REACTOME_RECEPTOR_MEDIATED_MITOPHAGY,14.870582305747483,5.904105785543331
REACTOME_RECEPTOR_TYPE_TYROSINE_PROTEIN_PHOSPHATASES,-8.883034387410403,4.262594308604842
REACTOME_RECOGNITION_AND_ASSOCIATION_OF_DNA_GLYCOSYLASE_WITH_SITE_CONTAINING_AN_AFFECTED_PURINE,5.351663658569254,2.182380570583106
REACTOME_RECOGNITION_OF_DNA_DAMAGE_BY_PCNA_CONTAINING_REPLICATION_COMPLEX,21.632203181483398,12.007092125274156
REACTOME_RECRUITMENT_OF_MITOTIC_CENTROSOME_PROTEINS_AND_COMPLEXES,6.549586257470393,2.1396369774875525
REACTOME_RECRUITMENT_OF_NUMA_TO_MITOTIC_CENTROSOMES,5.426841132409391,1.5248283526564321
REACTOME_RECYCLING_OF_BILE_ACIDS_AND_SALTS,8.790469686382181,10.298602665126126
REACTOME_RECYCLING_OF_EIF2_GDP,17.4193138578466,15.81475964138748
REACTOME_RECYCLING_PATHWAY_OF_L1,13.661441183594933,0.8969043708803629
REACTOME_REDUCTION_OF_CYTOSOLIC_CA_LEVELS,-3.2466354949298193,-3.5305071052950048
REACTOME_REGULATED_NECROSIS,18.995100377062315,5.318520605871741
REACTOME_REGULATED_PROTEOLYSIS_OF_P75NTR,14.50979380514562,-6.357653762165982
REACTOME_REGULATION_BY_C_FLIP,12.650589199948072,-6.793427437224257
REACTOME_REGULATION_OF_BACH1_ACTIVITY,15.976398755722295,17.84733574661605
REACTOME_REGULATION_OF_BETA_CELL_DEVELOPMENT,1.0574595950523078,-1.917397846959743
REACTOME_REGULATION_OF_CHOLESTEROL_BIOSYNTHESIS_BY_SREBP_SREBF,14.731338586719193,13.973741501022396
REACTOME_REGULATION_OF_COMMISSURAL_AXON_PATHFINDING_BY_SLIT_AND_ROBO,-8.74759730791062,2.866585478404123
REACTOME_REGULATION_OF_CYTOSKELETAL_REMODELING_AND_CELL_SPREADING_BY_IPP_COMPLEX_COMPONENTS,22.325981436748396,3.5560946429357596
REACTOME_REGULATION_OF_EXPRESSION_OF_SLITS_AND_ROBOS,14.238877829508276,18.9292534139412
REACTOME_REGULATION_OF_FOXO_TRANSCRIPTIONAL_ACTIVITY_BY_ACETYLATION,18.598431715354472,2.1281189429542433
REACTOME_REGULATION_OF_FZD_BY_UBIQUITINATION,3.427358334201591,-2.009191182483341
REACTOME_REGULATION_OF_GENE_EXPRESSION_BY_HYPOXIA_INDUCIBLE_FACTOR,19.950602537686382,1.569061127104651
REACTOME_REGULATION_OF_GENE_EXPRESSION_IN_BETA_CELLS,0.9193762540131187,-0.0969135556899428
REACTOME_REGULATION_OF_GENE_EXPRESSION_IN_EARLY_PANCREATIC_PRECURSOR_CELLS,-4.438488724809923,5.409069564069925
REACTOME_REGULATION_OF_GENE_EXPRESSION_IN_ENDOCRINE_COMMITTED_NEUROG3_PROGENITOR_CELLS,-6.443631465993481,12.383125417952376
REACTOME_REGULATION_OF_GENE_EXPRESSION_IN_LATE_STAGE_BRANCHING_MORPHOGENESIS_PANCREATIC_BUD_PRECURSOR_CELLS,14.890849152326904,-5.349068359440498
REACTOME_REGULATION_OF_GLUCOKINASE_BY_GLUCOKINASE_REGULATORY_PROTEIN,8.212111505514127,4.013048030133149
REACTOME_REGULATION_OF_GLYCOLYSIS_BY_FRUCTOSE_2_6_BISPHOSPHATE_METABOLISM,16.581500573630017,1.5621661333936885
REACTOME_REGULATION_OF_HSF1_MEDIATED_HEAT_SHOCK_RESPONSE,13.172788617143475,7.593463370639044
REACTOME_REGULATION_OF_IFNA_IFNB_SIGNALING,-0.16850353977890853,-6.2705084132694235
REACTOME_REGULATION_OF_IFNG_SIGNALING,22.294371739220832,4.006334018820635
REACTOME_REGULATION_OF_INNATE_IMMUNE_RESPONSES_TO_CYTOSOLIC_DNA,16.538362432653795,6.3534012652161085
REACTOME_REGULATION_OF_INSULIN_LIKE_GROWTH_FACTOR_IGF_TRANSPORT_AND_UPTAKE_BY_INSULIN_LIKE_GROWTH_FACTOR_BINDING_PROTEINS_IGFBPS,18.464867826690433,7.767895538158112
REACTOME_REGULATION_OF_INSULIN_SECRETION,-4.410524528910603,-3.973784901121002
REACTOME_REGULATION_OF_KIT_SIGNALING,7.088555233961673,-9.296305448274179
REACTOME_REGULATION_OF_LIPID_METABOLISM_BY_PPARALPHA,14.072373966249563,6.361633832448137
REACTOME_REGULATION_OF_LOCALIZATION_OF_FOXO_TRANSCRIPTION_FACTORS,18.43653086862266,11.770005663420283
REACTOME_REGULATION_OF_MECP2_EXPRESSION_AND_ACTIVITY,2.6146396475549523,-0.7822646660844027
REACTOME_REGULATION_OF_MRNA_STABILITY_BY_PROTEINS_THAT_BIND_AU_RICH_ELEMENTS,17.51764563013615,17.13778065503834
REACTOME_REGULATION_OF_NF_KAPPA_B_SIGNALING,17.204663417815578,5.455929015680883
REACTOME_REGULATION_OF_NPAS4_GENE_EXPRESSION,-0.14404939288359092,-0.10757658868029268
REACTOME_REGULATION_OF_NPAS4_GENE_TRANSCRIPTION,-0.43787230022347007,-0.7260030534663487
REACTOME_REGULATION_OF_NPAS4_MRNA_TRANSLATION,-4.194312585407237,-3.5537355693764905
REACTOME_REGULATION_OF_PLK1_ACTIVITY_AT_G2_M_TRANSITION,8.130413636165793,3.6159323239728094
REACTOME_REGULATION_OF_PTEN_GENE_TRANSCRIPTION,13.666187356726276,4.568684994280916
REACTOME_REGULATION_OF_PTEN_LOCALIZATION,16.263148762863548,17.060580776448816
REACTOME_REGULATION_OF_PTEN_MRNA_TRANSLATION,2.0625310953928517,-0.7026502567604798
REACTOME_REGULATION_OF_PTEN_STABILITY_AND_ACTIVITY,17.23537839011235,13.54216045586711
REACTOME_REGULATION_OF_PYRUVATE_DEHYDROGENASE_PDH_COMPLEX,10.905263136911483,1.9429857262456214
REACTOME_REGULATION_OF_RAS_BY_GAPS,16.988200465363956,11.305852973720668
REACTOME_REGULATION_OF_RUNX1_EXPRESSION_AND_ACTIVITY,5.413845524837576,-4.848976573185853
REACTOME_REGULATION_OF_RUNX2_EXPRESSION_AND_ACTIVITY,18.455789456693328,12.835083990018695
REACTOME_REGULATION_OF_RUNX3_EXPRESSION_AND_ACTIVITY,17.13019418301806,17.242896566190602
REACTOME_REGULATION_OF_SIGNALING_BY_CBL,20.131173342274923,-1.6137834777643445
REACTOME_REGULATION_OF_SIGNALING_BY_NODAL,-5.875624710719439,7.158469620194139
REACTOME_REGULATION_OF_TLR_BY_ENDOGENOUS_LIGAND,16.504829015943795,-2.5240760417742925
REACTOME_REGULATION_OF_TP53_ACTIVITY,6.099093440400731,0.8543037704334357
REACTOME_REGULATION_OF_TP53_ACTIVITY_THROUGH_ACETYLATION,14.684649450441125,0.41943623383891937
REACTOME_REGULATION_OF_TP53_ACTIVITY_THROUGH_ASSOCIATION_WITH_CO_FACTORS,-1.6615361499390873,-3.094575211446409
REACTOME_REGULATION_OF_TP53_ACTIVITY_THROUGH_METHYLATION,11.308968627163873,-0.17060606210130874
REACTOME_REGULATION_OF_TP53_ACTIVITY_THROUGH_PHOSPHORYLATION,4.662151587965507,2.0758480778896136
REACTOME_REGULATION_OF_TP53_EXPRESSION_AND_DEGRADATION,10.729573664445422,4.327635457437781
REACTOME_RELAXIN_RECEPTORS,-3.8995106089371463,12.521793913392953
REACTOME_RELEASE_OF_APOPTOTIC_FACTORS_FROM_THE_MITOCHONDRIA,12.381994089981987,4.144871498102801
REACTOME_RELEASE_OF_HH_NP_FROM_THE_SECRETING_CELL,-8.703414653551915,2.0703127079400523
REACTOME_REMOVAL_OF_AMINOTERMINAL_PROPEPTIDES_FROM_GAMMA_CARBOXYLATED_PROTEINS,8.420134750391865,16.748055919142235
REACTOME_REPRESSION_OF_WNT_TARGET_GENES,6.444348030740755,-1.447637335503538
REACTOME_REPRODUCTION,-5.275303306753847,-4.019529538999368
REACTOME_RESOLUTION_OF_ABASIC_SITES_AP_SITES,12.426793251157992,9.910621696109882
REACTOME_RESOLUTION_OF_AP_SITES_VIA_THE_MULTIPLE_NUCLEOTIDE_PATCH_REPLACEMENT_PATHWAY,12.909565442007905,11.507656344563864
REACTOME_RESOLUTION_OF_D_LOOP_STRUCTURES,-6.738782674921671,-2.1052521354990326
REACTOME_RESOLUTION_OF_D_LOOP_STRUCTURES_THROUGH_SYNTHESIS_DEPENDENT_STRAND_ANNEALING_SDSA,-6.746085587432528,-2.5192287331871333
REACTOME_RESOLUTION_OF_SISTER_CHROMATID_COHESION,4.490202073616285,3.5135601285259854
REACTOME_RESPIRATORY_ELECTRON_TRANSPORT,15.61137135204758,18.248262075056026
REACTOME_RESPIRATORY_ELECTRON_TRANSPORT_ATP_SYNTHESIS_BY_CHEMIOSMOTIC_COUPLING_AND_HEAT_PRODUCTION_BY_UNCOUPLING_PROTEINS,14.763726643966896,17.882292373636318
REACTOME_RESPONSE_OF_EIF2AK1_HRI_TO_HEME_DEFICIENCY,16.174961525915606,18.68587620806951
REACTOME_RESPONSE_OF_EIF2AK4_GCN2_TO_AMINO_ACID_DEFICIENCY,11.11642838438717,19.32210217667871
REACTOME_RESPONSE_OF_MTB_TO_PHAGOCYTOSIS,17.75332700546789,14.128046134581162
REACTOME_RESPONSE_TO_ELEVATED_PLATELET_CYTOSOLIC_CA2,18.95617850633505,8.150328642485803
REACTOME_RESPONSE_TO_METAL_IONS,4.373557090602116,-1.5392277624057058
REACTOME_RETINOID_CYCLE_DISEASE_EVENTS,-5.379036931643153,-4.443589100897553
REACTOME_RETROGRADE_NEUROTROPHIN_SIGNALLING,18.404820941273915,8.92646776134902
REACTOME_RETROGRADE_TRANSPORT_AT_THE_TRANS_GOLGI_NETWORK,13.147213662267879,0.7488303815798487
REACTOME_RET_SIGNALING,0.8098895341439311,-1.6181372805522578
REACTOME_REVERSIBLE_HYDRATION_OF_CARBON_DIOXIDE,-8.106738554023403,3.438105255305968
REACTOME_RHOA_GTPASE_CYCLE,7.193999437506515,-6.600166908850689
REACTOME_RHOBTB1_GTPASE_CYCLE,19.97557848749764,10.056011839378614
REACTOME_RHOBTB2_GTPASE_CYCLE,18.859514807603897,15.826321314544659
REACTOME_RHOBTB3_ATPASE_CYCLE,5.5893862802573775,1.0212734239255628
REACTOME_RHOBTB_GTPASE_CYCLE,17.840753853351572,10.627882000980627
REACTOME_RHOB_GTPASE_CYCLE,9.622494219254682,-6.037896708496155
REACTOME_RHOC_GTPASE_CYCLE,17.824230751567615,-0.9816020055527963
REACTOME_RHOD_GTPASE_CYCLE,12.82800047043507,-3.653141025757418
REACTOME_RHOF_GTPASE_CYCLE,13.835595254612654,-3.984617288733014
REACTOME_RHOG_GTPASE_CYCLE,18.206364512906685,-0.7101268364602586
REACTOME_RHOH_GTPASE_CYCLE,21.93848129788082,2.144282347366751
REACTOME_RHOJ_GTPASE_CYCLE,12.789252463258613,-4.637346815004953
REACTOME_RHOQ_GTPASE_CYCLE,10.995428482417722,-5.6505225505423855
REACTOME_RHOU_GTPASE_CYCLE,12.428350279097126,-4.8640925755062625
REACTOME_RHOV_GTPASE_CYCLE,13.17042535321062,-4.558931762138494
REACTOME_RHO_GTPASES_ACTIVATE_CIT,19.463162031392223,11.193128263003139
REACTOME_RHO_GTPASES_ACTIVATE_FORMINS,5.740278071964154,3.356364607555819
REACTOME_RHO_GTPASES_ACTIVATE_IQGAPS,13.597627434097847,3.000783039504759
REACTOME_RHO_GTPASES_ACTIVATE_KTN1,17.433162022523664,5.670415327840407
REACTOME_RHO_GTPASES_ACTIVATE_NADPH_OXIDASES,9.00703043723781,-10.619838731344679
REACTOME_RHO_GTPASES_ACTIVATE_PAKS,22.158917957957524,7.523651439929236
REACTOME_RHO_GTPASES_ACTIVATE_PKNS,16.684333078026647,9.13734354018607
REACTOME_RHO_GTPASES_ACTIVATE_RHOTEKIN_AND_RHOPHILINS,14.950602651012,10.754872693909887
REACTOME_RHO_GTPASES_ACTIVATE_ROCKS,19.449459649687274,13.409388455953628
REACTOME_RHO_GTPASES_ACTIVATE_WASPS_AND_WAVES,20.813472328805478,6.121799125112757
REACTOME_RHO_GTPASE_CYCLE,10.551393975214044,-6.325609364167745
REACTOME_RHO_GTPASE_EFFECTORS,8.340572077692002,1.7922551754188771
REACTOME_RIBAVIRIN_ADME,12.770201252571995,4.051808274704601
REACTOME_RIPK1_MEDIATED_REGULATED_NECROSIS,20.0778137399149,9.699270391951716
REACTOME_RIP_MEDIATED_NFKB_ACTIVATION_VIA_ZBP1,19.56491026414375,5.0873420496679485
REACTOME_RMTS_METHYLATE_HISTONE_ARGININES,9.198512601617837,0.9755862657168779
REACTOME_RNA_POLYMERASE_III_CHAIN_ELONGATION,11.78362207803124,6.828772289863804
REACTOME_RNA_POLYMERASE_III_TRANSCRIPTION,10.50674217696832,4.945532216881741
REACTOME_RNA_POLYMERASE_III_TRANSCRIPTION_INITIATION_FROM_TYPE_1_PROMOTER,11.896084218278839,6.434120699676678
REACTOME_RNA_POLYMERASE_III_TRANSCRIPTION_INITIATION_FROM_TYPE_3_PROMOTER,10.121596928370606,3.52218470903982
REACTOME_RNA_POLYMERASE_III_TRANSCRIPTION_TERMINATION,13.615370928062898,6.303485277940341
REACTOME_RNA_POLYMERASE_II_PRE_TRANSCRIPTION_EVENTS,13.10197431596874,6.3242121890069045
REACTOME_RNA_POLYMERASE_II_TRANSCRIBES_SNRNA_GENES,11.697030172743714,4.968938232753961
REACTOME_RNA_POLYMERASE_II_TRANSCRIPTION,6.744291648743861,-1.583431197935092
REACTOME_RNA_POLYMERASE_II_TRANSCRIPTION_TERMINATION,13.215870721466557,10.152764301907098
REACTOME_RNA_POLYMERASE_I_PROMOTER_ESCAPE,9.809419370566786,5.187745112670304
REACTOME_RNA_POLYMERASE_I_TRANSCRIPTION,10.867213654503228,5.5691655040526085
REACTOME_RNA_POLYMERASE_I_TRANSCRIPTION_INITIATION,10.256514516114525,5.3902903137291185
REACTOME_RNA_POLYMERASE_I_TRANSCRIPTION_TERMINATION,10.279445703689683,4.698746364115084
REACTOME_RND1_GTPASE_CYCLE,9.754158439607204,-5.606858617817992
REACTOME_RND2_GTPASE_CYCLE,12.040096889959074,-3.233974623276027
REACTOME_RND3_GTPASE_CYCLE,11.79560913813668,-3.810193424500724
REACTOME_ROBO_RECEPTORS_BIND_AKAP5,-1.287848640345583,-3.610013921868181
REACTOME_ROLE_OF_ABL_IN_ROBO_SLIT_SIGNALING,10.941333502397454,-3.369318901846057
REACTOME_ROLE_OF_LAT2_NTAL_LAB_ON_CALCIUM_MOBILIZATION,4.159683699610175,-7.831458544842367
REACTOME_ROLE_OF_PHOSPHOLIPIDS_IN_PHAGOCYTOSIS,0.6657311317110608,-7.295789137742457
REACTOME_ROLE_OF_SECOND_MESSENGERS_IN_NETRIN_1_SIGNALING,-7.949055632559293,3.837176436552926
REACTOME_RORA_ACTIVATES_GENE_EXPRESSION,15.854154417975403,2.652290928695734
REACTOME_ROS_AND_RNS_PRODUCTION_IN_PHAGOCYTES,6.152171141747665,-9.13060855265112
REACTOME_RRNA_MODIFICATION_IN_THE_MITOCHONDRION,-4.3046707924357985,-4.475177280791458
REACTOME_RRNA_MODIFICATION_IN_THE_NUCLEUS_AND_CYTOSOL,19.6810101652076,12.253235466131452
REACTOME_RRNA_PROCESSING,17.22023616192005,17.856986599561022
REACTOME_RRNA_PROCESSING_IN_THE_MITOCHONDRION,8.192741126836196,-0.34882747763137834
REACTOME_RSK_ACTIVATION,11.303065608782482,-4.610630260480879
REACTOME_RUNX1_AND_FOXP3_CONTROL_THE_DEVELOPMENT_OF_REGULATORY_T_LYMPHOCYTES_TREGS,-3.8712584885226295,4.578522879627337
REACTOME_RUNX1_INTERACTS_WITH_CO_FACTORS_WHOSE_PRECISE_EFFECT_ON_RUNX1_TARGETS_IS_NOT_KNOWN,5.481910875402801,-2.8555413142123403
REACTOME_RUNX1_REGULATES_ESTROGEN_RECEPTOR_MEDIATED_TRANSCRIPTION,5.70238829229755,-3.7599350299833847
REACTOME_RUNX1_REGULATES_GENES_INVOLVED_IN_MEGAKARYOCYTE_DIFFERENTIATION_AND_PLATELET_FUNCTION,5.388765073922337,-4.462873680804886
REACTOME_RUNX1_REGULATES_TRANSCRIPTION_OF_GENES_INVOLVED_IN_BCR_SIGNALING,-1.1828156669473442,-4.882053337661597
REACTOME_RUNX1_REGULATES_TRANSCRIPTION_OF_GENES_INVOLVED_IN_DIFFERENTIATION_OF_HSCS,15.753094066239173,9.769845620737959
REACTOME_RUNX1_REGULATES_TRANSCRIPTION_OF_GENES_INVOLVED_IN_DIFFERENTIATION_OF_KERATINOCYTES,6.790587299852739,-9.535447894254862
REACTOME_RUNX1_REGULATES_TRANSCRIPTION_OF_GENES_INVOLVED_IN_DIFFERENTIATION_OF_MYELOID_CELLS,-1.082227897858194,1.3311070484717626
REACTOME_RUNX1_REGULATES_TRANSCRIPTION_OF_GENES_INVOLVED_IN_INTERLEUKIN_SIGNALING,-1.1010349038993836,0.3891014566441586
REACTOME_RUNX1_REGULATES_TRANSCRIPTION_OF_GENES_INVOLVED_IN_WNT_SIGNALING,-3.968141674551557,1.168187261742914
REACTOME_RUNX2_REGULATES_BONE_DEVELOPMENT,5.682469725516064,-6.092425391493399
REACTOME_RUNX2_REGULATES_CHONDROCYTE_MATURATION,-6.036182144475722,1.7653850771834043
REACTOME_RUNX2_REGULATES_GENES_INVOLVED_IN_CELL_MIGRATION,2.2509050532358854,-7.431824233110146
REACTOME_RUNX2_REGULATES_OSTEOBLAST_DIFFERENTIATION,11.387457221750946,-6.001921644775523
REACTOME_RUNX3_REGULATES_BCL2L11_BIM_TRANSCRIPTION,8.732536128637479,-6.0913788293086455
REACTOME_RUNX3_REGULATES_CDKN1A_TRANSCRIPTION,18.165697081037948,-3.174074005062023
REACTOME_RUNX3_REGULATES_IMMUNE_RESPONSE_AND_CELL_MIGRATION,12.610058912564686,-9.651502236546905
REACTOME_RUNX3_REGULATES_NOTCH_SIGNALING,15.446325055614768,-5.368873522634395
REACTOME_RUNX3_REGULATES_P14_ARF,7.809092805630932,-8.883341721720152
REACTOME_RUNX3_REGULATES_WNT_SIGNALING,10.649794212731374,-1.3623528502189879
REACTOME_RUNX3_REGULATES_YAP1_MEDIATED_TRANSCRIPTION,21.092612176804895,-0.05842405101263498
REACTOME_SARS_COV_1_ACTIVATES_MODULATES_INNATE_IMMUNE_RESPONSES,16.530853582534817,4.729698258657755
REACTOME_SARS_COV_1_HOST_INTERACTIONS,18.030076144416565,15.862044230519931
REACTOME_SARS_COV_1_INFECTION,18.22566279808739,14.157571754511746
REACTOME_SARS_COV_1_MODULATES_HOST_TRANSLATION_MACHINERY,8.948370944052078,19.67295276526223
REACTOME_SARS_COV_1_TARGETS_HOST_INTRACELLULAR_SIGNALLING_AND_REGULATORY_PATHWAYS,20.55243366424802,15.294879553049574
REACTOME_SARS_COV_2_ACTIVATES_MODULATES_INNATE_AND_ADAPTIVE_IMMUNE_RESPONSES,11.137971211614257,0.5533577020579737
REACTOME_SARS_COV_2_HOST_INTERACTIONS,18.503106676781528,8.4856136480193
REACTOME_SARS_COV_2_INFECTION,19.243466218638854,7.381492428686994
REACTOME_SARS_COV_2_MODULATES_AUTOPHAGY,15.05472300615471,7.278918050823494
REACTOME_SARS_COV_2_MODULATES_HOST_TRANSLATION_MACHINERY,15.230676206023283,19.967030966256203
REACTOME_SARS_COV_2_TARGETS_HOST_INTRACELLULAR_SIGNALLING_AND_REGULATORY_PATHWAYS,19.136149028652376,15.571209914277684
REACTOME_SARS_COV_2_TARGETS_PDZ_PROTEINS_IN_CELL_CELL_JUNCTION,12.670165872798481,-2.4903821250183835
REACTOME_SARS_COV_INFECTIONS,18.538602438672175,6.2533060523978286
REACTOME_SCAVENGING_BY_CLASS_A_RECEPTORS,17.786190930311495,13.312807929318453
REACTOME_SCAVENGING_BY_CLASS_B_RECEPTORS,12.86605136651534,16.19872073169036
REACTOME_SCAVENGING_BY_CLASS_F_RECEPTORS,12.56743301474048,19.12898193388124
REACTOME_SCAVENGING_OF_HEME_FROM_PLASMA,10.677244432060597,18.71037903879039
REACTOME_SCF_BETA_TRCP_MEDIATED_DEGRADATION_OF_EMI1,17.418827206587142,18.209902835505396
REACTOME_SCF_SKP2_MEDIATED_DEGRADATION_OF_P27_P21,17.546397885926943,16.385769513342627
REACTOME_SEALING_OF_THE_NUCLEAR_ENVELOPE_NE_BY_ESCRT_III,10.043382428847213,-4.31386104005016
REACTOME_SELECTIVE_AUTOPHAGY,14.192927466799079,5.326964079531905
REACTOME_SELENOAMINO_ACID_METABOLISM,9.184893050588967,19.520163718478305
REACTOME_SEMA3A_PAK_DEPENDENT_AXON_REPULSION,19.521590156239782,-0.022261306825344107
REACTOME_SEMA3A_PLEXIN_REPULSION_SIGNALING_BY_INHIBITING_INTEGRIN_ADHESION,17.364771590857,-3.634243001834722
REACTOME_SEMA4D_INDUCED_CELL_MIGRATION_AND_GROWTH_CONE_COLLAPSE,19.59151731660429,14.757686725339834
REACTOME_SEMA4D_IN_SEMAPHORIN_SIGNALING,20.149071106968645,16.04066124615704
REACTOME_SEMA4D_MEDIATED_INHIBITION_OF_CELL_ATTACHMENT_AND_MIGRATION,12.159150740433613,18.54181072066869
REACTOME_SEMAPHORIN_INTERACTIONS,19.98333721092499,-1.2245814438224036
REACTOME_SENESCENCE_ASSOCIATED_SECRETORY_PHENOTYPE_SASP,12.547892603235924,5.23129676302716
REACTOME_SENSING_OF_DNA_DOUBLE_STRAND_BREAKS,0.627872702020992,0.17038102422316542
REACTOME_SENSORY_PERCEPTION,-7.1243641113421425,7.923729163276362
REACTOME_SENSORY_PERCEPTION_OF_SALTY_TASTE,-6.414203233329895,9.572967904400473
REACTOME_SENSORY_PERCEPTION_OF_TASTE,-4.467007673042286,9.904038470309702
REACTOME_SENSORY_PROCESSING_OF_SOUND,-5.9340917528102874,-2.7065592169871047
REACTOME_SENSORY_PROCESSING_OF_SOUND_BY_OUTER_HAIR_CELLS_OF_THE_COCHLEA,-2.66159696483453,-6.328488168874889
REACTOME_SEPARATION_OF_SISTER_CHROMATIDS,7.862070993966764,4.78349187416963
REACTOME_SERINE_BIOSYNTHESIS,16.97272904112406,12.057985639289837
REACTOME_SEROTONIN_NEUROTRANSMITTER_RELEASE_CYCLE,-9.587008123564749,4.167830013425394
REACTOME_SEROTONIN_RECEPTORS,-6.448921141672439,10.407302941580935
REACTOME_SHC1_EVENTS_IN_EGFR_SIGNALING,1.380369827106734,-4.946641610536626
REACTOME_SHC1_EVENTS_IN_ERBB2_SIGNALING,2.558309267157364,-4.340664355292803
REACTOME_SHC1_EVENTS_IN_ERBB4_SIGNALING,-3.421477826428928,-0.40098038015465387
REACTOME_SHC_MEDIATED_CASCADE_FGFR1,-8.046721648326006,4.595446681261969
REACTOME_SHC_MEDIATED_CASCADE_FGFR3,-7.3203016041807984,-0.06130544462769892
REACTOME_SHC_MEDIATED_CASCADE_FGFR4,-5.807495521416765,-3.0688024257692974
REACTOME_SHC_RELATED_EVENTS_TRIGGERED_BY_IGF1R,12.955388415203114,-3.2645223073619163
REACTOME_SIALIC_ACID_METABOLISM,-3.6972305132641154,-6.021482330560816
REACTOME_SIGNALING_BY_ACTIVIN,13.682214357336198,-4.528020690581315
REACTOME_SIGNALING_BY_ALK,7.816025136483284,-8.45773667183272
REACTOME_SIGNALING_BY_ALK_IN_CANCER,20.60062579195542,10.17690541476492
REACTOME_SIGNALING_BY_BMP,-3.757131931847532,0.01643948805458631
REACTOME_SIGNALING_BY_BRAF_AND_RAF1_FUSIONS,15.36040084924887,0.09204261345073636
REACTOME_SIGNALING_BY_CSF1_M_CSF_IN_MYELOID_CELLS,20.439207707369228,-1.1204432647801394
REACTOME_SIGNALING_BY_CSF3_G_CSF,20.773062182391755,9.60108636765552
REACTOME_SIGNALING_BY_CTNNB1_PHOSPHO_SITE_MUTANTS,19.930642642974284,6.473692924209137
REACTOME_SIGNALING_BY_CYTOSOLIC_FGFR1_FUSION_MUTANTS,17.175305989596314,1.7634018021583573
REACTOME_SIGNALING_BY_EGFR,11.295608364614552,-3.6835846097222227
REACTOME_SIGNALING_BY_EGFR_IN_CANCER,14.454412710466345,-2.911970408085049
REACTOME_SIGNALING_BY_ERBB2,12.501684412593058,-1.9250373699349999
REACTOME_SIGNALING_BY_ERBB2_ECD_MUTANTS,21.44300514167359,5.954572477814898
REACTOME_SIGNALING_BY_ERBB2_IN_CANCER,7.24796603758881,-5.6077804156065705
REACTOME_SIGNALING_BY_ERBB4,3.9399163746333934,-3.6486564648666806
REACTOME_SIGNALING_BY_ERYTHROPOIETIN,9.572632812155028,-6.550835463475627
REACTOME_SIGNALING_BY_FGFR,11.026532907350932,-4.8286768934803765
REACTOME_SIGNALING_BY_FGFR1,-2.040296552941453,-5.007631663712829
REACTOME_SIGNALING_BY_FGFR1_IN_DISEASE,-0.23023496848838249,-2.0823263796365215
REACTOME_SIGNALING_BY_FGFR2,12.368199643885482,-1.303440838624805
REACTOME_SIGNALING_BY_FGFR2_IIIA_TM,19.08669190199513,13.596940000060616
REACTOME_SIGNALING_BY_FGFR2_IN_DISEASE,3.8696502149607572,-3.246286605011001
REACTOME_SIGNALING_BY_FGFR3,6.009804390226094,-4.7186982853065915
REACTOME_SIGNALING_BY_FGFR4,7.326998247088302,-4.929577477649166
REACTOME_SIGNALING_BY_FGFR4_IN_DISEASE,16.57557791219356,1.870659089827619
REACTOME_SIGNALING_BY_FGFR_IN_DISEASE,7.978742738916763,-3.8156001505657926
REACTOME_SIGNALING_BY_FLT3_FUSION_PROTEINS,17.72664873353652,1.5925638627389842
REACTOME_SIGNALING_BY_FLT3_ITD_AND_TKD_MUTANTS,17.687494145164383,2.128559208887674
REACTOME_SIGNALING_BY_GPCR,-5.0890240549247086,4.632176775137017
REACTOME_SIGNALING_BY_HEDGEHOG,10.60127756533863,-1.001116485013274
REACTOME_SIGNALING_BY_HIPPO,9.284351707878834,-5.781682083253266
REACTOME_SIGNALING_BY_INSULIN_RECEPTOR,5.085876636577335,-2.8072033536464582
REACTOME_SIGNALING_BY_INTERLEUKINS,12.515437531673516,-8.507285811977255
REACTOME_SIGNALING_BY_KIT_IN_DISEASE,14.528109418120563,-8.202065378776933
REACTOME_SIGNALING_BY_LEPTIN,16.02572371297105,2.0289728037943418
REACTOME_SIGNALING_BY_LRP5_MUTANTS,-7.7652430445935865,-1.282781374570412
REACTOME_SIGNALING_BY_MAPK_MUTANTS,19.47221398625899,8.14193859417607
REACTOME_SIGNALING_BY_MEMBRANE_TETHERED_FUSIONS_OF_PDGFRA_OR_PDGFRB,14.473146651558478,-6.853948388820512
REACTOME_SIGNALING_BY_MET,17.20242106198218,-3.0882407076758542
REACTOME_SIGNALING_BY_MODERATE_KINASE_ACTIVITY_BRAF_MUTANTS,17.940557569070997,5.97860118422875
REACTOME_SIGNALING_BY_MRAS_COMPLEX_MUTANTS,21.126769267254915,6.844975933162056
REACTOME_SIGNALING_BY_MST1,15.95742216145031,-5.263758340962478
REACTOME_SIGNALING_BY_NODAL,-1.0956213074588832,-1.5912408478028168
REACTOME_SIGNALING_BY_NOTCH,15.558921582089436,3.5049080308476044
REACTOME_SIGNALING_BY_NOTCH1,14.28637636996205,-5.7008827959189645
REACTOME_SIGNALING_BY_NOTCH1_HD_DOMAIN_MUTANTS_IN_CANCER,20.126072364626577,-1.9970459323137257
REACTOME_SIGNALING_BY_NOTCH1_PEST_DOMAIN_MUTANTS_IN_CANCER,14.454200564938374,-1.3390471055128081
REACTOME_SIGNALING_BY_NOTCH1_T_7_9_NOTCH1_M1580_K2555_TRANSLOCATION_MUTANT,0.717922099926479,-8.081355511236398
REACTOME_SIGNALING_BY_NOTCH2,15.30060229785262,-6.379572996812995
REACTOME_SIGNALING_BY_NOTCH3,15.828481963958472,-6.479998919289554
REACTOME_SIGNALING_BY_NOTCH4,18.806247597670914,13.26862679192221
REACTOME_SIGNALING_BY_NTRK2_TRKB,4.851568868759774,-5.070239378727939
REACTOME_SIGNALING_BY_NTRK3_TRKC,8.757658902082879,-4.631791305762624
REACTOME_SIGNALING_BY_NTRKS,13.428347040682379,-5.0275034869361255
REACTOME_SIGNALING_BY_NUCLEAR_RECEPTORS,12.703155742217547,0.48628819077198077
REACTOME_SIGNALING_BY_PDGF,16.6065828770037,-5.944897776157806
REACTOME_SIGNALING_BY_PDGFRA_TRANSMEMBRANE_JUXTAMEMBRANE_AND_KINASE_DOMAIN_MUTANTS,15.462600219512142,-0.9594470479097228
REACTOME_SIGNALING_BY_PDGFR_IN_DISEASE,13.221023468814044,-5.810499039771723
REACTOME_SIGNALING_BY_PTK6,17.539051396853825,-0.717864395771357
REACTOME_SIGNALING_BY_RECEPTOR_TYROSINE_KINASES,10.067280491549788,-7.988088722204257
REACTOME_SIGNALING_BY_RETINOIC_ACID,8.705947766217648,-0.93142201602189
REACTOME_SIGNALING_BY_RHO_GTPASES_MIRO_GTPASES_AND_RHOBTB3,10.475863245000053,-4.125824199967281
REACTOME_SIGNALING_BY_RNF43_MUTANTS,7.305066743415978,-3.4288273070815087
REACTOME_SIGNALING_BY_ROBO_RECEPTORS,19.05100689633414,17.052317361255863
REACTOME_SIGNALING_BY_SCF_KIT,5.867474483908439,-8.28620264442284
REACTOME_SIGNALING_BY_TGFB_FAMILY_MEMBERS,15.83954864696563,-4.7825596193074045
REACTOME_SIGNALING_BY_TGF_BETA_RECEPTOR_COMPLEX,22.294863586639682,2.1122548748185457
REACTOME_SIGNALING_BY_TGF_BETA_RECEPTOR_COMPLEX_IN_CANCER,20.36620308251338,1.471688008809291
REACTOME_SIGNALING_BY_THE_B_CELL_RECEPTOR_BCR,17.070272293482347,6.216906589381619
REACTOME_SIGNALING_BY_TYPE_1_INSULIN_LIKE_GROWTH_FACTOR_1_RECEPTOR_IGF1R,-6.654232941197543,-3.698230304128706
REACTOME_SIGNALING_BY_VEGF,16.797408163471868,-2.3561609567066415
REACTOME_SIGNALING_BY_WNT,7.162619714925072,-2.378375157948776
REACTOME_SIGNALING_BY_WNT_IN_CANCER,7.9597869866811175,-2.7118796881847493
REACTOME_SIGNALLING_TO_ERKS,19.78890232398594,5.661398071833923
REACTOME_SIGNALLING_TO_RAS,19.33081285293018,5.350997986015657
REACTOME_SIGNAL_AMPLIFICATION,1.1452218702696864,-4.153975880437563
REACTOME_SIGNAL_ATTENUATION,15.46526251827837,15.941356660493389
REACTOME_SIGNAL_REGULATORY_PROTEIN_FAMILY_INTERACTIONS,2.256589508951028,-9.174667630105919
REACTOME_SIGNAL_TRANSDUCTION_BY_L1,21.19793550770914,2.4176019862511433
REACTOME_SIRT1_NEGATIVELY_REGULATES_RRNA_EXPRESSION,3.5769482458785054,2.89452753513399
REACTOME_SLBP_DEPENDENT_PROCESSING_OF_REPLICATION_DEPENDENT_HISTONE_PRE_MRNAS,20.450591041934747,14.64605935759374
REACTOME_SLC_MEDIATED_TRANSMEMBRANE_TRANSPORT,-4.605901185700881,-6.386725027238525
REACTOME_SLC_TRANSPORTER_DISORDERS,1.178206411488871,-1.0815943779243296
REACTOME_SMAC_XIAP_REGULATED_APOPTOTIC_RESPONSE,9.325692181242646,-3.934814138391654
REACTOME_SMAD2_SMAD3_SMAD4_HETEROTRIMER_REGULATES_TRANSCRIPTION,19.850104173862626,7.740756790270713
REACTOME_SMALL_INTERFERING_RNA_SIRNA_BIOGENESIS,0.14878378315729485,0.32785414679274594
REACTOME_SMOOTH_MUSCLE_CONTRACTION,16.033498628297075,-6.821326883707092
REACTOME_SNRNP_ASSEMBLY,8.393579449029206,6.083191537118496
REACTOME_SODIUM_CALCIUM_EXCHANGERS,-6.288535168631482,6.215752012227825
REACTOME_SODIUM_COUPLED_SULPHATE_DI_AND_TRI_CARBOXYLATE_TRANSPORTERS,-7.758827134960499,0.5675963580219077
REACTOME_SODIUM_PROTON_EXCHANGERS,-9.379212714675015,8.127260268826019
REACTOME_SOS_MEDIATED_SIGNALLING,17.626722239584534,11.576502627290173
REACTOME_SPERM_MOTILITY_AND_TAXES,-8.310622588517248,7.636491428070334
REACTOME_SPHINGOLIPID_DE_NOVO_BIOSYNTHESIS,10.000487272472618,-4.718773611002379
REACTOME_SPHINGOLIPID_METABOLISM,9.995835270494894,-3.4100869680180947
REACTOME_SPRY_REGULATION_OF_FGF_SIGNALING,18.511541109584385,15.185261413168018
REACTOME_SRP_DEPENDENT_COTRANSLATIONAL_PROTEIN_TARGETING_TO_MEMBRANE,14.415760584018305,19.403086413164502
REACTOME_STABILIZATION_OF_P53,17.01342394088312,16.399818612204104
REACTOME_STAT3_NUCLEAR_EVENTS_DOWNSTREAM_OF_ALK_SIGNALING,19.248311951115998,-4.066457596013719
REACTOME_STAT5_ACTIVATION,8.489483166370626,-6.435908678028156
REACTOME_STAT5_ACTIVATION_DOWNSTREAM_OF_FLT3_ITD_MUTANTS,20.297690503394563,4.007756120929703
REACTOME_STIMULI_SENSING_CHANNELS,-6.884003307017103,0.556016500709243
REACTOME_STING_MEDIATED_INDUCTION_OF_HOST_IMMUNE_RESPONSES,12.74211664713687,-8.808995665400996
REACTOME_STRIATED_MUSCLE_CONTRACTION,-6.81999404719965,4.589205369516493
REACTOME_SULFIDE_OXIDATION_TO_SULFATE,14.16665668636426,18.022446690587664
REACTOME_SULFUR_AMINO_ACID_METABOLISM,12.672253099353542,13.704820668416179
REACTOME_SUMOYLATION,8.933913469412724,2.9202667765600183
REACTOME_SUMOYLATION_OF_CHROMATIN_ORGANIZATION_PROTEINS,8.361283504647409,2.2047547334099633
REACTOME_SUMOYLATION_OF_DNA_DAMAGE_RESPONSE_AND_REPAIR_PROTEINS,8.584819873648847,3.4903153328147827
REACTOME_SUMOYLATION_OF_DNA_METHYLATION_PROTEINS,6.272514606145629,1.1243713246846925
REACTOME_SUMOYLATION_OF_DNA_REPLICATION_PROTEINS,7.786287673714305,7.0444530010477
REACTOME_SUMOYLATION_OF_IMMUNE_RESPONSE_PROTEINS,20.12614929328857,16.79453472182084
REACTOME_SUMOYLATION_OF_INTRACELLULAR_RECEPTORS,8.254116738529405,-0.9262311790161825
REACTOME_SUMOYLATION_OF_RNA_BINDING_PROTEINS,9.860309508533543,4.0511084101570685
REACTOME_SUMOYLATION_OF_SUMOYLATION_PROTEINS,7.974646311136587,6.033477309129658
REACTOME_SUMOYLATION_OF_TRANSCRIPTION_COFACTORS,15.516965444754337,5.284717244432423
REACTOME_SUMOYLATION_OF_TRANSCRIPTION_FACTORS,-0.7923750777446249,-2.198842257946343
REACTOME_SUMOYLATION_OF_UBIQUITINYLATION_PROTEINS,8.618835518532787,4.003370907003908
REACTOME_SUMO_IS_PROTEOLYTICALLY_PROCESSED,15.506912920935147,11.1509109746781
REACTOME_SUMO_IS_TRANSFERRED_FROM_E1_TO_E2_UBE2I_UBC9,19.59188747669744,14.360107357416819
REACTOME_SUPPRESSION_OF_APOPTOSIS,17.90828225217789,9.967111973017785
REACTOME_SUPPRESSION_OF_PHAGOSOMAL_MATURATION,18.021998988298588,12.13034743549662
REACTOME_SURFACTANT_METABOLISM,-6.8179514276577855,1.9121652841145074
REACTOME_SWITCHING_OF_ORIGINS_TO_A_POST_REPLICATIVE_STATE,14.223922296785299,11.613463936130278
REACTOME_SYNAPTIC_ADHESION_LIKE_MOLECULES,-6.292189131857965,-1.7738157712965954
REACTOME_SYNDECAN_INTERACTIONS,20.228358254479932,12.06304756544825
REACTOME_SYNTHESIS_OF_12_EICOSATETRAENOIC_ACID_DERIVATIVES,-3.5383348573551663,-6.339991063268888
REACTOME_SYNTHESIS_OF_15_EICOSATETRAENOIC_ACID_DERIVATIVES,4.1690818316812965,-3.9057912725591057
REACTOME_SYNTHESIS_OF_16_20_HYDROXYEICOSATETRAENOIC_ACIDS_HETE,6.591161202393469,11.027986733773135
REACTOME_SYNTHESIS_OF_5_EICOSATETRAENOIC_ACIDS,14.243160102107316,16.934796858206834
REACTOME_SYNTHESIS_OF_ACTIVE_UBIQUITIN_ROLES_OF_E1_AND_E2_ENZYMES,20.06824135915612,15.076317023642527
REACTOME_SYNTHESIS_OF_BILE_ACIDS_AND_BILE_SALTS,9.02685817181205,11.0582104811105
REACTOME_SYNTHESIS_OF_BILE_ACIDS_AND_BILE_SALTS_VIA_24_HYDROXYCHOLESTEROL,9.87954219371713,13.70006517107638
REACTOME_SYNTHESIS_OF_BILE_ACIDS_AND_BILE_SALTS_VIA_27_HYDROXYCHOLESTEROL,10.132295677060634,14.119701486151802
REACTOME_SYNTHESIS_OF_BILE_ACIDS_AND_BILE_SALTS_VIA_7ALPHA_HYDROXYCHOLESTEROL,9.616130670400086,15.338974860912144
REACTOME_SYNTHESIS_OF_DIPHTHAMIDE_EEF2,8.451615767282767,0.95204711476407
REACTOME_SYNTHESIS_OF_DNA,11.964044694545532,10.218734038807053
REACTOME_SYNTHESIS_OF_DOLICHYL_PHOSPHATE,16.091953518441354,9.836049610840973
REACTOME_SYNTHESIS_OF_EPOXY_EET_AND_DIHYDROXYEICOSATRIENOIC_ACIDS_DHET,8.135839649057186,11.280474884185043
REACTOME_SYNTHESIS_OF_GDP_MANNOSE,10.130289561715905,3.150878479837355
REACTOME_SYNTHESIS_OF_GLYCOSYLPHOSPHATIDYLINOSITOL_GPI,5.501964422921063,-1.9346395630059232
REACTOME_SYNTHESIS_OF_IP2_IP_AND_INS_IN_THE_CYTOSOL,-1.6281892481708777,-4.733304486059381
REACTOME_SYNTHESIS_OF_IP3_AND_IP4_IN_THE_CYTOSOL,-2.588388752230668,-2.566705069075745
REACTOME_SYNTHESIS_OF_KETONE_BODIES,9.659305062217559,9.367069000276247
REACTOME_SYNTHESIS_OF_LEUKOTRIENES_LT_AND_EOXINS_EX,5.019575208856193,-0.13410006237194227
REACTOME_SYNTHESIS_OF_LIPOXINS_LX,5.462154440853946,-10.231340295218141
REACTOME_SYNTHESIS_OF_PA,-3.2660808103060512,-5.955615471284541
REACTOME_SYNTHESIS_OF_PC,8.44122454000676,-1.4189165289242327
REACTOME_SYNTHESIS_OF_PE,9.588856215867743,2.7031876833185713
REACTOME_SYNTHESIS_OF_PG,2.781601606205755,-5.318655254931023
REACTOME_SYNTHESIS_OF_PI,2.597340641016103,-7.161248392338567
REACTOME_SYNTHESIS_OF_PIPS_AT_THE_EARLY_ENDOSOME_MEMBRANE,3.972470769723605,-2.4249939452296565
REACTOME_SYNTHESIS_OF_PIPS_AT_THE_GOLGI_MEMBRANE,9.996540606897808,-1.7270108483231712
REACTOME_SYNTHESIS_OF_PIPS_AT_THE_LATE_ENDOSOME_MEMBRANE,-2.6419410314311893,-4.793163019275788
REACTOME_SYNTHESIS_OF_PIPS_AT_THE_PLASMA_MEMBRANE,2.106865955314232,-2.602929708330597
REACTOME_SYNTHESIS_OF_PROSTAGLANDINS_PG_AND_THROMBOXANES_TX,2.9756237000253085,-8.449871109268098
REACTOME_SYNTHESIS_OF_PYROPHOSPHATES_IN_THE_CYTOSOL,-1.920492990615153,-4.472016397781907
REACTOME_SYNTHESIS_OF_SUBSTRATES_IN_N_GLYCAN_BIOSYTHESIS,9.135758788519256,-1.7419212052526796
REACTOME_SYNTHESIS_OF_UDP_N_ACETYL_GLUCOSAMINE,16.512737765572172,-4.301533461006007
REACTOME_SYNTHESIS_OF_VERY_LONG_CHAIN_FATTY_ACYL_COAS,6.992257282438422,-3.4929120900644204
REACTOME_SYNTHESIS_SECRETION_AND_DEACYLATION_OF_GHRELIN,0.8560637470475213,-2.3373722558337917
REACTOME_SYNTHESIS_SECRETION_AND_INACTIVATION_OF_GLUCAGON_LIKE_PEPTIDE_1_GLP_1,-3.804496998124251,-5.522162822785318
REACTOME_SYNTHESIS_SECRETION_AND_INACTIVATION_OF_GLUCOSE_DEPENDENT_INSULINOTROPIC_POLYPEPTIDE_GIP,2.2423998988884684,-3.208872564082525
REACTOME_S_PHASE,10.81000686034609,10.162722745228143
REACTOME_TACHYKININ_RECEPTORS_BIND_TACHYKININS,-4.83153673028348,9.848061304039037
REACTOME_TAK1_DEPENDENT_IKK_AND_NF_KAPPA_B_ACTIVATION,17.533304149644696,4.496773627962556
REACTOME_TANDEM_PORE_DOMAIN_POTASSIUM_CHANNELS,-3.4741147173266715,8.081981607772866
REACTOME_TBC_RABGAPS,12.713915607132142,3.436203573883208
REACTOME_TCF_DEPENDENT_SIGNALING_IN_RESPONSE_TO_WNT,9.958880937326947,-0.7796560592876074
REACTOME_TCR_SIGNALING,19.974691643497202,5.863620322005358
REACTOME_TELOMERE_C_STRAND_LAGGING_STRAND_SYNTHESIS,6.954028788294256,2.6527474440681558
REACTOME_TELOMERE_C_STRAND_SYNTHESIS_INITIATION,2.877106109669201,-0.1265246577239379
REACTOME_TELOMERE_EXTENSION_BY_TELOMERASE,9.248177589135317,4.155103078000163
REACTOME_TELOMERE_MAINTENANCE,9.472499100100041,5.910489892271358
REACTOME_TERMINAL_PATHWAY_OF_COMPLEMENT,8.908027668920477,17.23389357386767
REACTOME_TERMINATION_OF_O_GLYCAN_BIOSYNTHESIS,-4.815301019711476,3.3440369993781536
REACTOME_TERMINATION_OF_TRANSLESION_DNA_SYNTHESIS,11.858015443968247,9.928197412507437
REACTOME_TETRAHYDROBIOPTERIN_BH4_SYNTHESIS_RECYCLING_SALVAGE_AND_REGULATION,11.211508484588038,3.346737880562732
REACTOME_TFAP2A_ACTS_AS_A_TRANSCRIPTIONAL_REPRESSOR_DURING_RETINOIC_ACID_INDUCED_CELL_DIFFERENTIATION,5.870388885279744,4.828430414716714
REACTOME_TFAP2_AP_2_FAMILY_REGULATES_TRANSCRIPTION_OF_CELL_CYCLE_FACTORS,0.6460496165094571,-3.3789268406517934
REACTOME_TFAP2_AP_2_FAMILY_REGULATES_TRANSCRIPTION_OF_GROWTH_FACTORS_AND_THEIR_RECEPTORS,-6.825483795648558,-3.1816734822108717
REACTOME_TGF_BETA_RECEPTOR_SIGNALING_ACTIVATES_SMADS,21.893566703969658,0.014700510232014907
REACTOME_TGF_BETA_RECEPTOR_SIGNALING_IN_EMT_EPITHELIAL_TO_MESENCHYMAL_TRANSITION,18.021662830518494,16.404661777283845
REACTOME_THE_ACTIVATION_OF_ARYLSULFATASES,4.600954722655702,-2.8445290089710413
REACTOME_THE_CANONICAL_RETINOID_CYCLE_IN_RODS_TWILIGHT_VISION,1.136530333224198,0.044670487566362105
REACTOME_THE_CITRIC_ACID_TCA_CYCLE_AND_RESPIRATORY_ELECTRON_TRANSPORT,15.692831801390206,15.471060069453705
REACTOME_THE_FATTY_ACID_CYCLING_MODEL,-5.24395359563961,2.4291484901250544
REACTOME_THE_NLRP3_INFLAMMASOME,19.6443463904954,0.3029895509292593
REACTOME_THE_PHOTOTRANSDUCTION_CASCADE,-6.552002315978394,4.071038546041987
REACTOME_THE_RETINOID_CYCLE_IN_CONES_DAYLIGHT_VISION,-8.086075257058198,6.06257912937418
REACTOME_THE_ROLE_OF_GTSE1_IN_G2_M_PROGRESSION_AFTER_G2_CHECKPOINT,21.017605497735058,12.426737682830746
REACTOME_THE_ROLE_OF_NEF_IN_HIV_1_REPLICATION_AND_DISEASE_PATHOGENESIS,19.57691586174121,6.126223242414085
REACTOME_THROMBIN_SIGNALLING_THROUGH_PROTEINASE_ACTIVATED_RECEPTORS_PARS,4.625666633186523,-7.791343751666617
REACTOME_THROMBOXANE_SIGNALLING_THROUGH_TP_RECEPTOR,0.4526357780151146,-5.387947939305075
REACTOME_THYROXINE_BIOSYNTHESIS,-7.772680576636001,7.864736691040375
REACTOME_TICAM1_DEPENDENT_ACTIVATION_OF_IRF3_IRF7,15.806093224590912,13.027539786205766
REACTOME_TICAM1_RIP1_MEDIATED_IKK_COMPLEX_RECRUITMENT,20.97510180136095,9.303153516994252
REACTOME_TICAM1_TRAF6_DEPENDENT_INDUCTION_OF_TAK1_COMPLEX,17.823265948124906,11.27515740125886
REACTOME_TIE2_SIGNALING,8.060111200936992,-5.735141828438108
REACTOME_TIGHT_JUNCTION_INTERACTIONS,1.316935300816306,-2.241910759505595
REACTOME_TLR3_MEDIATED_TICAM1_DEPENDENT_PROGRAMMED_CELL_DEATH,1.0658046051761563,-4.8411348178187605
REACTOME_TNFR1_INDUCED_NFKAPPAB_SIGNALING_PATHWAY,20.61051452567152,8.724816340506798
REACTOME_TNFR1_INDUCED_PROAPOPTOTIC_SIGNALING,15.097679403290254,0.6790256144291638
REACTOME_TNFR2_NON_CANONICAL_NF_KB_PATHWAY,16.936337189757513,4.969694187379612
REACTOME_TNFS_BIND_THEIR_PHYSIOLOGICAL_RECEPTORS,-3.531196610722162,4.056871504844468
REACTOME_TNF_RECEPTOR_SUPERFAMILY_TNFSF_MEMBERS_MEDIATING_NON_CANONICAL_NF_KB_PATHWAY,6.473756900675281,-9.03833138794835
REACTOME_TNF_SIGNALING,18.33710119030517,5.154253563349292
REACTOME_TOLL_LIKE_RECEPTOR_9_TLR9_CASCADE,17.044525671525648,4.125299976372639
REACTOME_TOLL_LIKE_RECEPTOR_CASCADES,15.28667607480546,1.0805125000618183
REACTOME_TOLL_LIKE_RECEPTOR_TLR1_TLR2_CASCADE,14.401744995643552,0.7043172567815197
REACTOME_TP53_REGULATES_METABOLIC_GENES,16.44206944085467,11.773565312838015
REACTOME_TP53_REGULATES_TRANSCRIPTION_OF_ADDITIONAL_CELL_CYCLE_GENES_WHOSE_EXACT_ROLE_IN_THE_P53_PATHWAY_REMAIN_UNCERTAIN,16.44139436018055,-0.24377993747882687
REACTOME_TP53_REGULATES_TRANSCRIPTION_OF_CASPASE_ACTIVATORS_AND_CASPASES,-3.0091977517903215,-4.152899706506091
REACTOME_TP53_REGULATES_TRANSCRIPTION_OF_CELL_CYCLE_GENES,7.377429209188918,4.803208223212288
REACTOME_TP53_REGULATES_TRANSCRIPTION_OF_CELL_DEATH_GENES,11.4802819867519,-0.8599473837322527
REACTOME_TP53_REGULATES_TRANSCRIPTION_OF_DEATH_RECEPTORS_AND_LIGANDS,8.675074902828312,-5.67014495113736
REACTOME_TP53_REGULATES_TRANSCRIPTION_OF_DNA_REPAIR_GENES,10.50928911714041,5.525272519015486
REACTOME_TP53_REGULATES_TRANSCRIPTION_OF_GENES_INVOLVED_IN_CYTOCHROME_C_RELEASE,11.954865797075067,-1.5672788715777053
REACTOME_TP53_REGULATES_TRANSCRIPTION_OF_GENES_INVOLVED_IN_G1_CELL_CYCLE_ARREST,3.663075572459298,3.38496456314559
REACTOME_TP53_REGULATES_TRANSCRIPTION_OF_GENES_INVOLVED_IN_G2_CELL_CYCLE_ARREST,11.814791654035988,9.56349622024403
REACTOME_TP53_REGULATES_TRANSCRIPTION_OF_SEVERAL_ADDITIONAL_CELL_DEATH_GENES_WHOSE_SPECIFIC_ROLES_IN_P53_DEPENDENT_APOPTOSIS_REMAIN_UNCERTAIN,9.150651712919501,3.5779282176675897
REACTOME_TRAF3_DEPENDENT_IRF_ACTIVATION_PATHWAY,13.242131223931063,-7.440439015440601
REACTOME_TRAF6_MEDIATED_INDUCTION_OF_TAK1_COMPLEX_WITHIN_TLR4_COMPLEX,18.791243563687654,10.319444891454008
REACTOME_TRAF6_MEDIATED_IRF7_ACTIVATION,-0.42683976262000484,-2.52346915628995
REACTOME_TRAF6_MEDIATED_IRF7_ACTIVATION_IN_TLR7_8_OR_9_SIGNALING,13.019344847993363,19.391171294555132
REACTOME_TRAF6_MEDIATED_NF_KB_ACTIVATION,17.926052726175847,4.543985121770194
REACTOME_TRAFFICKING_AND_PROCESSING_OF_ENDOSOMAL_TLR,20.134918310545455,9.352333847095256
REACTOME_TRAFFICKING_OF_AMPA_RECEPTORS,-6.149456636747935,-2.506427651036346
REACTOME_TRAFFICKING_OF_GLUR2_CONTAINING_AMPA_RECEPTORS,-0.6408214320291565,-3.1012630700476063
REACTOME_TRAIL_SIGNALING,10.49560220313608,-4.789297221555773
REACTOME_TRANSCRIPTIONAL_ACTIVATION_OF_MITOCHONDRIAL_BIOGENESIS,13.438361180007817,4.16838871973274
REACTOME_TRANSCRIPTIONAL_ACTIVITY_OF_SMAD2_SMAD3_SMAD4_HETEROTRIMER,21.33727116355359,5.397336352415827
REACTOME_TRANSCRIPTIONAL_REGULATION_BY_E2F6,3.2330260295570117,3.1892098795688604
REACTOME_TRANSCRIPTIONAL_REGULATION_BY_MECP2,-3.884345670061654,-3.5000199192593033
REACTOME_TRANSCRIPTIONAL_REGULATION_BY_NPAS4,2.4930725341878732,-4.9400102952188485
REACTOME_TRANSCRIPTIONAL_REGULATION_BY_RUNX1,11.184189327366179,-1.6642730429969828
REACTOME_TRANSCRIPTIONAL_REGULATION_BY_RUNX2,16.81643001741081,5.838355801743598
REACTOME_TRANSCRIPTIONAL_REGULATION_BY_RUNX3,18.389008511024876,11.42397928345005
REACTOME_TRANSCRIPTIONAL_REGULATION_BY_SMALL_RNAS,12.52129067854299,7.495874698552112
REACTOME_TRANSCRIPTIONAL_REGULATION_BY_THE_AP_2_TFAP2_FAMILY_OF_TRANSCRIPTION_FACTORS,4.296799330878703,-5.169760136606757
REACTOME_TRANSCRIPTIONAL_REGULATION_BY_TP53,11.081198654772221,4.175747257752497
REACTOME_TRANSCRIPTIONAL_REGULATION_BY_VENTX,9.557471419466756,0.18558603369024868
REACTOME_TRANSCRIPTIONAL_REGULATION_OF_GRANULOPOIESIS,7.278473615392708,-0.9008820256439573
REACTOME_TRANSCRIPTIONAL_REGULATION_OF_PLURIPOTENT_STEM_CELLS,-7.971455165245803,-0.6655550129799664
REACTOME_TRANSCRIPTIONAL_REGULATION_OF_TESTIS_DIFFERENTIATION,-7.453989684954706,7.595108108864603
REACTOME_TRANSCRIPTIONAL_REGULATION_OF_WHITE_ADIPOCYTE_DIFFERENTIATION,10.311073322044452,-1.8652712098971242
REACTOME_TRANSCRIPTION_COUPLED_NUCLEOTIDE_EXCISION_REPAIR_TC_NER,13.864228162536495,10.828003015928267
REACTOME_TRANSCRIPTION_OF_E2F_TARGETS_UNDER_NEGATIVE_CONTROL_BY_DREAM_COMPLEX,5.749717196198941,4.150346962647858
REACTOME_TRANSCRIPTION_OF_E2F_TARGETS_UNDER_NEGATIVE_CONTROL_BY_P107_RBL1_AND_P130_RBL2_IN_COMPLEX_WITH_HDAC1,4.434997758570615,4.3069043024251945
REACTOME_TRANSCRIPTION_OF_THE_HIV_GENOME,12.073724461810224,5.38833414168994
REACTOME_TRANSFERRIN_ENDOCYTOSIS_AND_RECYCLING,16.651793439951174,7.795592980664314
REACTOME_TRANSLATION,13.827466340198104,19.979178631548212
REACTOME_TRANSLATION_OF_REPLICASE_AND_ASSEMBLY_OF_THE_REPLICATION_TRANSCRIPTION_COMPLEX,18.903003029682637,11.275227869985956
REACTOME_TRANSLATION_OF_SARS_COV_1_STRUCTURAL_PROTEINS,16.833011593438375,11.011476003454554
REACTOME_TRANSLATION_OF_SARS_COV_2_STRUCTURAL_PROTEINS,19.705645967703788,8.795868658503998
REACTOME_TRANSLESION_SYNTHESIS_BY_POLH,20.083173597394865,13.271957206657909
REACTOME_TRANSLESION_SYNTHESIS_BY_POLK,21.272404574155498,11.787056407512628
REACTOME_TRANSLESION_SYNTHESIS_BY_Y_FAMILY_DNA_POLYMERASES_BYPASSES_LESIONS_ON_DNA_TEMPLATE,11.221895720983422,8.939155773441307
REACTOME_TRANSLOCATION_OF_SLC2A4_GLUT4_TO_THE_PLASMA_MEMBRANE,14.542095624795973,4.742381498227953
REACTOME_TRANSMISSION_ACROSS_CHEMICAL_SYNAPSES,-6.291424692341183,0.9738675953916318
REACTOME_TRANSPORT_AND_SYNTHESIS_OF_PAPS,15.749456576872072,4.86765358028693
REACTOME_TRANSPORT_OF_BILE_SALTS_AND_ORGANIC_ACIDS_METAL_IONS_AND_AMINE_COMPOUNDS,-5.095398120930539,-4.847536428870317
REACTOME_TRANSPORT_OF_CONNEXONS_TO_THE_PLASMA_MEMBRANE,-0.8954986444375728,-6.025140725032004
REACTOME_TRANSPORT_OF_FATTY_ACIDS,-6.14971783263512,3.497390125979903
REACTOME_TRANSPORT_OF_INORGANIC_CATIONS_ANIONS_AND_AMINO_ACIDS_OLIGOPEPTIDES,-5.646877276558446,-0.20238730990229464
REACTOME_TRANSPORT_OF_MATURE_MRNAS_DERIVED_FROM_INTRONLESS_TRANSCRIPTS,8.181637211273198,6.414545916686848
REACTOME_TRANSPORT_OF_MATURE_TRANSCRIPT_TO_CYTOPLASM,12.354052548630232,7.821384265539543
REACTOME_TRANSPORT_OF_NUCLEOSIDES_AND_FREE_PURINE_AND_PYRIMIDINE_BASES_ACROSS_THE_PLASMA_MEMBRANE,13.750107449326325,6.676667468004615
REACTOME_TRANSPORT_OF_NUCLEOTIDE_SUGARS,16.391090907854892,10.051348099015703
REACTOME_TRANSPORT_OF_ORGANIC_ANIONS,-5.252387778986608,-5.9829203101921085
REACTOME_TRANSPORT_OF_RCBL_WITHIN_THE_BODY,5.6179804630752175,-7.809884940056668
REACTOME_TRANSPORT_OF_SMALL_MOLECULES,3.9294829230628143,-1.9469566411480268
REACTOME_TRANSPORT_OF_THE_SLBP_DEPENDANT_MATURE_MRNA,6.8016245699096,7.344879277882452
REACTOME_TRANSPORT_OF_VITAMINS_NUCLEOSIDES_AND_RELATED_MOLECULES,6.907912201431946,-0.9030389743750973
REACTOME_TRANSPORT_TO_THE_GOLGI_AND_SUBSEQUENT_MODIFICATION,13.656974360504451,1.8704187813445734
REACTOME_TRANS_GOLGI_NETWORK_VESICLE_BUDDING,19.57372520580165,10.630609865237174
REACTOME_TRIF_MEDIATED_PROGRAMMED_CELL_DEATH,13.571568400371762,-8.096065959001187
REACTOME_TRIGLYCERIDE_BIOSYNTHESIS,8.02462684762443,8.661624668787466
REACTOME_TRIGLYCERIDE_CATABOLISM,4.649298584946768,-4.679798845940128
REACTOME_TRIGLYCERIDE_METABOLISM,6.562250767933043,-0.9589436091046523
REACTOME_TRISTETRAPROLIN_TTP_ZFP36_BINDS_AND_DESTABILIZES_MRNA,14.555281169139308,8.270418211377404
REACTOME_TRNA_AMINOACYLATION,15.669772228450936,10.561695720013958
REACTOME_TRNA_MODIFICATION_IN_THE_MITOCHONDRION,8.211955859006576,0.5791649747610172
REACTOME_TRNA_MODIFICATION_IN_THE_NUCLEUS_AND_CYTOSOL,7.834297762664693,0.4916066358129662
REACTOME_TRNA_PROCESSING,9.668780287851664,4.704076543984025
REACTOME_TRNA_PROCESSING_IN_THE_MITOCHONDRION,13.704303604915665,7.360036106252647
REACTOME_TRNA_PROCESSING_IN_THE_NUCLEUS,8.892870142188384,6.208894162563092
REACTOME_TRP_CHANNELS,-5.268268582019889,5.447752844482742
REACTOME_TRYPTOPHAN_CATABOLISM,9.26007448463566,2.2159669804001667
REACTOME_TYPE_I_HEMIDESMOSOME_ASSEMBLY,1.1380029470635846,-3.791849001486278
REACTOME_TYSND1_CLEAVES_PEROXISOMAL_PROTEINS,11.83455279415213,17.455612170528333
REACTOME_UBIQUINOL_BIOSYNTHESIS,10.879240140999322,6.497877362014384
REACTOME_UB_SPECIFIC_PROCESSING_PROTEASES,14.191815647108216,5.859575311110365
REACTOME_UCH_PROTEINASES,16.399521679516056,10.698000926618988
REACTOME_UNBLOCKING_OF_NMDA_RECEPTORS_GLUTAMATE_BINDING_AND_ACTIVATION,-6.111286320064242,8.361365552611636
REACTOME_UNFOLDED_PROTEIN_RESPONSE_UPR,15.730459032672073,13.991228924491278
REACTOME_UNWINDING_OF_DNA,4.3715648627228685,4.842218249019333
REACTOME_UPTAKE_AND_ACTIONS_OF_BACTERIAL_TOXINS,9.128459712520835,-6.197211765193441
REACTOME_UPTAKE_AND_FUNCTION_OF_ANTHRAX_TOXINS,22.085520813529065,8.19913495071106
REACTOME_UPTAKE_AND_FUNCTION_OF_DIPHTHERIA_TOXIN,12.514958630797437,19.63851237987141
REACTOME_UPTAKE_OF_DIETARY_COBALAMINS_INTO_ENTEROCYTES,-6.275388682877846,4.45856731900677
REACTOME_UREA_CYCLE,11.14301324467463,14.185327274567543
REACTOME_VASOPRESSIN_LIKE_RECEPTORS,-7.327931122993601,8.31792682828071
REACTOME_VASOPRESSIN_REGULATES_RENAL_WATER_HOMEOSTASIS_VIA_AQUAPORINS,-3.7908649852922984,-4.983761687816755
REACTOME_VEGFR2_MEDIATED_CELL_PROLIFERATION,7.465854426795597,-5.971332559391902
REACTOME_VEGFR2_MEDIATED_VASCULAR_PERMEABILITY,18.942572619073257,4.912478769410627
REACTOME_VEGF_LIGAND_RECEPTOR_INTERACTIONS,7.123304044113994,-7.967865110254004
REACTOME_VESICLE_MEDIATED_TRANSPORT,12.04895177141115,0.18232731523335963
REACTOME_VIRAL_MESSENGER_RNA_SYNTHESIS,12.745030183703815,10.586516891912666
REACTOME_VISUAL_PHOTOTRANSDUCTION,0.4136157341953524,-1.1750402491683747
REACTOME_VITAMINS,-6.514980123522017,7.981998875532392
REACTOME_VITAMIN_B2_RIBOFLAVIN_METABOLISM,11.300695251434071,-6.914352526115894
REACTOME_VITAMIN_B5_PANTOTHENATE_METABOLISM,16.95224263765536,8.582932802411946
REACTOME_VITAMIN_C_ASCORBATE_METABOLISM,15.903447869678963,10.25962901178033
REACTOME_VITAMIN_D_CALCIFEROL_METABOLISM,2.139301711982305,-3.601486219337329
REACTOME_VLDLR_INTERNALISATION_AND_DEGRADATION,13.126781244755529,18.76927847011044
REACTOME_VLDL_CLEARANCE,15.695272686181749,14.574391094248728
REACTOME_VOLTAGE_GATED_POTASSIUM_CHANNELS,-6.124658157116562,9.057565292928532
REACTOME_VXPX_CARGO_TARGETING_TO_CILIUM,3.48305629109815,-3.5226323898873697
REACTOME_WAX_AND_PLASMALOGEN_BIOSYNTHESIS,4.316311232443526,-3.4808777998802123
REACTOME_WNT5A_DEPENDENT_INTERNALIZATION_OF_FZD2_FZD5_AND_ROR2,18.595467406834857,8.033549600728097
REACTOME_WNT5A_DEPENDENT_INTERNALIZATION_OF_FZD4,19.15023384594239,9.802737322865452
REACTOME_WNT_LIGAND_BIOGENESIS_AND_TRAFFICKING,-7.624883680523578,2.074837960378148
REACTOME_WNT_MEDIATED_ACTIVATION_OF_DVL,5.742471699779399,-4.230898909407901
REACTOME_XENOBIOTICS,6.988033331884701,10.299878478413053
REACTOME_YAP1_AND_WWTR1_TAZ_STIMULATED_GENE_EXPRESSION,6.092838099499669,-6.558914102728133
REACTOME_ZBP1_DAI_MEDIATED_INDUCTION_OF_TYPE_I_IFNS,14.60793611721244,2.081061560598638
REACTOME_ZINC_EFFLUX_AND_COMPARTMENTALIZATION_BY_THE_SLC30_FAMILY,-4.823891012501483,-3.5269822517565736
REACTOME_ZINC_INFLUX_INTO_CELLS_BY_THE_SLC39_GENE_FAMILY,10.90306397069812,2.934543544269648
REACTOME_ZINC_TRANSPORTERS,6.192987324556256,-2.453115068270153
SA_B_CELL_RECEPTOR_COMPLEXES,22.21877030848717,4.99725689289061
SA_CASPASE_CASCADE,12.045603314341026,-7.374014048277752
SA_FAS_SIGNALING,9.937309864337532,-6.42137444315287
SA_G1_AND_S_PHASES,19.98841100182757,13.80188525439474
SA_G2_AND_M_PHASES,5.372983392457975,5.7110670902892915
SA_MMP_CYTOKINE_CONNECTION,6.2531892076601405,-10.791137322866378
SA_PROGRAMMED_CELL_DEATH,14.898046913938755,-4.27647192818196
SA_PTEN_PATHWAY,12.472491952438473,-5.385542353387394
SA_REG_CASCADE_OF_CYCLIN_EXPR,4.675388084342799,4.636479371138733
SA_TRKA_RECEPTOR,21.50572409287077,6.760493304317401
SIG_BCR_SIGNALING_PATHWAY,11.060563352058743,-8.916189527430804
SIG_CD40PATHWAYMAP,12.362749357900624,-3.6367599959163517
SIG_CHEMOTAXIS,6.509297104887959,-6.618723149948766
SIG_IL4RECEPTOR_IN_B_LYPHOCYTES,14.764442811898087,-2.1949843155220363
SIG_INSULIN_RECEPTOR_PATHWAY_IN_CARDIAC_MYOCYTES,20.42366062540974,5.1584447308192525
SIG_PIP3_SIGNALING_IN_B_LYMPHOCYTES,0.26829290373795844,-6.7110658652208395
SIG_PIP3_SIGNALING_IN_CARDIAC_MYOCTES,12.857473459963614,3.0367984597494044
SIG_REGULATION_OF_THE_ACTIN_CYTOSKELETON_BY_RHO_GTPASES,12.162110902479297,-6.447574816995716
WNT_SIGNALING,1.2481252494059976,-3.158116299990915
WP_15Q112_COPY_NUMBER_VARIATION_SYNDROME,6.699954615210606,-3.0461172067199183
WP_15Q133_COPY_NUMBER_VARIATION_SYNDROME,-8.621395750262307,-0.34674891604630187
WP_16P112_DISTAL_DELETION_SYNDROME,14.003499638429535,-2.025457579702567
WP_16P112_PROXIMAL_DELETION_SYNDROME,15.111785460222146,4.754277120042156
WP_17Q12_COPY_NUMBER_VARIATION_SYNDROME,-5.710567216237724,-1.3480723026616999
WP_1Q211_COPY_NUMBER_VARIATION_SYNDROME,3.519972576107735,-4.323459589568388
WP_22Q112_COPY_NUMBER_VARIATION_SYNDROME,6.012357494545653,-2.858116620106292
WP_2Q112_COPY_NUMBER_VARIATION_SYNDROME,7.164418833289359,-2.0619513592495156
WP_2Q13_COPY_NUMBER_VARIATION_SYNDROME,2.2595387594591725,-4.634112191637698
WP_2Q211_COPY_NUMBER_VARIATION_SYNDROME,0.47947953845293534,-6.19951131031197
WP_2Q37_COPY_NUMBER_VARIATION_SYNDROME,6.392229310516259,-2.8635881429124903
WP_3Q29_COPY_NUMBER_VARIATION_SYNDROME,8.266385718945902,-2.878258730242967
WP_4HYDROXYTAMOXIFEN_DEXAMETHASONE_AND_RETINOIC_ACIDS_REGULATION_OF_P27_EXPRESSION,19.510109027909184,6.454201261061203
WP_7OXOC_AND_7BETAHC_PATHWAYS,11.016964037320735,14.47434057329425
WP_7Q1123_COPY_NUMBER_VARIATION_SYNDROME,18.09413373789043,8.17595458576215
WP_ACETYLCHOLINE_SYNTHESIS,5.1892869191334725,-3.5377369621814783
WP_ACE_INHIBITOR_PATHWAY,-5.96952579110499,-4.300998972859639
WP_ACQUIRED_PARTIAL_LIPODYSTROPHY_BARRAQUERSIMONS_SYNDROME,19.79569481994026,15.676975241843843
WP_ACTIVATION_OF_NLRP3_INFLAMMASOME_BY_SARSCOV2,3.7324047981269635,-9.620916574200356
WP_ACUTE_VIRAL_MYOCARDITIS,12.018224162033786,-10.195351419512429
WP_ADIPOGENESIS,11.76039299756308,-4.15001075966243
WP_AEROBIC_GLYCOLYSIS,18.465024447678672,12.213918402372677
WP_AFLATOXIN_B1_METABOLISM,8.90223570053825,14.258493728299289
WP_AGERAGE_PATHWAY,21.392197331552488,3.6142144773826863
WP_AIRWAY_SMOOTH_MUSCLE_CELL_CONTRACTION,-0.5839425826900984,-4.613091286393474
WP_ALANINE_AND_ASPARTATE_METABOLISM,11.956439132035953,14.364311087169058
WP_ALLOGRAFT_REJECTION,4.39317119230347,-9.49976580535556
WP_ALPHA_6_BETA_4_SIGNALING_PATHWAY,22.029410524228428,4.732732615444415
WP_ALSTROM_SYNDROME,5.428903996581447,-2.2934422886493957
WP_ALTERED_GLYCOSYLATION_OF_MUC1_IN_TUMOR_MICROENVIRONMENT,13.08971128058376,-6.8461645057034834
WP_ALTERNATIVE_PATHWAY_OF_FETAL_ANDROGEN_SYNTHESIS,8.477712193480295,9.501457686974904
WP_ALZHEIMERS_DISEASE,8.43154451955347,-3.95056261054172
WP_ALZHEIMERS_DISEASE_AND_MIRNA_EFFECTS,8.608983124959963,-3.3109478220530844
WP_AMINO_ACID_METABOLISM,13.145858656796957,14.167424149711692
WP_AMINO_ACID_METABOLISM_IN_TRIPLENEGATIVE_BREAST_CANCER_CELLS,7.4196436108264585,2.6397354319254998
WP_AMINO_ACID_METABOLISM_PATHWAY_EXCERPT_HISTIDINE_CATABOLISM_EXTENSION,10.191291978452723,16.02836937428542
WP_AMPACTIVATED_PROTEIN_KINASE_SIGNALING,9.118131111810824,-2.490841928200796
WP_AMPLIFICATION_AND_EXPANSION_OF_ONCOGENIC_PATHWAYS_AS_METASTATIC_TRAITS,5.753957902256503,-10.062018013254479
WP_AMYOTROPHIC_LATERAL_SCLEROSIS_ALS,13.317843862102482,5.308559768011465
WP_ANDROGEN_RECEPTOR_SIGNALING_PATHWAY,16.24632959243417,2.710620287416639
WP_ANGIOGENESIS,16.3659981907177,-6.456282551703155
WP_ANGIOPOIETINLIKE_PROTEIN_8_REGULATORY_PATHWAY,10.778500474639008,0.36813572051645516
WP_ANGIOTENSIN_II_RECEPTOR_TYPE_1_PATHWAY,22.562491981854933,5.789406002167874
WP_ANTIVIRAL_AND_ANTIINFLAMMATORY_EFFECTS_OF_NRF2_ON_SARSCOV2_PATHWAY,5.270643827686889,-8.622552900657599
WP_APOE_AND_MIR146_IN_INFLAMMATION_AND_ATHEROSCLEROSIS,20.839181304320295,6.554467863195117
WP_APOPTOSIS,16.13913735922323,-4.6715400734512835
WP_APOPTOSISRELATED_NETWORK_DUE_TO_ALTERED_NOTCH3_IN_OVARIAN_CANCER,19.31920978558511,12.232048357788205
WP_APOPTOSIS_MODULATION_AND_SIGNALING,14.373141064212284,-0.9437884468202979
WP_APOPTOSIS_MODULATION_BY_HSP70,12.81347270847888,-5.856524297505436
WP_ARACHIDONATE_EPOXYGENASE_EPOXIDE_HYDROLASE,10.659434504864555,18.40133154701437
WP_ARRHYTHMOGENIC_RIGHT_VENTRICULAR_CARDIOMYOPATHY,-2.084226476403452,-0.9638185939540005
WP_ARSENIC_METABOLISM_AND_REACTIVE_OXYGEN_SPECIES_GENERATION,9.945049282970212,18.905137438108802
WP_ARYL_HYDROCARBON_RECEPTOR_PATHWAY_WP2586,13.08197199249235,3.3625841084148296
WP_ARYL_HYDROCARBON_RECEPTOR_PATHWAY_WP2873,14.575706373273993,3.312173306082825
WP_ASPIRIN_AND_MIRNAS,1.143242445004959,-5.963035942300332
WP_ATM_SIGNALING_IN_DEVELOPMENT_AND_DISEASE,5.513118137894067,1.864556548342603
WP_ATM_SIGNALING_PATHWAY,4.593323069169627,2.7737690618280726
WP_ATR_SIGNALING,1.2594582831225603,2.2577419567294106
WP_AUTOPHAGY,11.911680211129703,4.2756506858981735
WP_AUTOSOMAL_RECESSIVE_OSTEOPETROSIS_PATHWAYS,13.921045375581736,-5.531256864792008
WP_BARDETBIEDL_SYNDROME,-7.19171401650367,-1.1542007292962304
WP_BASE_EXCISION_REPAIR,11.036484368252312,8.473922064749107
WP_BDNFTRKB_SIGNALING,1.9301562942498578,-1.2377351064096036
WP_BENZENE_METABOLISM,5.880041455379064,-0.9170734494465617
WP_BENZOAPYRENE_METABOLISM,10.291646098438822,15.273928831861266
WP_BILE_ACIDS_SYNTHESIS_AND_ENTEROHEPATIC_CIRCULATION,9.132611727329273,11.345758926617055
WP_BIOGENIC_AMINE_SYNTHESIS,-9.034334642172233,1.8366628842486978
WP_BIOMARKERS_FOR_PYRIMIDINE_METABOLISM_DISORDERS,13.755815875004654,8.67531227023921
WP_BIOMARKERS_FOR_UREA_CYCLE_DISORDERS,8.548390975342194,16.36345329872821
WP_BIOSYNTHESIS_AND_REGENERATION_OF_TETRAHYDROBIOPTERIN_AND_CATABOLISM_OF_PHENYLALANINE,8.48211548187157,7.830672756280997
WP_BIOSYNTHESIS_AND_TURNOVER_OF_1DEOXYSPHINGOID_BASES,9.367615106163427,-7.769255020526315
WP_BIOTIN_METABOLISM_INCLUDING_IMDS,10.39141290355891,12.3088984478377
WP_BLADDER_CANCER,20.21476192558314,1.02280443512042
WP_BLOOD_CLOTTING_CASCADE,10.181886380248896,15.736664878282406
WP_BMP2WNT4FOXO1_PATHWAY_IN_PRIMARY_ENDOMETRIAL_STROMAL_CELL_DIFFERENTIATION,-1.8857822993649007,-0.2045040201791958
WP_BMP_SIGNALING_IN_EYELID_DEVELOPMENT,0.9804630557779508,-7.060141404462082
WP_BONE_MORPHOGENIC_PROTEIN_SIGNALING_AND_REGULATION,-0.8596883953426417,-1.7717008825276552
WP_BRAINDERIVED_NEUROTROPHIC_FACTOR_BDNF_SIGNALING_PATHWAY,7.7533137384382655,-5.891675680174626
WP_BREAST_CANCER_PATHWAY,-0.34973248858647793,-2.9806903311089314
WP_BURN_WOUND_HEALING,6.794356014038919,-10.464848245712579
WP_B_CELL_RECEPTOR_SIGNALING_PATHWAY,10.078340148527202,-9.288105367141945
WP_CALCIUM_REGULATION_IN_CARDIAC_CELLS,-2.1240878853657645,-4.0695674126234715
WP_CALORIC_RESTRICTION_AND_AGING,13.149968851523054,3.674278213757036
WP_CAMKK2_PATHWAY,17.510327886158006,-0.20185937673329327
WP_CANCER_IMMUNOTHERAPY_BY_CTLA4_BLOCKADE,-1.3822326338495712,-6.734971855636161
WP_CANCER_IMMUNOTHERAPY_BY_PD1_BLOCKADE,-0.0011361422399217003,2.6533740606442233
WP_CANNABINOID_RECEPTOR_SIGNALING,3.941792968052848,-0.9878396658452299
WP_CANONICAL_AND_NONCANONICAL_NOTCH_SIGNALING,0.5606294295659211,-7.622309370252383
WP_CANONICAL_AND_NONCANONICAL_TGFB_SIGNALING,9.399136636834372,-8.668204054677389
WP_CANONICAL_NFKB_PATHWAY,18.965097346332737,4.3379017029585105
WP_CARDIAC_HYPERTROPHIC_RESPONSE,8.520478988886738,-6.784107444958713
WP_CARDIAC_PROGENITOR_DIFFERENTIATION,-4.0841843540971885,5.13258790040387
WP_CATALYTIC_CYCLE_OF_MAMMALIAN_FLAVINCONTAINING_MONOOXYGENASES_FMOS,8.73474622311691,8.916462909915795
WP_CCL18_SIGNALING_PATHWAY,19.514883098136973,-2.879359347325441
WP_CELLS_AND_MOLECULES_INVOLVED_IN_LOCAL_ACUTE_INFLAMMATORY_RESPONSE,19.48802291467961,-3.27141156906698
WP_CELLTYPE_DEPENDENT_SELECTIVITY_OF_CCK2R_SIGNALING,-7.896949363361262,5.05244466565965
WP_CELLULAR_PROTEOSTASIS,20.31194790729805,12.53975582355441
WP_CELL_CYCLE,6.498826581637174,5.0443113908403365
WP_CELL_DIFFERENTIATION_EXPANDED_INDEX,-4.31939676779827,-1.924510176971436
WP_CELL_DIFFERENTIATION_INDEX,-4.493185646423361,-2.438869915237031
WP_CELL_INTERACTIONS_OF_THE_PANCREATIC_CANCER_MICROENVIRONMENT,6.170794570298017,-11.08876400434822
WP_CEREBRAL_ORGANIC_ACIDURIAS_INCLUDING_DISEASES,11.416019706111504,13.118855138297349
WP_CHEMOKINE_SIGNALING_PATHWAY,-0.4598237431766878,-6.393903680962747
WP_CHOLESTASIS,9.388169777846464,13.099883549538111
WP_CHOLESTEROL_BIOSYNTHESIS_PATHWAY,13.267448809321639,17.014043278372753
WP_CHOLESTEROL_BIOSYNTHESIS_WITH_SKELETAL_DYSPLASIAS,13.435007165573928,17.38422854362482
WP_CHOLESTEROL_METABOLISM,13.382304830291584,15.514228724073746
WP_CHOLESTEROL_METABOLISM_WITH_BLOCH_AND_KANDUTSCHRUSSELL_PATHWAYS,14.140973417765396,15.506953400450087
WP_CHOLESTEROL_SYNTHESIS_DISORDERS,12.190156008458297,17.512042197928498
WP_CHROMOSOMAL_AND_MICROSATELLITE_INSTABILITY_IN_COLORECTAL_CANCER,13.60807233582312,-2.026386657609522
WP_CHRONIC_HYPERGLYCEMIA_IMPAIRMENT_OF_NEURON_FUNCTION,-4.080236330655116,3.4896509108444937
WP_CILIARY_LANDSCAPE,11.944015622872842,2.1863040116895274
WP_CILIOPATHIES,-6.7660227489707045,1.3361728839946037
WP_CIRCADIAN_RHYTHM_GENES,2.224717459730135,-1.3743156126541418
WP_CLASSICAL_PATHWAY_OF_STEROIDOGENESIS_WITH_GLUCOCORTICOID_AND_MINERALOCORTICOID_METABOLISM,1.6025406684086603,0.19326424856723812
WP_CLEAR_CELL_RENAL_CELL_CARCINOMA_PATHWAYS,16.702299500901166,3.543531866356252
WP_CLOCKCONTROLLED_AUTOPHAGY_IN_BONE_METABOLISM,0.6465945655644807,-4.491597613683612
WP_CODEINE_AND_MORPHINE_METABOLISM,9.125768700743754,15.71875441916883
WP_COHESIN_COMPLEX_CORNELIA_DE_LANGE_SYNDROME,6.298317966361076,3.4372943397046782
WP_COMMON_PATHWAYS_UNDERLYING_DRUG_ADDICTION,1.8538428379746994,-1.6765185573359285
WP_COMPLEMENT_ACTIVATION,10.105918924473304,17.6253373820524
WP_COMPLEMENT_AND_COAGULATION_CASCADES,11.458903636856741,16.555765359443722
WP_COMPLEMENT_SYSTEM,15.867765839414002,7.8478663524842736
WP_COMPLEMENT_SYSTEM_IN_NEURONAL_DEVELOPMENT_AND_PLASTICITY,16.982974828343814,-2.0077487868675656
WP_CONGENITAL_GENERALIZED_LIPODYSTROPHY,20.959517915149675,5.83857273177447
WP_CONSTITUTIVE_ANDROSTANE_RECEPTOR_PATHWAY,10.35869205771432,14.480799405700346
WP_CONTROL_OF_IMMUNE_TOLERANCE_BY_VASOACTIVE_INTESTINAL_PEPTIDE,-4.244465801762202,7.679587116794232
WP_CONVERSION_OF_ANGIOTENSINOGEN_TO_ANGIOTENSIN_II,-5.686089529344306,-4.052449347192674
WP_COPPER_HOMEOSTASIS,13.023195222571136,0.021949759577791383
WP_CORI_CYCLE,15.675931788784059,11.521714029861608
WP_CORTICOTROPINRELEASING_HORMONE_SIGNALING_PATHWAY,9.103443707043969,-6.925753389658668
WP_COVID19_ADVERSE_OUTCOME_PATHWAY,-2.9843579290799225,2.121347924866299
WP_COVID19_AND_ENDOTHELIAL_CELL_SENESCENCE,2.6754870529995243,-2.1951708677993014
WP_COVID19_THROMBOSIS_AND_ANTICOAGULATION,8.81633078181929,18.138915345917983
WP_CREATINE_PATHWAY,19.669978598371515,16.108380513449593
WP_CYSTEINE_AND_METHIONINE_CATABOLISM,10.417245306530624,15.54373870600276
WP_CYTOKINES_AND_INFLAMMATORY_RESPONSE,-5.784971266894768,6.439941855848006
WP_CYTOPLASMIC_RIBOSOMAL_PROTEINS,11.278317039497932,19.068437697003525
WP_CYTOSINE_METHYLATION,7.38165699335813,1.7000660574111455
WP_CYTOSOLIC_DNASENSING_PATHWAY,6.117912582535256,-8.1265190063864
WP_DDX1_AS_A_REGULATORY_COMPONENT_OF_THE_DROSHA_MICROPROCESSOR,2.841462197635616,0.5093533915496745
WP_DEGRADATION_PATHWAY_OF_SPHINGOLIPIDS_INCLUDING_DISEASES,18.921598885189546,9.537059298802205
WP_DEREGULATION_OF_RAB_AND_RAB_EFFECTOR_GENES_IN_BLADDER_CANCER,-8.90369319140897,0.8122163778754392
WP_DEVELOPMENT_AND_HETEROGENEITY_OF_THE_ILC_FAMILY,-4.913672030707078,5.677691332624336
WP_DEVELOPMENT_OF_PULMONARY_DENDRITIC_CELLS_AND_MACROPHAGE_SUBSETS,-1.3800996686641522,3.0980353947900245
WP_DEVELOPMENT_OF_URETERIC_COLLECTION_SYSTEM,-6.337237642658493,-0.26773186660557663
WP_DIFFERENTIATION_OF_WHITE_AND_BROWN_ADIPOCYTE,-7.946181529933279,-1.6909803596325732
WP_DISORDERS_IN_KETOLYSIS,10.750373349662485,14.051414432017646
WP_DISORDERS_IN_KETONE_BODY_SYNTHESIS,11.730340732350307,16.293902505436687
WP_DISORDERS_OF_BILE_ACID_SYNTHESIS_AND_BILIARY_TRANSPORT,9.206084399963917,15.112604400300672
WP_DISORDERS_OF_FOLATE_METABOLISM_AND_TRANSPORT,9.559177504213842,2.282825066080243
WP_DISORDERS_OF_FRUCTOSE_METABOLISM,10.731224140096245,15.976955631288664
WP_DISORDERS_OF_GALACTOSE_METABOLISM,15.225685452244512,10.161256764663996
WP_DISRUPTION_OF_POSTSYNAPTIC_SIGNALING_BY_CNV,-8.175723519763443,0.20042843270030908
WP_DNA_DAMAGE_RESPONSE,6.703241377692907,2.3391425544399325
WP_DNA_DAMAGE_RESPONSE_ONLY_ATM_DEPENDENT,8.627116405364518,-5.185438833636708
WP_DNA_IRDAMAGE_AND_CELLULAR_RESPONSE_VIA_ATR,3.978765916959768,3.176108254919567
WP_DNA_IRDOUBLE_STRAND_BREAKS_AND_CELLULAR_RESPONSE_VIA_ATM,5.0867869191932344,2.573101677358454
WP_DNA_MISMATCH_REPAIR,7.367473554033351,7.379948223601949
WP_DNA_REPAIR_PATHWAYS_FULL_NETWORK,7.048548506943252,1.196890008690232
WP_DNA_REPLICATION,7.281823870898837,3.367837636694757
WP_DOPAMINERGIC_NEUROGENESIS,-3.5853484285317063,6.173601044454012
WP_DOPAMINE_METABOLISM,15.659033484805583,7.319631212333953
WP_DRAVET_SYNDROME,-7.460165819569309,1.75227158694674
WP_DRUG_INDUCTION_OF_BILE_ACID_PATHWAY,8.381370966182823,13.47464120659869
WP_DUAL_HIJACK_MODEL_OF_VIF_IN_HIV_INFECTION,21.192138139253036,12.887615533848082
WP_DYRK1A,7.535501994430282,-2.9996351805863517
WP_EBOLA_VIRUS_INFECTION_IN_HOST,18.922689788153775,-1.9452071120426668
WP_EBSTEINBARR_VIRUS_LMP1_SIGNALING,18.60572354401457,4.681766392608069
WP_ECTODERM_DIFFERENTIATION,-1.2757828581068058,-3.3111866639774696
WP_EDA_SIGNALING_IN_HAIR_FOLLICLE_DEVELOPMENT,-7.651902299136712,-0.05593263299322092
WP_EFFECTS_OF_NITRIC_OXIDE,0.9484907276546732,1.1480262902468479
WP_EFFECT_OF_INTESTINAL_MICROBIOME_ON_ANTICOAGULANT_RESPONSE_OF_VITAMIN_K_ANTAGONISTS,9.499379098072874,10.145635138782076
WP_EFFECT_OF_PROGERIN_ON_GENES_INVOLVED_IN_HUTCHINSONGILFORD_PROGERIA_SYNDROME,12.690943004769508,8.104539911175456
WP_EGFEGFR_SIGNALING_PATHWAY,13.940405530364428,-4.78640760967795
WP_EGFR_TYROSINE_KINASE_INHIBITOR_RESISTANCE,12.96868353897074,-5.152640263667492
WP_EICOSANOID_METABOLISM_VIA_CYCLOOXYGENASES_COX,5.402091096605034,-0.6757136855993662
WP_EICOSANOID_METABOLISM_VIA_CYTOCHROME_P450_MONOOXYGENASES_PATHWAY,9.381081750204064,14.737247252311898
WP_EICOSANOID_METABOLISM_VIA_LIPOOXYGENASES_LOX,5.234078834386099,0.50470576620191
WP_EICOSANOID_SYNTHESIS,-3.7467047300336405,1.5227051411439294
WP_ELECTRON_TRANSPORT_CHAIN_OXPHOS_SYSTEM_IN_MITOCHONDRIA,15.173695021065914,18.703290587002524
WP_EMBRYONIC_STEM_CELL_PLURIPOTENCY_PATHWAYS,-1.7225535405673482,-3.4265016652381903
WP_ENDOCHONDRAL_OSSIFICATION,-1.657293370076269,-1.7660462947328892
WP_ENDOCHONDRAL_OSSIFICATION_WITH_SKELETAL_DYSPLASIAS,-1.282739657101059,-0.07916739399088467
WP_ENDODERM_DIFFERENTIATION,-0.4585578053006056,-1.3455401949490964
WP_ENDOMETRIAL_CANCER,12.792442401140418,-1.606258005257354
WP_ENDOPLASMIC_RETICULUM_STRESS_RESPONSE_IN_CORONAVIRUS_INFECTION,14.818237109199561,4.08864826752923
WP_ENDOTHELIN_PATHWAYS,-1.7004847296294325,-6.596726638381646
WP_ENERGY_METABOLISM,9.635601363433382,-0.7260197895990278
WP_ENVELOPE_PROTEINS_AND_THEIR_POTENTIAL_ROLES_IN_EDMD_PHYSIOPATHOLOGY,14.824642139858696,-3.6767390223449263
WP_EPITHELIAL_TO_MESENCHYMAL_TRANSITION_IN_COLORECTAL_CANCER,3.492958082970532,-6.004559914368169
WP_EPO_RECEPTOR_SIGNALING,18.969739009851295,0.7019499029099932
WP_ERBB_SIGNALING_PATHWAY,6.325179836441249,-5.459365192568546
WP_ERK_PATHWAY_IN_HUNTINGTONS_DISEASE,2.843700080166804,-3.702601388106771
WP_ESTROGEN_METABOLISM_WP5276,9.10576605709636,8.992969800771315
WP_ESTROGEN_METABOLISM_WP697,6.526389857392853,9.148978836352349
WP_ESTROGEN_RECEPTOR_PATHWAY,10.017596322989045,12.842596915218394
WP_ESTROGEN_SIGNALING_PATHWAY,18.182297393273867,0.9299880640765871
WP_ETHANOL_EFFECTS_ON_HISTONE_MODIFICATIONS,11.126844509992084,2.232501696457747
WP_ETHANOL_METABOLISM_PRODUCTION_OF_ROS_BY_CYP2E1,17.64446286988149,15.266008996562949
WP_ETHER_LIPID_BIOSYNTHESIS,10.792015786528419,-2.1182045320151164
WP_EUKARYOTIC_TRANSCRIPTION_INITIATION,11.150033442657225,5.251913067656996
WP_EV_RELEASE_FROM_CARDIAC_CELLS_AND_THEIR_FUNCTIONAL_EFFECTS,-4.323543368383192,1.9667243740560623
WP_EXERCISEINDUCED_CIRCADIAN_REGULATION,18.080424320586033,11.707674499411961
WP_EXRNA_MECHANISM_OF_ACTION_AND_BIOGENESIS,3.131924837695679,0.4476555904522213
WP_EXTRACELLULAR_VESICLEMEDIATED_SIGNALING_IN_RECIPIENT_CELLS,8.304984398884287,-7.225364790905885
WP_EXTRACELLULAR_VESICLES_IN_THE_CROSSTALK_OF_CARDIAC_CELLS,20.56721765438792,7.870990810361048
WP_EXTRAFOLLICULAR_AND_FOLLICULAR_B_CELL_ACTIVATION_BY_SARSCOV2,-1.2889563692513548,2.5389144861476503
WP_FACTORS_AND_PATHWAYS_AFFECTING_INSULINLIKE_GROWTH_FACTOR_IGF1AKT_SIGNALING,4.949380446138301,-3.901651647835039
WP_FAMILIAL_HYPERLIPIDEMIA_TYPE_1,12.620620340941251,15.298053095616122
WP_FAMILIAL_HYPERLIPIDEMIA_TYPE_2,12.82955014147505,14.95274209421193
WP_FAMILIAL_HYPERLIPIDEMIA_TYPE_3,13.701650077753094,13.588941577261249
WP_FAMILIAL_HYPERLIPIDEMIA_TYPE_4,10.542544687425773,9.73462195040597
WP_FAMILIAL_HYPERLIPIDEMIA_TYPE_5,13.720215693724699,14.184022780809025
WP_FAMILIAL_PARTIAL_LIPODYSTROPHY,10.774175070288674,-0.15156535015021147
WP_FARNESOID_X_RECEPTOR_PATHWAY,9.296196459914452,14.419511272702598
WP_FAS_LIGAND_PATHWAY_AND_STRESS_INDUCTION_OF_HEAT_SHOCK_PROTEINS,14.136663609092032,3.6329261678554814
WP_FATTY_ACID_BETAOXIDATION,13.492809016804198,15.03063480043722
WP_FATTY_ACID_BIOSYNTHESIS,12.754084103274336,17.529523370635367
WP_FATTY_ACID_OMEGAOXIDATION,8.521415034841533,14.955869472216415
WP_FATTY_ACID_TRANSPORTERS,4.915816026360907,-2.0338553509899038
WP_FBXL10_ENHANCEMENT_OF_MAPERK_SIGNALING_IN_DIFFUSE_LARGE_BCELL_LYMPHOMA,11.731387746717422,7.479989126425618
WP_FERROPTOSIS,15.021014692998424,13.155691836254542
WP_FGF23_SIGNALING_IN_HYPOPHOSPHATEMIC_RICKETS_AND_RELATED_DISORDERS,-1.8938605549859198,-3.049373937548281
WP_FGFR3_SIGNALING_IN_CHONDROCYTE_PROLIFERATION_AND_TERMINAL_DIFFERENTIATION,15.308029821095035,-4.607116432796875
WP_FIBRIN_COMPLEMENT_RECEPTOR_3_SIGNALING_PATHWAY,18.325218099567707,-2.617023328675679
WP_FLUOROACETIC_ACID_TOXICITY,12.27092788159366,18.210680052400036
WP_FLUOROPYRIMIDINE_ACTIVITY,10.934989164622744,7.959998402888834
WP_FOCAL_ADHESION,8.917947328362773,-8.56828369939836
WP_FOCAL_ADHESION_PI3KAKTMTORSIGNALING_PATHWAY,3.878549788848171,-7.5509236734875325
WP_FOLATEALCOHOL_AND_CANCER_PATHWAY_HYPOTHESES,10.23167222586482,10.132769019241486
WP_FOLATE_METABOLISM,16.020016608181777,8.103078553377674
WP_FOLLICLE_STIMULATING_HORMONE_FSH_SIGNALING_PATHWAY,5.626393439689693,-5.211745207992408
WP_FOXA2_PATHWAY,10.762285713466458,15.200447804251459
WP_FOXP3_IN_COVID19,0.0049492822314993745,2.1189116519100546
WP_FRAGILE_X_SYNDROME,4.895542452875495,-2.9983834405458865
WP_FTO_OBESITY_VARIANT_MECHANISM,-6.301436967166048,5.747860594661071
WP_G13_SIGNALING_PATHWAY,16.624370872914294,-1.3184567239217182
WP_G1_TO_S_CELL_CYCLE_CONTROL,6.294385077715444,3.7984750791879023
WP_GABA_METABOLISM_AKA_GHB,9.142576085358217,1.6133637261734342
WP_GABA_RECEPTOR_SIGNALING,-8.418579352535524,0.4681792068829545
WP_GALANIN_RECEPTOR_PATHWAY,4.886904398927468,-7.449723028318444
WP_GAMMAGLUTAMYL_CYCLE_FOR_THE_BIOSYNTHESIS_AND_DEGRADATION_OF_GLUTATHIONE_INCLUDING_DISEASES,10.626304178743789,2.912364921480871
WP_GANGLIO_SERIES_SPHINGOLIPID_METABOLISM,-4.717721050657729,-5.890544195610772
WP_GANGLIO_SPHINGOLIPID_METABOLISM,-5.915755857612888,4.936435075364121
WP_GASTRIC_ACID_PRODUCTION,-5.942066290729291,9.551376720993245
WP_GASTRIC_CANCER_NETWORK_1,2.939479037099146,3.4534934779185846
WP_GASTRIC_CANCER_NETWORK_2,7.177337702181121,3.804694297319413
WP_GASTRIN_SIGNALING_PATHWAY,19.267801408343356,0.4905115649491075
WP_GDNFRET_SIGNALING_AXIS,-8.089689179117814,2.6872063930037173
WP_GENES_ASSOCIATED_WITH_THE_DEVELOPMENT_OF_RHEUMATOID_ARTHRITIS,-3.493101743932324,3.4263222398372113
WP_GENES_CONTROLLING_NEPHROGENESIS,-5.171063487569208,0.45254793983245173
WP_GENES_RELATED_TO_PRIMARY_CILIUM_DEVELOPMENT_BASED_ON_CRISPR,-4.928773787490801,-4.123358876574467
WP_GENES_TARGETED_BY_MIRNAS_IN_ADIPOCYTES,-5.9269192357055305,2.9667866791767716
WP_GENETIC_CAUSES_OF_PORTOSINUSOIDAL_VASCULAR_DISEASE,12.617861251412982,-9.315744698003636
WP_GENE_REGULATORY_NETWORK_MODELLING_SOMITOGENESIS,-5.225242054873443,3.4481616367949615
WP_GLIAL_CELL_DIFFERENTIATION,-3.0486376288174357,-2.242164325755912
WP_GLIOBLASTOMA_SIGNALING_PATHWAYS,9.882782479613534,-5.083949527325771
WP_GLUCOCORTICOID_BIOSYNTHESIS,8.495142876885637,10.739555339495139
WP_GLUCOCORTICOID_RECEPTOR_PATHWAY,13.739693984462242,-5.832342272208777
WP_GLUCOSE_METABOLISM_IN_TRIPLENEGATIVE_BREAST_CANCER_CELLS,11.972240510410934,-6.851215232560655
WP_GLUCURONIDATION,10.65687007491574,9.198749326913486
WP_GLUTATHIONE_METABOLISM,17.450025545892345,9.185165126224422
WP_GLYCEROLIPIDS_AND_GLYCEROPHOSPHOLIPIDS,10.347242551124893,7.500488463625231
WP_GLYCEROPHOSPHOLIPID_BIOSYNTHETIC_PATHWAY,10.091506617612433,2.1911127495206064
WP_GLYCOGEN_SYNTHESIS_AND_DEGRADATION,12.894420247073962,1.4019414537526522
WP_GLYCOLYSIS_AND_GLUCONEOGENESIS,16.47374511675244,8.549201923837385
WP_GLYCOLYSIS_IN_SENESCENCE,18.44363535108993,17.130502571229364
WP_GLYCOSAMINOGLYCAN_DEGRADATION,12.334975784269549,2.822665982431696
WP_GLYCOSPHINGOLIPID_METABOLISM,0.8954474114616142,-2.977886634753518
WP_GLYCOSYLATION_AND_RELATED_CONGENITAL_DEFECTS,14.830937352056322,7.6433420982805815
WP_GLYOXYLATE_METABOLISM,8.96032845225569,16.119828999975105
WP_GPCRS_CLASS_A_RHODOPSINLIKE,-6.903347957070553,10.075430068118251
WP_GPCRS_CLASS_B_SECRETINLIKE,-7.727625877049036,6.1779113067091025
WP_GPCRS_CLASS_C_METABOTROPIC_GLUTAMATE_PHEROMONE,-8.617518352722392,7.194933154780536
WP_GPCRS_OTHER,-8.417253935125691,8.102835414248027
WP_GPR143_IN_MELANOCYTES_AND_RETINAL_PIGMENT_EPITHELIUM_CELLS,-4.162274382067206,-1.494419605710394
WP_GPR40_PATHWAY,-6.81283722645587,1.6351633657067044
WP_G_PROTEIN_SIGNALING_PATHWAYS,-1.844251677796392,-5.26849510535357
WP_H19_ACTION_RBE2F1_SIGNALING_AND_CDKBETACATENIN_ACTIVITY,20.572853419660127,1.124612960369993
WP_HAIR_FOLLICLE_DEVELOPMENT_CYTODIFFERENTIATION_PART_3_OF_3,-6.474080620820245,0.6784585225429907
WP_HAIR_FOLLICLE_DEVELOPMENT_ORGANOGENESIS_PART_2_OF_3,-1.38376051024505,-4.488794223516804
WP_HEAD_AND_NECK_SQUAMOUS_CELL_CARCINOMA,13.701472310975232,-1.3035055691773574
WP_HEART_DEVELOPMENT,-2.907204865551429,0.24064900674739206
WP_HEDGEHOG_SIGNALING_PATHWAY_WP4249,-3.605107408623921,-1.4843821959707117
WP_HEDGEHOG_SIGNALING_PATHWAY_WP47,-3.4589961041246395,-1.954076139583312
WP_HEMATOPOIETIC_STEM_CELL_DIFFERENTIATION,-3.899469151007673,2.7228367740396884
WP_HEMATOPOIETIC_STEM_CELL_GENE_REGULATION_BY_GABP_ALPHABETA_COMPLEX,6.943403025866214,-5.965316021285407
WP_HEMESYNTHESIS_DEFECTS_AND_PORPHYRIAS,14.76290186285799,9.914119287470843
WP_HEME_BIOSYNTHESIS,14.527238405907458,10.467339903121198
WP_HEPATITIS_B_INFECTION,14.093019632216624,-6.244205787593551
WP_HEPATITIS_C_AND_HEPATOCELLULAR_CARCINOMA,19.782448096803684,-0.4903738468360272
WP_HEPATOCYTE_GROWTH_FACTOR_RECEPTOR_SIGNALING,20.5142156818712,7.515886652743152
WP_HEREDITARY_LEIOMYOMATOSIS_AND_RENAL_CELL_CARCINOMA_PATHWAY,18.970211090040497,8.484762352834329
WP_HFE_EFFECT_ON_HEPCIDIN_PRODUCTION,9.726624955749594,8.930799945747664
WP_HIF1A_AND_PPARG_REGULATION_OF_GLYCOLYSIS,17.298244168139938,14.618519922317793
WP_HIJACK_OF_UBIQUITINATION_BY_SARSCOV2,17.02275140286141,12.79400860758549
WP_HIPPOCAMPAL_SYNAPTOGENESIS_AND_NEUROGENESIS,-8.74354809613933,0.4426115716060232
WP_HIPPOMERLIN_SIGNALING_DYSREGULATION,1.3984041608823903,-7.89060106343578
WP_HIPPOYAP_SIGNALING,15.008516426831159,-0.2422159872603713
WP_HIPPO_SIGNALING_REGULATION_PATHWAYS,1.4388730187520382,-6.144496033980088
WP_HISTONE_MODIFICATIONS,3.808552297222066,-0.4941917623021167
WP_HOMOLOGOUS_RECOMBINATION,2.196103190006705,1.3517915827357496
WP_HOSTPATHOGEN_INTERACTION_OF_HUMAN_CORONAVIRUSES_APOPTOSIS,15.14541930479883,-2.173690757933079
WP_HOSTPATHOGEN_INTERACTION_OF_HUMAN_CORONAVIRUSES_AUTOPHAGY,11.189813033118755,0.18216720075660603
WP_HOSTPATHOGEN_INTERACTION_OF_HUMAN_CORONAVIRUSES_INTERFERON_INDUCTION,20.336929204847866,4.570215717668384
WP_HOSTPATHOGEN_INTERACTION_OF_HUMAN_CORONAVIRUSES_MAPK_SIGNALING,20.761140757889468,4.613897132865368
WP_HYPERTROPHY_MODEL,1.9338130854477869,-6.618922342392353
WP_HYPOTHESIZED_PATHWAYS_IN_PATHOGENESIS_OF_CARDIOVASCULAR_DISEASE,16.26412492233838,-7.0645896711474805
WP_HYPOTHETICAL_CRANIOFACIAL_DEVELOPMENT_PATHWAY,-1.077927609453997,-2.8472213558082093
WP_ID_SIGNALING_PATHWAY,11.175997207599627,-6.577340989624285
WP_IL10_ANTIINFLAMMATORY_SIGNALING_PATHWAY,19.99143273466155,-0.15065412641143394
WP_IL17_SIGNALING_PATHWAY,4.6673157667823135,-5.5634264023965425
WP_IL18_SIGNALING_PATHWAY,16.090666625695,-3.9720152983709767
WP_IL1_AND_MEGAKARYOCYTES_IN_OBESITY,11.46282983264469,-9.946552920220773
WP_IL1_SIGNALING_PATHWAY,17.29030073285096,2.410553575112174
WP_IL2_SIGNALING_PATHWAY,20.46933415545559,-0.7719989436319662
WP_IL3_SIGNALING_PATHWAY,18.36724164964598,-4.849135451434938
WP_IL4_SIGNALING_PATHWAY,20.545733281264027,0.10036749473972245
WP_IL5_SIGNALING_PATHWAY,17.08852029437567,-2.713901059232648
WP_IL6_SIGNALING_PATHWAY,22.021756558139217,8.655774281936525
WP_IL7_SIGNALING_PATHWAY,20.57471499402511,-0.4692957445230824
WP_IL9_SIGNALING_PATHWAY,19.39562155061626,3.5017058728279995
WP_IMATINIB_AND_CHRONIC_MYELOID_LEUKEMIA,13.401129827502183,-6.228603784291201
WP_IMMUNE_INFILTRATION_IN_PANCREATIC_CANCER,-3.7716045345479183,3.4608804090803034
WP_IMMUNE_RESPONSE_TO_TUBERCULOSIS,21.338102674851623,5.071082255936104
WP_INCLUSION_BODY_MYOSITIS,11.573089872189758,-4.86711168992857
WP_INFLAMMATORY_BOWEL_DISEASE_SIGNALING,-3.3838356410845285,2.4346801096005737
WP_INFLAMMATORY_RESPONSE_PATHWAY,5.797366218574039,-10.454619114858199
WP_INFLUENCE_OF_LAMINOPATHIES_ON_WNT_SIGNALING,10.225055901998422,-0.7017854079997249
WP_INHIBITION_OF_EXOSOME_BIOGENESIS_AND_SECRETION_BY_MANUMYCIN_A_IN_CRPC_CELLS,18.923374118235508,12.454383694597816
WP_INITIATION_OF_TRANSCRIPTION_AND_TRANSLATION_ELONGATION_AT_THE_HIV1_LTR,13.606635218502618,-2.516811701342971
WP_INSULIN_SIGNALING,11.366508117064468,-4.139434025893867
WP_INSULIN_SIGNALING_IN_ADIPOCYTES_DIABETIC_CONDITION,14.878774604527381,9.198644574567098
WP_INSULIN_SIGNALING_IN_ADIPOCYTES_NORMAL_CONDITION,15.244561922522255,9.196905811708513
WP_INTEGRATED_CANCER_PATHWAY,6.14420163743131,2.298340843211478
WP_INTEGRINMEDIATED_CELL_ADHESION,8.24872116757248,-8.085319869057862
WP_INTERACTIONS_BETWEEN_IMMUNE_CELLS_AND_MICRORNAS_IN_TUMOR_MICROENVIRONMENT,3.0553447414931356,-10.045939282324298
WP_INTERACTIONS_BETWEEN_LOXL4_AND_OXIDATIVE_STRESS_PATHWAY,20.15832063229891,4.948860461585273
WP_INTERACTIONS_OF_NATURAL_KILLER_CELLS_IN_PANCREATIC_CANCER,-1.9350992671300238,1.8185643483918787
WP_INTERACTOME_OF_POLYCOMB_REPRESSIVE_COMPLEX_2_PRC2,8.528859522633654,3.0675019862106834
WP_INTERFERON_TYPE_I_SIGNALING_PATHWAYS,17.804643481633533,-4.740660635000257
WP_INTERLEUKIN11_SIGNALING_PATHWAY,19.677412689853572,0.7185504341761978
WP_INTERLEUKIN1_IL1_STRUCTURAL_PATHWAY,19.66363824053106,4.764006326412724
WP_INTERLEUKIN1_INDUCED_ACTIVATION_OF_NFKB,13.448205651480817,-0.8524123176329619
WP_INTRACELLULAR_TRAFFICKING_PROTEINS_INVOLVED_IN_CMT_NEUROPATHY,5.335199973284596,-6.994642528026122
WP_INTRAFLAGELLAR_TRANSPORT_PROTEINS_BINDING_TO_DYNEIN,2.8729463655611767,-0.8788124401859635
WP_IRINOTECAN_PATHWAY,9.708125732188627,14.118622143639497
WP_IRON_METABOLISM_IN_PLACENTA,14.011404513156096,13.871001021693111
WP_JOUBERT_SYNDROME,-4.694279755209106,-4.455854389631614
WP_KALLMANN_SYNDROME,-3.8333896453076663,-1.3098044900272605
WP_KENNEDY_PATHWAY_FROM_SPHINGOLIPIDS,10.269333401605923,7.93013960823867
WP_KETOGENESIS_AND_KETOLYSIS,15.215717716354384,9.511840492397207
WP_KININKALLIKREIN_PATHWAY,12.265168530091245,14.947156738989008
WP_KISSPEPTINKISSPEPTIN_RECEPTOR_SYSTEM_IN_THE_OVARY,-2.8199242361487236,-4.520038689896995
WP_KIT_RECEPTOR_SIGNALING_PATHWAY,15.002562744386687,-5.874738158781232
WP_KREBS_CYCLE_DISORDERS,14.17389716709336,16.54648510022783
WP_KYNURENINE_PATHWAY_AND_LINKS_TO_CELL_SENESCENCE,9.49754488449549,1.312728368592988
WP_LACTO_SERIES_SPHINGOLIPID_METABOLISM,-6.519886999331921,6.853612346555754
WP_LDLRAD4_AND_WHAT_WE_KNOW_ABOUT_IT,7.857224811446251,-6.969890667901608
WP_LDL_INFLUENCE_ON_CD14_AND_TLR4,15.096519423898144,-4.9727828277836394
WP_LEPTININSULIN_SIGNALING_OVERLAP,5.662800755953964,-7.23349456751313
WP_LEPTIN_AND_ADIPONECTIN,16.162069009400742,9.049902558395925
WP_LEPTIN_SIGNALING_PATHWAY,19.537420651843686,4.440904914876479
WP_LEUCINE_ISOLEUCINE_AND_VALINE_METABOLISM,11.311125858189113,12.771923729817173
WP_LEUKOCYTEINTRINSIC_HIPPO_PATHWAY_FUNCTIONS,17.970073340874308,-4.403964876263915
WP_LEUKOTRIENE_METABOLIC_PATHWAY,8.65145572524592,-10.580752934166783
WP_LINOLEIC_ACID_METABOLISM_AFFECTED_BY_SARSCOV2,13.30149969266099,12.220538234589746
WP_LIPID_METABOLISM_IN_SENESCENT_CELLS,-3.05161161131249,-1.6794393129920104
WP_LIPID_METABOLISM_PATHWAY,10.78146407306423,0.827298875919529
WP_LIPID_PARTICLES_COMPOSITION,11.8293557912832,17.02134314215977
WP_LIVER_X_RECEPTOR_PATHWAY,9.721202926790912,16.406883031783412
WP_LNCRNAMEDIATED_MECHANISMS_OF_THERAPEUTIC_RESISTANCE,21.35366644154814,9.035897076222867
WP_LNCRNA_IN_CANONICAL_WNT_SIGNALING_AND_COLORECTAL_CANCER,-1.8785121683816697,-2.1246195083000794
WP_LTF_DANGER_SIGNAL_RESPONSE_PATHWAY,-0.946039576936073,-6.858229889939736
WP_LUNG_FIBROSIS,-2.276098352052111,1.178661122873268
WP_MACROPHAGE_MARKERS,17.695703983192747,-5.882931266325198
WP_MAJOR_RECEPTORS_TARGETED_BY_EPINEPHRINE_AND_NOREPINEPHRINE,-8.438134858380796,3.6653799091068255
WP_MALE_INFERTILITY,-4.098708888490905,-4.999438644182334
WP_MALIGNANT_PLEURAL_MESOTHELIOMA,1.8135778817407027,-7.0167528998344455
WP_MAMMALIAN_DISORDER_OF_SEXUAL_DEVELOPMENT,-4.8899590321499975,3.015257509278501
WP_MAMMARY_GLAND_DEVELOPMENT_PATHWAY_EMBRYONIC_DEVELOPMENT_STAGE_1_OF_4,9.793490493051742,-8.697113737560569
WP_MAMMARY_GLAND_DEVELOPMENT_PATHWAY_INVOLUTION_STAGE_4_OF_4,19.202220285845044,14.583539154492723
WP_MAMMARY_GLAND_DEVELOPMENT_PATHWAY_PREGNANCY_AND_LACTATION_STAGE_3_OF_4,2.4963314706518855,-2.618004653311503
WP_MAMMARY_GLAND_DEVELOPMENT_PATHWAY_PUBERTY_STAGE_2_OF_4,11.683680747647404,-8.741863737011004
WP_MAP3K1_ROLE_IN_PROMOTING_AND_BLOCKING_GONADAL_DETERMINATION,10.25111465277396,-6.33421970476418
WP_MAPK_AND_NFKB_SIGNALING_PATHWAYS_INHIBITED_BY_YERSINIA_YOPJ,17.903995331241553,-0.30636562770313175
WP_MAPK_CASCADE,17.00735235948328,3.73576231693589
WP_MAPK_PATHWAY_IN_CONGENITAL_THYROID_CANCER,18.326599567374974,-1.8773303170947575
WP_MAPK_SIGNALING_PATHWAY,3.054240018912476,-5.900313739293604
WP_MARKERS_OF_KIDNEY_CELL_LINEAGE,-5.357975105370729,0.963643582435793
WP_MATRIX_METALLOPROTEINASES,-1.0504317424702911,0.788005859217967
WP_MBDNF_AND_PROBDNF_REGULATION_OF_GABA_NEUROTRANSMISSION,-6.594053943534041,-0.6239090609656339
WP_MEASLES_VIRUS_INFECTION,6.581915019624535,-8.638531751909058
WP_MECHANOREGULATION_AND_PATHOLOGY_OF_YAPTAZ_VIA_HIPPO_AND_NONHIPPO_MECHANISMS,11.494638822862978,-6.532704989950753
WP_MECP2_AND_ASSOCIATED_RETT_SYNDROME,-0.5415535647584617,-1.8655803190589264
WP_MED_AND_PSEUDOACHONDROPLASIA_GENES,-3.9476014001838857,7.444990286364395
WP_MELANOMA,14.37884840077631,-1.9547474868294432
WP_MELATONIN_METABOLISM_AND_EFFECTS,3.7344262304577556,-1.2634242047597046
WP_MESODERMAL_COMMITMENT_PATHWAY,-2.37649407222113,-3.035825936881742
WP_METABOLIC_PATHWAY_OF_LDL_HDL_AND_TG_INCLUDING_DISEASES,13.141377685520798,15.904781511633193
WP_METABOLIC_REPROGRAMMING_IN_COLON_CANCER,16.912038005607574,18.934061351538286
WP_METABOLIC_REPROGRAMMING_IN_PANCREATIC_CANCER,16.11862950612126,15.118632258826963
WP_METABOLISM_OF_ALPHALINOLENIC_ACID,-5.674377117634781,-5.181478394055283
WP_METABOLISM_OF_SPHINGOLIPIDS_IN_ER_AND_GOLGI_APPARATUS,0.33794839194677345,-4.530843908478045
WP_METAPATHWAY_BIOTRANSFORMATION_PHASE_I_AND_II,4.462082713548229,-0.25545305212484365
WP_METASTATIC_BRAIN_TUMOR,15.960619065545455,1.7315915589769781
WP_METHIONINE_DE_NOVO_AND_SALVAGE_PATHWAY,15.45844312111463,14.309920304367115
WP_METHIONINE_METABOLISM_LEADING_TO_SULFUR_AMINO_ACIDS_AND_RELATED_DISORDERS,9.920533203641178,14.576492620236671
WP_METHYLATION_PATHWAYS,14.55049268066774,17.245559214557627
WP_MET_IN_TYPE_1_PAPILLARY_RENAL_CELL_CARCINOMA,16.9284044335968,-0.8770482735985081
WP_MEVALONATE_ARM_OF_CHOLESTEROL_BIOSYNTHESIS_PATHWAY,13.72092983912885,16.20603389258137
WP_MEVALONATE_PATHWAY,12.461390262072447,16.983227114258707
WP_MFAP5MEDIATED_OVARIAN_CANCER_CELL_MOTILITY_AND_INVASIVENESS,13.440554691093881,-3.8550561551316505
WP_MFAP5_EFFECT_ON_PERMEABILITY_AND_MOTILITY_OF_ENDOTHELIAL_CELLS_VIA_CYTOSKELETON_REARRANGEMENT,12.810289141062034,-5.398862068323562
WP_MICROGLIA_PATHOGEN_PHAGOCYTOSIS_PATHWAY,7.325285855122689,-11.038394752558585
WP_MICRORNAS_IN_CARDIOMYOCYTE_HYPERTROPHY,6.112795803760316,-5.980232149034933
WP_MICRORNA_FOR_TARGETING_CANCER_GROWTH_AND_VASCULARIZATION_IN_GLIOBLASTOMA,21.923225444182464,1.1481292966539687
WP_MICROTUBULE_CYTOSKELETON_REGULATION,7.721034578564243,-3.402944509837465
WP_MINERALOCORTICOID_BIOSYNTHESIS,7.742140972819634,11.210642802418654
WP_MIR124_PREDICTED_INTERACTIONS_WITH_CELL_CYCLE_AND_DIFFERENTIATION,16.412342601711917,12.328384488373185
WP_MIR5093P_ALTERATION_OF_YAP1ECM_AXIS,22.099751187072926,0.8339022707488751
WP_MIR517_RELATIONSHIP_WITH_ARCN1_AND_USP1,13.222601616586399,19.12371251179931
WP_MIRNAS_INVOLVED_IN_DNA_DAMAGE_RESPONSE,9.9045819950916,0.18789135262015602
WP_MIRNA_BIOGENESIS,8.679441498670405,6.542793424915606
WP_MIRNA_REGULATION_OF_DNA_DAMAGE_RESPONSE,7.093504557723642,2.158313172662232
WP_MIRNA_REGULATION_OF_P53_PATHWAY_IN_PROSTATE_CANCER,14.358854310598808,2.3985206404444126
WP_MIRNA_REGULATION_OF_PROSTATE_CANCER_SIGNALING_PATHWAYS,16.297899779129583,2.1782653669654786
WP_MIRNA_ROLE_IN_IMMUNE_RESPONSE_IN_SEPSIS,13.878707299655465,-8.281590046078868
WP_MIRNA_TARGETS_IN_ECM_AND_MEMBRANE_RECEPTORS,23.072120577996866,5.549278921936088
WP_MITOCHONDRIAL_BETAOXIDATION,11.063337279656041,18.427802866490868
WP_MITOCHONDRIAL_COMPLEX_III_ASSEMBLY,15.546424032473157,18.68703361924149
WP_MITOCHONDRIAL_COMPLEX_II_ASSEMBLY,15.722817348897069,15.049551522796515
WP_MITOCHONDRIAL_COMPLEX_IV_ASSEMBLY,14.444246061891096,18.045197310022232
WP_MITOCHONDRIAL_COMPLEX_I_ASSEMBLY_MODEL_OXPHOS_SYSTEM,15.191892833552917,17.28429503712654
WP_MITOCHONDRIAL_GENE_EXPRESSION,8.440075204578685,-1.8507065280896018
WP_MITOCHONDRIAL_IMMUNE_RESPONSE_TO_SARSCOV2,12.542485727535478,-0.08058808635031228
WP_MITOCHONDRIAL_LONG_CHAIN_FATTY_ACID_BETAOXIDATION,10.634435600806809,16.86361886220411
WP_MODULATION_OF_PI3KAKTMTOR_SIGNALING_BY_BIOACTIVE_SPHINGOLIPIDS,7.9872477099159855,-6.618512035926664
WP_MODULATORS_OF_TCR_SIGNALING_AND_T_CELL_ACTIVATION,7.531325610231319,-10.457927751719524
WP_MOLYBDENUM_COFACTOR_MOCO_BIOSYNTHESIS,11.19745463556693,15.084027659826656
WP_MONOAMINE_GPCRS,-6.305772753891927,9.886610436452964
WP_MONOAMINE_TRANSPORT,-4.306103142561122,-5.595484725840177
WP_MRNA_PROCESSING,20.41800217510364,14.307576095454838
WP_MRNA_PROTEIN_AND_METABOLITE_INDUCATION_PATHWAY_BY_CYCLOSPORIN_A,19.67133056698825,12.816442287474285
WP_MRNA_VACCINE_ACTIVATION_OF_DENDRITIC_CELL_AND_INDUCTION_OF_IFN1,7.189709826301668,-8.925697528337102
WP_MTHFR_DEFICIENCY,10.571238271813508,2.551357228211571
WP_MYD88_DISTINCT_INPUTOUTPUT_PATHWAY,0.7684900092804257,-5.867120862973628
WP_MYOMETRIAL_RELAXATION_AND_CONTRACTION_PATHWAYS,4.965040246225249,-8.042868392750439
WP_NAD_BIOSYNTHESIS_II_FROM_TRYPTOPHAN,10.616520208790572,10.591424443070071
WP_NAD_BIOSYNTHETIC_PATHWAYS,9.248834257366344,7.262993277156819
WP_NAD_METABOLISM,5.842733130105695,-2.1608388301284007
WP_NAD_METABOLISM_IN_ONCOGENEINDUCED_SENESCENCE_AND_MITOCHONDRIAL_DYSFUNCTIONASSOCIATED_SENESCENCE,17.036361281433962,6.980465492557008
WP_NAD_METABOLISM_SIRTUINS_AND_AGING,17.389297958990177,0.48611146140518474
WP_NANOMATERIALINDUCED_INFLAMMASOME_ACTIVATION,4.549016376474685,-9.814732163043502
WP_NANOMATERIAL_INDUCED_APOPTOSIS,10.950552418528597,-7.448270348248961
WP_NANOPARTICLEMEDIATED_ACTIVATION_OF_RECEPTOR_SIGNALING,21.480745088543543,0.5868858485584112
WP_NANOPARTICLE_TRIGGERED_AUTOPHAGIC_CELL_DEATH,10.749396886289793,-0.5204847690878371
WP_NANOPARTICLE_TRIGGERED_REGULATED_NECROSIS,14.007247181815526,1.3255203193186298
WP_NCRNAS_INVOLVED_IN_STAT3_SIGNALING_IN_HEPATOCELLULAR_CARCINOMA,14.627421161552924,-5.926373188630923
WP_NCRNAS_INVOLVED_IN_WNT_SIGNALING_IN_HEPATOCELLULAR_CARCINOMA,-2.634409990201183,-2.0315028710360745
WP_NEOLACTO_SERIES_SPHINGOLIPID_METABOLISM,1.930977523598816,-4.673808809592935
WP_NEOVASCULARISATION_PROCESSES,9.414576986933072,-8.176107766631945
WP_NEPHROGENESIS,-5.474800509806912,7.202110970574754
WP_NEPHROTIC_SYNDROME,1.6624705047972859,-5.858566227161247
WP_NETRINUNC5B_SIGNALING_PATHWAY,15.51816649547189,-7.396396380206648
WP_NETWORK_MAP_OF_SARSCOV2_SIGNALING_PATHWAY,17.779390605263508,-2.530144706121456
WP_NEURAL_CREST_CELL_MIGRATION_DURING_DEVELOPMENT,-0.623417699027726,-7.905573104719555
WP_NEURAL_CREST_CELL_MIGRATION_IN_CANCER,-0.5162466873682214,-7.436241317758984
WP_NEURAL_CREST_DIFFERENTIATION,-6.676478167774967,-1.7368044644206235
WP_NEURODEGENERATION_WITH_BRAIN_IRON_ACCUMULATION_NBIA_SUBTYPES_PATHWAY,14.515394384759022,5.918571031998765
WP_NEUROGENESIS_REGULATION_IN_THE_OLFACTORY_EPITHELIUM,-2.699229318989687,-1.535423600329379
WP_NEUROINFLAMMATION,21.316141830603176,3.112507521710752
WP_NEUROINFLAMMATION_AND_GLUTAMATERGIC_SIGNALING,0.05998553549288688,-5.435917769915479
WP_NEUROTRANSMITTER_DISORDERS,-5.887838051788016,3.8330564685324493
WP_NICOTINE_EFFECT_ON_DOPAMINERGIC_NEURONS,-7.336325969897993,2.4561121900398883
WP_NIPBL_ROLE_IN_DNA_DAMAGE_CORNELIA_DE_LANGE_SYNDROME,3.7920678513552244,1.798131815937633
WP_NITRIC_OXIDE_METABOLISM_IN_CYSTIC_FIBROSIS,0.7126880136261691,-3.730933246868361
WP_NOCGMPPKG_MEDIATED_NEUROPROTECTION,-8.253246038829214,-0.36681863660364
WP_NODLIKE_RECEPTOR_NLR_SIGNALING_PATHWAY,12.0737205754748,-4.4275419875754025
WP_NONALCOHOLIC_FATTY_LIVER_DISEASE,14.733230557848291,12.755608208116996
WP_NONCLASSICAL_ROLE_OF_VITAMIN_D,-5.022621663731968,-5.6429427345487015
WP_NONGENOMIC_ACTIONS_OF_125_DIHYDROXYVITAMIN_D3,2.4142707714465805,-8.023469693828718
WP_NONHOMOLOGOUS_END_JOINING,4.511750079174291,-2.093369165105566
WP_NONSMALL_CELL_LUNG_CANCER,12.389193235216137,-2.704105425667512
WP_NOTCH1_REGULATION_OF_ENDOTHELIAL_CELL_CALCIFICATION,16.571856971435828,-5.0279097198891485
WP_NOTCH_SIGNALING,11.847085860337097,-6.364979074696887
WP_NOTCH_SIGNALING_PATHWAY,10.72714414543022,-9.04610930333417
WP_NOVEL_INTRACELLULAR_COMPONENTS_OF_RIGILIKE_RECEPTOR_PATHWAY,13.01565894451825,-8.251651909645187
WP_NRF2ARE_REGULATION,17.739825305363894,6.568245802262069
WP_NRF2_PATHWAY,6.314472398858681,-2.0918461899692957
WP_NRP1TRIGGERED_SIGNALING_PATHWAYS_IN_PANCREATIC_CANCER,17.111712268299804,-3.9643023325144435
WP_NSP1_FROM_SARSCOV2_INHIBITS_TRANSLATION_INITIATION_IN_THE_HOST_CELL,13.042766871729253,19.744765760975888
WP_NUCLEAR_RECEPTORS,4.862878803277407,-0.9032398702605217
WP_NUCLEAR_RECEPTORS_IN_LIPID_METABOLISM_AND_TOXICITY,8.28665408412341,10.077561432452192
WP_NUCLEAR_RECEPTORS_METAPATHWAY,8.855128264772484,7.107316648151537
WP_NUCLEOTIDEBINDING_OLIGOMERIZATION_DOMAIN_NOD_PATHWAY,-0.91291562769708,-0.7359307611622774
WP_NUCLEOTIDE_EXCISION_REPAIR,10.029923127649127,6.590878690705099
WP_NUCLEOTIDE_EXCISION_REPAIR_IN_XERODERMA_PIGMENTOSUM,9.724041143080592,6.108937979575465
WP_NUCLEOTIDE_GPCRS,-4.5002534688822395,6.561611941346102
WP_OLIGODENDROCYTE_SPECIFICATION_AND_DIFFERENTIATION_LEADING_TO_MYELIN_COMPONENTS_FOR_CNS,-7.7644762579317375,3.2416708015878513
WP_OMEGA3_OMEGA6_FATTY_ACID_SYNTHESIS,13.627130051877566,12.708976034398075
WP_OMEGA9_FATTY_ACID_SYNTHESIS,14.334508916741658,14.79918609853491
WP_ONCOSTATIN_M_SIGNALING_PATHWAY,20.92133206518768,7.137277560317656
WP_ONECARBON_METABOLISM,9.424677114952246,8.00815900545942
WP_OSTEOBLAST_DIFFERENTIATION_AND_RELATED_DISEASES,-6.003809095641336,0.1700873852698417
WP_OSTEOBLAST_SIGNALING,-0.9103476377598447,-8.554028602770444
WP_OSTEOCLAST_SIGNALING,1.3871401116671112,-8.745471152671584
WP_OSTEOPONTIN_SIGNALING,22.445757524297242,5.367646686771711
WP_OSX_AND_MIRNAS_IN_TOOTH_DEVELOPMENT,-5.779713176036546,-0.9156407923138208
WP_OVARIAN_INFERTILITY,-5.196396925579114,-1.4514612044016455
WP_OVERLAP_BETWEEN_SIGNAL_TRANSDUCTION_PATHWAYS_CONTRIBUTING_TO_LMNA_LAMINOPATHIES,15.097427394994098,-0.7639652459773267
WP_OVERVIEW_OF_INTERFERONSMEDIATED_SIGNALING_PATHWAY,-5.258452304409012,-0.22285210238452274
WP_OVERVIEW_OF_NANOPARTICLE_EFFECTS,2.996148554492076,-8.924363065715104
WP_OVERVIEW_OF_PROINFLAMMATORY_AND_PROFIBROTIC_MEDIATORS,-5.290397765070929,6.10273022762588
WP_OXIDATION_BY_CYTOCHROME_P450,3.2136931694253197,1.419429540651637
WP_OXIDATIVE_DAMAGE_RESPONSE,19.15727970449774,6.054177258208622
WP_OXIDATIVE_PHOSPHORYLATION,14.453626771507267,18.580881045820963
WP_OXIDATIVE_STRESS_RESPONSE,15.982349423318773,6.9263846030037515
WP_OXYSTEROLS_DERIVED_FROM_CHOLESTEROL,8.6106975277563,9.786044187832312
WP_P38_MAPK_SIGNALING_PATHWAY,14.132333447160475,3.2242041358245386
WP_P53_TRANSCRIPTIONAL_GENE_NETWORK,9.055093686879355,-3.3416122386719103
WP_PANCREATIC_ADENOCARCINOMA_PATHWAY,15.943431291986927,-1.821877276074402
WP_PARKINSONS_DISEASE_PATHWAY,11.69067261561998,-2.094987736816541
WP_PARKINUBIQUITIN_PROTEASOMAL_SYSTEM_PATHWAY,15.595649638850071,5.923112422763324
WP_PATHOGENESIS_OF_SARSCOV2_MEDIATED_BY_NSP9NSP10_COMPLEX,-0.9456237995371126,2.805509780435574
WP_PATHOGENIC_ESCHERICHIA_COLI_INFECTION,22.55108112604259,7.595978902078079
WP_PATHWAYS_AFFECTED_IN_ADENOID_CYSTIC_CARCINOMA,2.447711960970644,-1.9310843334880337
WP_PATHWAYS_OF_NUCLEIC_ACID_METABOLISM_AND_INNATE_IMMUNE_SENSING,5.019513149518945,-8.923839398373666
WP_PDGFRBETA_PATHWAY,21.48281108269946,6.328313025970922
WP_PDGF_PATHWAY,21.718730229388395,11.101433724805398
WP_PENTOSE_PHOSPHATE_METABOLISM,15.663493404446582,19.436169071902437
WP_PENTOSE_PHOSPHATE_PATHWAY_IN_SENESCENT_CELLS,18.37023221516857,17.88040407468406
WP_PEPTIDE_GPCRS,-9.618106033571415,5.636892422385733
WP_PEROXIREDOXIN_2_INDUCED_OVARIAN_FAILURE,9.468803223189283,-2.578156064665083
WP_PERTURBATIONS_TO_HOSTCELL_AUTOPHAGY_INDUCED_BY_SARSCOV2_PROTEINS,16.067775903929824,13.834723319983393
WP_PHASE_I_BIOTRANSFORMATIONS_NON_P450,10.53080891582796,16.572484558922255
WP_PHOSPHODIESTERASES_IN_NEURONAL_FUNCTION,-9.113257831573526,5.032514917462418
WP_PHOSPHOINOSITIDES_METABOLISM,-2.5826656151079783,-5.941140593200466
WP_PHOTODYNAMIC_THERAPYINDUCED_AP1_SURVIVAL_SIGNALING,17.547068357396377,-1.632076109616945
WP_PHOTODYNAMIC_THERAPYINDUCED_HIF1_SURVIVAL_SIGNALING,20.872284297863935,2.9342862783596235
WP_PHOTODYNAMIC_THERAPYINDUCED_NFE2L2_NRF2_SURVIVAL_SIGNALING,15.10337571579937,13.661864441875746
WP_PHOTODYNAMIC_THERAPYINDUCED_NFKB_SURVIVAL_SIGNALING,3.456285561285958,-9.231836631659894
WP_PHOTODYNAMIC_THERAPYINDUCED_UNFOLDED_PROTEIN_RESPONSE,15.888050226098834,16.282036579493756
WP_PHYSICOCHEMICAL_FEATURES_AND_TOXICITYASSOCIATED_PATHWAYS,9.682951632772799,-4.166501583402181
WP_PHYSIOLOGICAL_AND_PATHOLOGICAL_HYPERTROPHY_OF_THE_HEART,19.28925251103383,1.6418268621208116
WP_PI3KAKTMTOR_SIGNALING_PATHWAY_AND_THERAPEUTIC_OPPORTUNITIES,9.47080802125038,-1.6826718610239546
WP_PI3KAKTMTOR_VITAMIN_D3_SIGNALING,0.09688630739168602,-6.163509741002566
WP_PI3KAKT_SIGNALING_PATHWAY,0.6499701391747417,-6.49451580234265
WP_PILOCYTIC_ASTROCYTOMA,18.377815022569056,2.6239266873604183
WP_PKCGAMMA_CALCIUM_SIGNALING_PATHWAY_IN_ATAXIA,-5.1268756198390335,5.904546158003264
WP_PLATELETMEDIATED_INTERACTIONS_WITH_VASCULAR_AND_CIRCULATING_CELLS,-0.9671719837485903,3.203227627996397
WP_PLURIPOTENT_STEM_CELL_DIFFERENTIATION_PATHWAY,-5.5921482962637095,3.288776499049575
WP_PPARALPHA_PATHWAY,12.989695578116963,16.69927505573348
WP_PPAR_SIGNALING_PATHWAY,9.420773379298794,9.710812824565922
WP_PRADERWILLI_AND_ANGELMAN_SYNDROME,-6.455404168968578,3.261893413595825
WP_PREGNANE_X_RECEPTOR_PATHWAY,9.42132092981433,10.67138727681229
WP_PREIMPLANTATION_EMBRYO,-5.491851591926899,-1.76143723263508
WP_PRIMARY_FOCAL_SEGMENTAL_GLOMERULOSCLEROSIS_FSGS,15.69296794090068,-5.602559000255505
WP_PRION_DISEASE_PATHWAY,19.102102203494375,-3.6615409436564015
WP_PROGERIAASSOCIATED_LIPODYSTROPHY,7.40145904111193,0.6391814739020174
WP_PROLACTIN_SIGNALING_PATHWAY,19.925282652040842,3.9059140798594396
WP_PROSTAGLANDIN_AND_LEUKOTRIENE_METABOLISM_IN_SENESCENCE,-2.063794605633749,0.7987340179320617
WP_PROSTAGLANDIN_SIGNALING,-2.0752982805252747,2.348446962605853
WP_PROSTAGLANDIN_SYNTHESIS_AND_REGULATION,-1.3804754264443937,-1.6245129892378034
WP_PROSURVIVAL_SIGNALING_OF_NEUROPROTECTIN_D1,18.473853801987318,5.780742449161507
WP_PROTEASOME_DEGRADATION,17.137475757384873,18.55660696938857
WP_PROTEOGLYCAN_BIOSYNTHESIS,18.78477534230871,-0.482050952585563
WP_PROXIMAL_TUBULE_TRANSPORT,3.5584682627817887,-1.5572539650418569
WP_PTDINS45P2_IN_CYTOKINESIS_PATHWAY,12.299826927397827,8.171649431973842
WP_PTF1A_RELATED_REGULATORY_PATHWAY,0.32621107884201983,-2.0531134767605623
WP_PURINERGIC_SIGNALING,-7.477154344753465,0.5711169462771265
WP_PURINE_METABOLISM,16.08801653912554,11.883770671180443
WP_PURINE_METABOLISM_AND_RELATED_DISORDERS,19.17101130269468,9.187812339452314
WP_PYRIMIDINE_METABOLISM,10.645089105549465,6.05513912864474
WP_PYRIMIDINE_METABOLISM_AND_RELATED_DISEASES,10.013222964494576,11.12435676674188
WP_QUERCETIN_AND_NFKB_AP1_INDUCED_APOPTOSIS,22.103611799072503,7.846561731624996
WP_RAC1PAK1P38MMP2_PATHWAY,17.529496171891964,-1.2252535302167287
WP_RALA_DOWNSTREAM_REGULATED_GENES,18.675733044065073,9.9911264849972
WP_RANKLRANK_SIGNALING_PATHWAY,17.6921701663125,-4.23980570475422
WP_RAS_AND_BRADYKININ_PATHWAYS_IN_COVID19,4.496581709973082,-0.9480087109016403
WP_RAS_SIGNALING,2.6847071090192216,-6.553691641558796
WP_REGUCALCIN_IN_PROXIMAL_TUBULE_EPITHELIAL_KIDNEY_CELLS,3.456952079209983,-5.4834577332139425
WP_REGULATION_OF_ACTIN_CYTOSKELETON,4.7646766441391515,-6.292170089966963
WP_REGULATION_OF_APOPTOSIS_BY_PARATHYROID_HORMONERELATED_PROTEIN,15.408615337280406,-1.6088898864736991
WP_REGULATION_OF_SISTER_CHROMATID_SEPARATION_AT_THE_METAPHASEANAPHASE_TRANSITION,5.2073548219081065,4.986102146386917
WP_REGULATION_OF_WNT_BCATENIN_SIGNALING_BY_SMALL_MOLECULE_COMPOUNDS,0.3975360630392283,-1.6092034498492933
WP_REGULATORY_CIRCUITS_OF_THE_STAT3_SIGNALING_PATHWAY,3.4163739890232048,-8.120900987240633
WP_RELATIONSHIP_BETWEEN_INFLAMMATION_COX2_AND_EGFR,-0.38115355285224384,-4.788845326777502
WP_RENINANGIOTENSINALDOSTERONE_SYSTEM_RAAS,-0.20660022360508135,0.4432294501493359
WP_RESISTIN_AS_A_REGULATOR_OF_INFLAMMATION,-1.3061769174219977,-6.100999269050179
WP_RESOLVIN_E1_AND_RESOLVIN_D1_SIGNALING_PATHWAYS_PROMOTING_INFLAMMATION_RESOLUTION,-5.308312021647098,2.692080546455962
WP_RETINOBLASTOMA_GENE_IN_CANCER,6.198824785137539,4.496419405985869
WP_RETINOL_METABOLISM,-5.273685853306647,-5.225515361799609
WP_RETT_SYNDROME_CAUSING_GENES,-3.9019752626794673,-1.9298119083322323
WP_RIBOFLAVIN_AND_COQ_DISORDERS,10.03668543989919,1.845719239494624
WP_ROBO4_AND_VEGF_SIGNALING_PATHWAYS_CROSSTALK,18.803178423346104,-2.2186746428366493
WP_ROLES_OF_CERAMIDES_IN_DEVELOPMENT_OF_INSULIN_RESISTANCE,8.316346784183915,-2.2104363714366753
WP_S1P_RECEPTOR_SIGNAL_TRANSDUCTION,8.193164812007998,-4.601531974780107
WP_SARSCOV2_ALTERING_ANGIOGENESIS_VIA_NRP1,20.86961722416387,1.5813200399529146
WP_SARSCOV2_AND_ACE2_RECEPTOR_MOLECULAR_MECHANISMS,1.5957217883127137,-1.5652506221499438
WP_SARSCOV2_AND_COVID19_PATHWAY,15.718948293661125,3.7988515485905077
WP_SARSCOV2_B117_VARIANT_ANTAGONISES_INNATE_IMMUNE_ACTIVATION,7.604412979675489,-2.4518420411055852
WP_SARSCOV2_INNATE_IMMUNITY_EVASION_AND_CELLSPECIFIC_IMMUNE_RESPONSE,7.1007605486334535,-9.886631080514839
WP_SARSCOV2_MITOCHONDRIAL_CHRONIC_OXIDATIVE_STRESS_AND_ENDOTHELIAL_DYSFUNCTION,9.894234859866753,-2.2434542785193727
WP_SARSCOV2_REPLICATION_ORGANELLE_FORMATION,6.093902432731471,-3.9694777998108624
WP_SARS_CORONAVIRUS_AND_INNATE_IMMUNITY,-0.4901442066726279,-3.8634558100173315
WP_SCFA_AND_SKELETAL_MUSCLE_SUBSTRATE_METABOLISM,-8.603945741814451,3.2588596406646375
WP_SECRETION_OF_HYDROCHLORIC_ACID_IN_PARIETAL_CELLS,-4.4394773864523,10.599161436464007
WP_SELECTIVE_EXPRESSION_OF_CHEMOKINE_RECEPTORS_DURING_TCELL_POLARIZATION,-2.1926207661916703,4.517927122277696
WP_SELENIUM_MICRONUTRIENT_NETWORK,14.418570966482106,13.001886352529331
WP_SERINE_METABOLISM,13.208883664917934,11.075408812524692
WP_SEROTONIN_AND_ANXIETY,-4.022275420171749,5.663858345452951
WP_SEROTONIN_AND_ANXIETYRELATED_EVENTS,-8.674806736619061,5.2238431927196896
WP_SEROTONIN_HTR1_GROUP_AND_FOS_PATHWAY,6.531417751630232,-4.983112970034247
WP_SEROTONIN_RECEPTOR_2_AND_ELKSRFGATA4_SIGNALING,12.766176742008845,-4.3064674036806165
WP_SEROTONIN_RECEPTOR_467_AND_NR3C_SIGNALING,17.584135379909043,0.24526955764085795
WP_SEROTONIN_TRANSPORTER_ACTIVITY,-2.589096182008332,0.2089082545076795
WP_SIGNAL_TRANSDUCTION_THROUGH_IL1R,13.36408834208969,-2.196071262565776
WP_SILDENAFIL_TREATMENT,-6.367823409282406,-2.2571182966250056
WP_SLEEP_REGULATION,-5.352712160558192,6.516596517064622
WP_SMALL_CELL_LUNG_CANCER,12.329419722232439,-6.211523407407616
WP_SMALL_LIGAND_GPCRS,-7.6228413525464,5.457075692761191
WP_SMC1SMC3_ROLE_IN_DNA_DAMAGE_CORNELIA_DE_LANGE_SYNDROME,3.0885070941041883,0.9753242664391572
WP_SOMATIC_SEX_DETERMINATION,-8.96777346650131,5.846456436895668
WP_SOMATROPH_AXIS_GH_AND_ITS_RELATIONSHIP_TO_DIETARY_RESTRICTION_AND_AGING,8.33322269825052,-5.912269752304112
WP_SOMITOGENESIS_IN_THE_CONTEXT_OF_SPONDYLOCOSTAL_DYSOSTOSIS,-7.145600304926053,5.611825419721366
WP_SPHINGOLIPID_METABOLISM_INTEGRATED_PATHWAY,15.653542918591862,-4.306324863324481
WP_SPHINGOLIPID_METABOLISM_IN_SENESCENCE,14.839488951287958,1.2475815506770427
WP_SPHINGOLIPID_METABOLISM_OVERVIEW,14.062951282439707,-2.5457874116939565
WP_SPHINGOLIPID_PATHWAY,15.47916340793849,-3.478886587946759
WP_SPINAL_CORD_INJURY,2.5066690066563315,-8.653744302368612
WP_SPLICING_FACTOR_NOVA_REGULATED_SYNAPTIC_PROTEINS,-3.0672950375755557,-2.629844803330047
WP_SREBF_AND_MIR33_IN_CHOLESTEROL_AND_LIPID_HOMEOSTASIS,14.941983287808567,14.437674203757561
WP_SRF_AND_MIRS_IN_SMOOTH_MUSCLE_DIFFERENTIATION_AND_PROLIFERATION,-0.9250940767628969,-5.248953097022481
WP_STATIN_INHIBITION_OF_CHOLESTEROL_PRODUCTION,13.072138832904598,15.574848238775676
WP_STEROID_BIOSYNTHESIS,7.76284910590976,8.456477974600466
WP_STEROID_HORMONE_PRECURSOR_BIOSYNTHESIS,9.111067860696666,10.469910198207122
WP_STEROL_REGULATORY_ELEMENTBINDING_PROTEINS_SREBP_SIGNALING,13.96441615577989,12.68376336252307
WP_STING_PATHWAY_IN_KAWASAKILIKE_DISEASE_AND_COVID19,3.334328017608749,-8.763334488957453
WP_STRIATED_MUSCLE_CONTRACTION_PATHWAY,-5.111730696034943,-0.7263701826264403
WP_SUDDEN_INFANT_DEATH_SYNDROME_SIDS_SUSCEPTIBILITY_PATHWAYS,-0.4298361064892667,-0.1768998949956108
WP_SULFATION_BIOTRANSFORMATION_REACTION,3.1632171782316725,-1.416918998913581
WP_SULINDAC_METABOLIC_PATHWAY,6.852243087012501,8.677255076008848
WP_SUPRESSION_OF_HMGB1_MEDIATED_INFLAMMATION_BY_THBD,22.495260215590783,8.01701638718821
WP_SYNAPTIC_SIGNALING_PATHWAYS_ASSOCIATED_WITH_AUTISM_SPECTRUM_DISORDER,-3.0047113894231687,-5.817216157830671
WP_SYNAPTIC_VESICLE_PATHWAY,-4.051091283289162,-4.027566244243459
WP_SYNTHESIS_OF_CERAMIDES_AND_1DEOXYCERAMIDES,7.859525216716642,-7.874127894817169
WP_TAMOXIFEN_METABOLISM,8.601449514758125,13.736275851083676
WP_TARGET_OF_RAPAMYCIN_SIGNALING,11.967923351935655,3.9542467911629786
WP_TCA_CYCLE_AKA_KREBS_OR_CITRIC_ACID_CYCLE,13.54778457618434,17.98189297894311
WP_TCA_CYCLE_AND_DEFICIENCY_OF_PYRUVATE_DEHYDROGENASE_COMPLEX_PDHC,13.190475714529864,18.315918683914326
WP_TCA_CYCLE_IN_SENESCENCE,16.68486496550402,7.447845204108246
WP_TCA_CYCLE_NUTRIENT_USE_AND_INVASIVENESS_OF_OVARIAN_CANCER,18.953148329344582,16.19459894898359
WP_TCELL_ACTIVATION_SARSCOV2,3.9489105533969964,-8.697404440350013
WP_TCELL_ANTIGEN_RECEPTOR_TCR_PATHWAY_DURING_STAPHYLOCOCCUS_AUREUS_INFECTION,4.049076341149087,-9.468106080621968
WP_TCELL_RECEPTOR_SIGNALING_PATHWAY,3.9650360101005835,-9.046445380984018
WP_TGFBETA_RECEPTOR_SIGNALING,10.755469958049986,-8.662034947488618
WP_TGFBETA_RECEPTOR_SIGNALING_IN_SKELETAL_DYSPLASIAS,10.442744934065084,-9.474606294937587
WP_TGFBETA_SIGNALING_IN_THYROID_CELLS_FOR_EPITHELIALMESENCHYMAL_TRANSITION,17.48012578659078,-2.2626479738172867
WP_TGFBETA_SIGNALING_PATHWAY,18.37075998045788,-0.2730129488245861
WP_TGIF_DISRUPTION_OF_SHH_SIGNALING,-8.03110434867676,2.094346941715136
WP_TH17_CELL_DIFFERENTIATION_PATHWAY,5.874115066916982,-9.41264087519744
WP_THERMOGENESIS,6.800588576711767,-4.526291317103787
WP_THIAMINE_METABOLIC_PATHWAYS,14.828150458982186,12.481276515848062
WP_THYMIC_STROMAL_LYMPHOPOIETIN_TSLP_SIGNALING_PATHWAY,18.72175297211204,-4.217173976688303
WP_THYROID_HORMONES_PRODUCTION_AND_PERIPHERAL_DOWNSTREAM_SIGNALING_EFFECTS,1.29361221594786,-0.725362613217577
WP_THYROID_STIMULATING_HORMONE_TSH_SIGNALING_PATHWAY,12.565810211799954,-3.358827718759808
WP_THYROXINE_THYROID_HORMONE_PRODUCTION,1.3153888595694645,-1.5207447257142626
WP_TLR4_SIGNALING_AND_TOLERANCE,14.251211949015936,-7.824712842433161
WP_TNFALPHA_SIGNALING_PATHWAY,15.728349623484462,4.122566150924573
WP_TNFRELATED_WEAK_INDUCER_OF_APOPTOSIS_TWEAK_SIGNALING_PATHWAY,19.472811791569775,4.166096917049185
WP_TOLLLIKE_RECEPTOR_SIGNALING_PATHWAY,7.267402562599194,-8.435275708165163
WP_TOLLLIKE_RECEPTOR_SIGNALING_RELATED_TO_MYD88,13.40709915341934,-8.458906684985765
WP_TP53_NETWORK,15.048757498125985,-1.2122722615946935
WP_TRANSCRIPTIONAL_ACTIVATION_BY_NRF2_IN_RESPONSE_TO_PHYTOCHEMICALS,15.2480880964795,6.43076914308005
WP_TRANSCRIPTIONAL_CASCADE_REGULATING_ADIPOGENESIS,17.129239139545863,2.0874517636087946
WP_TRANSCRIPTION_COFACTORS_SKI_AND_SKIL_PROTEIN_PARTNERS,10.466752825570493,-3.5016198356244144
WP_TRANSCRIPTION_FACTORS_REGULATE_MIRNAS_RELATED_TO_CARDIAC_HYPERTROPHY,13.129060266433433,-6.4185388825788054
WP_TRANSCRIPTION_FACTOR_REGULATION_IN_ADIPOGENESIS,8.020396387736085,0.09983496199513803
WP_TRANSLATION_FACTORS,16.626596848004272,18.487050257163983
WP_TRANSLATION_INHIBITORS_IN_CHRONICALLY_ACTIVATED_PDGFRA_CELLS,12.057142327284685,-0.5535892702968704
WP_TRANSSULFURATION_ONECARBON_METABOLISM_AND_RELATED_PATHWAYS,10.669130218099122,7.865448725358433
WP_TRANSSULFURATION_PATHWAY,12.5569252417511,13.021872075047098
WP_TRIACYLGLYCERIDE_SYNTHESIS,9.896219189250214,8.637093585782777
WP_TROP2_REGULATORY_SIGNALING,20.532222229330646,0.6848189554280238
WP_TRYPTOPHAN_CATABOLISM_LEADING_TO_NAD_PRODUCTION,9.015523515580345,0.6594822775324272
WP_TRYPTOPHAN_METABOLISM,9.937129486240757,9.589808263789363
WP_TUMOR_SUPPRESSOR_ACTIVITY_OF_SMARCB1,3.642505027334895,-0.03676971331302781
WP_TYPE_2_PAPILLARY_RENAL_CELL_CARCINOMA,17.91303761153566,-1.5839094675175833
WP_TYPE_III_INTERFERON_SIGNALING,13.998621363064396,-7.326942998015877
WP_TYPE_II_DIABETES_MELLITUS,1.7412081816594487,-0.4277579304801828
WP_TYPE_II_INTERFERON_SIGNALING,17.96535086234486,-5.527766634881589
WP_TYPE_I_COLLAGEN_SYNTHESIS_IN_THE_CONTEXT_OF_OSTEOGENESIS_IMPERFECTA,19.435328767776067,-1.9843898942864073
WP_TYPE_I_INTERFERON_INDUCTION_AND_SIGNALING_DURING_SARSCOV2_INFECTION,14.202598839039485,-8.390291762294178
WP_TYROBP_CAUSAL_NETWORK_IN_MICROGLIA,8.180743618325556,-10.987030339637977
WP_T_CELL_MODULATION_IN_PANCREATIC_CANCER,-0.1832276912891364,1.4146001640826098
WP_T_CELL_RECEPTOR_AND_COSTIMULATORY_SIGNALING,-1.2766803167709164,-7.381334501564983
WP_ULCERATIVE_COLITIS_SIGNALING,-2.9792536101096436,2.479340035150672
WP_UNFOLDED_PROTEIN_RESPONSE,19.09903450060304,6.67905956367763
WP_UREA_CYCLE_AND_ASSOCIATED_PATHWAYS,12.136615547850848,13.805266396948255
WP_UREA_CYCLE_AND_METABOLISM_OF_AMINO_GROUPS,13.18640348264851,16.432398963759947
WP_UREA_CYCLE_AND_RELATED_DISEASES,9.350404346793024,15.522723196971317
WP_VALPROIC_ACID_PATHWAY,11.007873944903807,18.121192364481672
WP_VASOPRESSINREGULATED_WATER_REABSORPTION,13.320270109949746,1.0082909048136064
WP_VEGFAVEGFR2_SIGNALING,20.359386579574192,6.061396596853293
WP_VITAMIN_A_AND_CAROTENOID_METABOLISM,2.5661456350764595,-1.1169033052706547
WP_VITAMIN_B12_DISORDERS,8.863261931078801,-1.3807102339768638
WP_VITAMIN_B12_METABOLISM,15.529853516306845,8.223550319423685
WP_VITAMIN_B6DEPENDENT_AND_RESPONSIVE_DISORDERS,9.360083955182544,8.680939352154205
WP_VITAMIN_DSENSITIVE_CALCIUM_SIGNALING_IN_DEPRESSION,-4.651659160575652,-0.9435451055100497
WP_VITAMIN_D_IN_INFLAMMATORY_DISEASES,18.54265193459449,-0.9487333412742107
WP_VITAMIN_D_METABOLISM,10.34758501869631,-0.3382493179188373
WP_VITAMIN_D_RECEPTOR_PATHWAY,-0.5909685080636453,-5.992562212636219
WP_VITAMIN_K_METABOLISM_AND_ACTIVATION_OF_DEPENDENT_PROTEINS,9.934437456691793,17.228159570593636
WP_WHITE_FAT_CELL_DIFFERENTIATION,10.66417942870788,-6.934397025386729
WP_WNTBETACATENIN_SIGNALING_PATHWAY_IN_LEUKEMIA,4.925018166501299,-4.59335936440462
WP_WNT_SIGNALING,-2.503607934658908,-0.5045059528287054
WP_WNT_SIGNALING_IN_KIDNEY_DISEASE,-3.4193225139055143,0.8365170594224177
WP_WNT_SIGNALING_PATHWAY,10.72624074338036,-1.7618040945681672
WP_WNT_SIGNALING_PATHWAY_AND_PLURIPOTENCY,-0.09395787035253034,-3.9992353827142164
WP_ZINC_HOMEOSTASIS,6.182968225691139,-1.5886540612134805
